genotype,file,behavior,start_time,duration
All_SocIso_SH,EH250416_SocIso_1_Ch2_MRC.xlsx,class_all_grooming,10.4,1.167
All_SocIso_SH,EH250416_SocIso_1_Ch2_MRC.xlsx,class_all_grooming,11.7,1.033
All_SocIso_SH,EH250416_SocIso_1_Ch2_MRC.xlsx,class_all_grooming,49.433,3.8
All_SocIso_SH,EH250416_SocIso_1_Ch2_MRC.xlsx,class_all_grooming,67.933,2.967
All_SocIso_SH,EH250416_SocIso_1_Ch2_MRC.xlsx,class_all_grooming,88.867,2.09999999999999
All_SocIso_SH,EH250416_SocIso_1_Ch2_MRC.xlsx,class_all_grooming,91,0.299999999999997
All_SocIso_SH,EH250416_SocIso_1_Ch2_MRC.xlsx,class_all_grooming,91.333,0.733999999999995
All_SocIso_SH,EH250416_SocIso_1_Ch2_MRC.xlsx,class_all_grooming,119.067,0.433000000000007
All_SocIso_SH,EH250416_SocIso_1_Ch2_MRC.xlsx,class_all_grooming,119.533,0.933999999999997
All_SocIso_SH,EH250416_SocIso_1_Ch2_MRC.xlsx,class_all_grooming,120.5,1
All_SocIso_SH,EH250416_SocIso_1_Ch2_MRC.xlsx,class_all_grooming,161.867,1.233
All_SocIso_SH,EH250416_SocIso_1_Ch2_MRC.xlsx,class_all_grooming,182.3,2.06699999999998
All_SocIso_SH,EH250416_SocIso_1_Ch2_MRC.xlsx,class_all_grooming,198.533,6.5
All_SocIso_SH,EH250416_SocIso_1_Ch2_MRC.xlsx,class_all_grooming,205.567,0.532999999999987
All_SocIso_SH,EH250416_SocIso_1_Ch2_MRC.xlsx,class_all_grooming,211.933,2.667
All_SocIso_SH,EH250416_SocIso_1_Ch2_MRC.xlsx,class_all_grooming,226.5,2.90000000000001
All_SocIso_SH,EH250416_SocIso_1_Ch2_MRC.xlsx,class_all_grooming,251.9,3.767
All_SocIso_SH,EH250416_SocIso_1_Ch2_MRC.xlsx,class_all_grooming,271.4,1.767
All_SocIso_SH,EH250416_SocIso_1_Ch2_MRC.xlsx,class_all_grooming,280.2,1.733
All_SocIso_SH,EH250416_SocIso_1_Ch2_MRC.xlsx,class_all_grooming,281.967,1.36600000000004
All_SocIso_SH,EH250416_SocIso_1_Ch2_MRC.xlsx,class_all_grooming,283.367,1.5
All_SocIso_SH,EH250416_SocIso_1_Ch2_MRC.xlsx,class_all_grooming,284.9,0.967000000000041
All_SocIso_SH,EH250416_SocIso_1_Ch2_MRC.xlsx,class_all_grooming,285.9,2.06700000000001
All_SocIso_SH,EH250416_SocIso_1_Ch2_MRC.xlsx,head,91,0.299999999999997
All_SocIso_SH,EH250416_SocIso_1_Ch2_MRC.xlsx,head,280.2,1.733
All_SocIso_SH,EH250416_SocIso_1_Ch2_MRC.xlsx,head,283.367,1.5
All_SocIso_SH,EH250416_SocIso_1_Ch2_MRC.xlsx,head,285.9,2.06700000000001
All_SocIso_SH,EH250416_SocIso_1_Ch2_MRC.xlsx,rubbing,10.4,1.167
All_SocIso_SH,EH250416_SocIso_1_Ch2_MRC.xlsx,rubbing,11.7,1.033
All_SocIso_SH,EH250416_SocIso_1_Ch2_MRC.xlsx,rubbing,49.433,3.8
All_SocIso_SH,EH250416_SocIso_1_Ch2_MRC.xlsx,rubbing,67.933,2.967
All_SocIso_SH,EH250416_SocIso_1_Ch2_MRC.xlsx,rubbing,88.867,2.09999999999999
All_SocIso_SH,EH250416_SocIso_1_Ch2_MRC.xlsx,rubbing,91.333,0.733999999999995
All_SocIso_SH,EH250416_SocIso_1_Ch2_MRC.xlsx,rubbing,119.067,0.433000000000007
All_SocIso_SH,EH250416_SocIso_1_Ch2_MRC.xlsx,rubbing,119.533,0.933999999999997
All_SocIso_SH,EH250416_SocIso_1_Ch2_MRC.xlsx,rubbing,120.5,1
All_SocIso_SH,EH250416_SocIso_1_Ch2_MRC.xlsx,rubbing,161.867,1.233
All_SocIso_SH,EH250416_SocIso_1_Ch2_MRC.xlsx,rubbing,182.3,2.06699999999998
All_SocIso_SH,EH250416_SocIso_1_Ch2_MRC.xlsx,rubbing,198.533,6.5
All_SocIso_SH,EH250416_SocIso_1_Ch2_MRC.xlsx,rubbing,205.567,0.532999999999987
All_SocIso_SH,EH250416_SocIso_1_Ch2_MRC.xlsx,rubbing,226.5,2.90000000000001
All_SocIso_SH,EH250416_SocIso_1_Ch2_MRC.xlsx,rubbing,251.9,3.767
All_SocIso_SH,EH250416_SocIso_1_Ch2_MRC.xlsx,rubbing,271.4,1.767
All_SocIso_SH,EH250416_SocIso_1_Ch2_MRC.xlsx,rubbing,281.967,1.36600000000004
All_SocIso_SH,EH250416_SocIso_1_Ch2_MRC.xlsx,rubbing,284.9,0.967000000000041
All_SocIso_SH,EH250416_SocIso_1_Ch2_MRC.xlsx,wing,211.933,2.667
All_SocIso_SH,EH250416_SocIso_1_Scoring_CH1_DL.xlsx,class_all_grooming,24.333,2.6
All_SocIso_SH,EH250416_SocIso_1_Scoring_CH1_DL.xlsx,class_all_grooming,41.833,1.734
All_SocIso_SH,EH250416_SocIso_1_Scoring_CH1_DL.xlsx,class_all_grooming,45.867,2.7
All_SocIso_SH,EH250416_SocIso_1_Scoring_CH1_DL.xlsx,class_all_grooming,60.5,0.799999999999997
All_SocIso_SH,EH250416_SocIso_1_Scoring_CH1_DL.xlsx,class_all_grooming,61.367,1.466
All_SocIso_SH,EH250416_SocIso_1_Scoring_CH1_DL.xlsx,class_all_grooming,78.833,1.7
All_SocIso_SH,EH250416_SocIso_1_Scoring_CH1_DL.xlsx,class_all_grooming,82.2,1.033
All_SocIso_SH,EH250416_SocIso_1_Scoring_CH1_DL.xlsx,class_all_grooming,92.067,2.16600000000001
All_SocIso_SH,EH250416_SocIso_1_Scoring_CH1_DL.xlsx,class_all_grooming,94.267,1.366
All_SocIso_SH,EH250416_SocIso_1_Scoring_CH1_DL.xlsx,class_all_grooming,97.733,1.8
All_SocIso_SH,EH250416_SocIso_1_Scoring_CH1_DL.xlsx,class_all_grooming,100.867,2.166
All_SocIso_SH,EH250416_SocIso_1_Scoring_CH1_DL.xlsx,class_all_grooming,106.967,5.366
All_SocIso_SH,EH250416_SocIso_1_Scoring_CH1_DL.xlsx,class_all_grooming,127.6,1.96700000000001
All_SocIso_SH,EH250416_SocIso_1_Scoring_CH1_DL.xlsx,class_all_grooming,139.067,1.53299999999999
All_SocIso_SH,EH250416_SocIso_1_Scoring_CH1_DL.xlsx,class_all_grooming,141.9,1.5
All_SocIso_SH,EH250416_SocIso_1_Scoring_CH1_DL.xlsx,class_all_grooming,144.6,3.13300000000001
All_SocIso_SH,EH250416_SocIso_1_Scoring_CH1_DL.xlsx,class_all_grooming,147.9,1.36699999999999
All_SocIso_SH,EH250416_SocIso_1_Scoring_CH1_DL.xlsx,class_all_grooming,149.3,0.766999999999996
All_SocIso_SH,EH250416_SocIso_1_Scoring_CH1_DL.xlsx,class_all_grooming,174.967,2.29999999999998
All_SocIso_SH,EH250416_SocIso_1_Scoring_CH1_DL.xlsx,class_all_grooming,183.033,1.36700000000002
All_SocIso_SH,EH250416_SocIso_1_Scoring_CH1_DL.xlsx,class_all_grooming,184.5,1.19999999999999
All_SocIso_SH,EH250416_SocIso_1_Scoring_CH1_DL.xlsx,class_all_grooming,185.733,0.533999999999992
All_SocIso_SH,EH250416_SocIso_1_Scoring_CH1_DL.xlsx,class_all_grooming,215.8,2.5
All_SocIso_SH,EH250416_SocIso_1_Scoring_CH1_DL.xlsx,class_all_grooming,219.733,2.23400000000001
All_SocIso_SH,EH250416_SocIso_1_Scoring_CH1_DL.xlsx,class_all_grooming,239.233,2.23400000000001
All_SocIso_SH,EH250416_SocIso_1_Scoring_CH1_DL.xlsx,class_all_grooming,249.4,1.59999999999999
All_SocIso_SH,EH250416_SocIso_1_Scoring_CH1_DL.xlsx,class_all_grooming,251.267,1.26599999999999
All_SocIso_SH,EH250416_SocIso_1_Scoring_CH1_DL.xlsx,class_all_grooming,252.567,0.400000000000006
All_SocIso_SH,EH250416_SocIso_1_Scoring_CH1_DL.xlsx,class_all_grooming,253,0.63300000000001
All_SocIso_SH,EH250416_SocIso_1_Scoring_CH1_DL.xlsx,class_all_grooming,253.667,0.233000000000004
All_SocIso_SH,EH250416_SocIso_1_Scoring_CH1_DL.xlsx,class_all_grooming,253.933,0.367000000000019
All_SocIso_SH,EH250416_SocIso_1_Scoring_CH1_DL.xlsx,class_all_grooming,254.333,0.599999999999994
All_SocIso_SH,EH250416_SocIso_1_Scoring_CH1_DL.xlsx,class_all_grooming,254.967,0.5
All_SocIso_SH,EH250416_SocIso_1_Scoring_CH1_DL.xlsx,class_all_grooming,255.5,0.699999999999989
All_SocIso_SH,EH250416_SocIso_1_Scoring_CH1_DL.xlsx,class_all_grooming,256.267,0.333000000000027
All_SocIso_SH,EH250416_SocIso_1_Scoring_CH1_DL.xlsx,class_all_grooming,256.633,1.46700000000004
All_SocIso_SH,EH250416_SocIso_1_Scoring_CH1_DL.xlsx,class_all_grooming,270.167,3.10000000000002
All_SocIso_SH,EH250416_SocIso_1_Scoring_CH1_DL.xlsx,head,252.567,0.400000000000006
All_SocIso_SH,EH250416_SocIso_1_Scoring_CH1_DL.xlsx,head,253.667,0.233000000000004
All_SocIso_SH,EH250416_SocIso_1_Scoring_CH1_DL.xlsx,head,254.333,0.599999999999994
All_SocIso_SH,EH250416_SocIso_1_Scoring_CH1_DL.xlsx,head,255.5,0.699999999999989
All_SocIso_SH,EH250416_SocIso_1_Scoring_CH1_DL.xlsx,head,256.267,0.333000000000027
All_SocIso_SH,EH250416_SocIso_1_Scoring_CH1_DL.xlsx,rubbing,24.333,2.6
All_SocIso_SH,EH250416_SocIso_1_Scoring_CH1_DL.xlsx,rubbing,41.833,1.734
All_SocIso_SH,EH250416_SocIso_1_Scoring_CH1_DL.xlsx,rubbing,45.867,2.7
All_SocIso_SH,EH250416_SocIso_1_Scoring_CH1_DL.xlsx,rubbing,60.5,0.799999999999997
All_SocIso_SH,EH250416_SocIso_1_Scoring_CH1_DL.xlsx,rubbing,61.367,1.466
All_SocIso_SH,EH250416_SocIso_1_Scoring_CH1_DL.xlsx,rubbing,78.833,1.7
All_SocIso_SH,EH250416_SocIso_1_Scoring_CH1_DL.xlsx,rubbing,82.2,1.033
All_SocIso_SH,EH250416_SocIso_1_Scoring_CH1_DL.xlsx,rubbing,92.067,2.16600000000001
All_SocIso_SH,EH250416_SocIso_1_Scoring_CH1_DL.xlsx,rubbing,94.267,1.366
All_SocIso_SH,EH250416_SocIso_1_Scoring_CH1_DL.xlsx,rubbing,97.733,1.8
All_SocIso_SH,EH250416_SocIso_1_Scoring_CH1_DL.xlsx,rubbing,127.6,1.96700000000001
All_SocIso_SH,EH250416_SocIso_1_Scoring_CH1_DL.xlsx,rubbing,139.067,1.53299999999999
All_SocIso_SH,EH250416_SocIso_1_Scoring_CH1_DL.xlsx,rubbing,141.9,1.5
All_SocIso_SH,EH250416_SocIso_1_Scoring_CH1_DL.xlsx,rubbing,144.6,3.13300000000001
All_SocIso_SH,EH250416_SocIso_1_Scoring_CH1_DL.xlsx,rubbing,147.9,1.36699999999999
All_SocIso_SH,EH250416_SocIso_1_Scoring_CH1_DL.xlsx,rubbing,149.3,0.766999999999996
All_SocIso_SH,EH250416_SocIso_1_Scoring_CH1_DL.xlsx,rubbing,174.967,2.29999999999998
All_SocIso_SH,EH250416_SocIso_1_Scoring_CH1_DL.xlsx,rubbing,183.033,1.36700000000002
All_SocIso_SH,EH250416_SocIso_1_Scoring_CH1_DL.xlsx,rubbing,184.5,1.19999999999999
All_SocIso_SH,EH250416_SocIso_1_Scoring_CH1_DL.xlsx,rubbing,185.733,0.533999999999992
All_SocIso_SH,EH250416_SocIso_1_Scoring_CH1_DL.xlsx,rubbing,215.8,2.5
All_SocIso_SH,EH250416_SocIso_1_Scoring_CH1_DL.xlsx,rubbing,219.733,2.23400000000001
All_SocIso_SH,EH250416_SocIso_1_Scoring_CH1_DL.xlsx,rubbing,239.233,2.23400000000001
All_SocIso_SH,EH250416_SocIso_1_Scoring_CH1_DL.xlsx,rubbing,249.4,1.59999999999999
All_SocIso_SH,EH250416_SocIso_1_Scoring_CH1_DL.xlsx,rubbing,251.267,1.26599999999999
All_SocIso_SH,EH250416_SocIso_1_Scoring_CH1_DL.xlsx,rubbing,253,0.63300000000001
All_SocIso_SH,EH250416_SocIso_1_Scoring_CH1_DL.xlsx,rubbing,253.933,0.367000000000019
All_SocIso_SH,EH250416_SocIso_1_Scoring_CH1_DL.xlsx,rubbing,254.967,0.5
All_SocIso_SH,EH250416_SocIso_1_Scoring_CH1_DL.xlsx,rubbing,256.633,1.46700000000004
All_SocIso_SH,EH250416_SocIso_1_Scoring_CH1_DL.xlsx,rubbing,270.167,3.10000000000002
All_SocIso_SH,EH250416_SocIso_1_Scoring_CH1_DL.xlsx,wing,100.867,2.166
All_SocIso_SH,EH250416_SocIso_1_Scoring_CH1_DL.xlsx,wing,106.967,5.366
All_SocIso_SH,EH250416_SocIso_2_Scoring_CH1_DL.xlsx,class_all_grooming,6.333,0.6
All_SocIso_SH,EH250416_SocIso_2_Scoring_CH1_DL.xlsx,class_all_grooming,7.033,2.567
All_SocIso_SH,EH250416_SocIso_2_Scoring_CH1_DL.xlsx,class_all_grooming,12.067,2.066
All_SocIso_SH,EH250416_SocIso_2_Scoring_CH1_DL.xlsx,class_all_grooming,14.433,1.534
All_SocIso_SH,EH250416_SocIso_2_Scoring_CH1_DL.xlsx,class_all_grooming,16,1.267
All_SocIso_SH,EH250416_SocIso_2_Scoring_CH1_DL.xlsx,class_all_grooming,17.5,1.733
All_SocIso_SH,EH250416_SocIso_2_Scoring_CH1_DL.xlsx,class_all_grooming,19.267,2.2
All_SocIso_SH,EH250416_SocIso_2_Scoring_CH1_DL.xlsx,class_all_grooming,21.5,0.533000000000001
All_SocIso_SH,EH250416_SocIso_2_Scoring_CH1_DL.xlsx,class_all_grooming,22.067,1.966
All_SocIso_SH,EH250416_SocIso_2_Scoring_CH1_DL.xlsx,class_all_grooming,24.067,0.5
All_SocIso_SH,EH250416_SocIso_2_Scoring_CH1_DL.xlsx,class_all_grooming,24.6,0.699999999999999
All_SocIso_SH,EH250416_SocIso_2_Scoring_CH1_DL.xlsx,class_all_grooming,25.333,0.600000000000001
All_SocIso_SH,EH250416_SocIso_2_Scoring_CH1_DL.xlsx,class_all_grooming,25.967,0.566000000000003
All_SocIso_SH,EH250416_SocIso_2_Scoring_CH1_DL.xlsx,class_all_grooming,26.567,0.466000000000001
All_SocIso_SH,EH250416_SocIso_2_Scoring_CH1_DL.xlsx,class_all_grooming,27.067,0.332999999999998
All_SocIso_SH,EH250416_SocIso_2_Scoring_CH1_DL.xlsx,class_all_grooming,27.433,0.434000000000001
All_SocIso_SH,EH250416_SocIso_2_Scoring_CH1_DL.xlsx,class_all_grooming,27.9,0.767000000000003
All_SocIso_SH,EH250416_SocIso_2_Scoring_CH1_DL.xlsx,class_all_grooming,28.7,0.367000000000001
All_SocIso_SH,EH250416_SocIso_2_Scoring_CH1_DL.xlsx,class_all_grooming,29.1,0.299999999999997
All_SocIso_SH,EH250416_SocIso_2_Scoring_CH1_DL.xlsx,class_all_grooming,29.433,1.034
All_SocIso_SH,EH250416_SocIso_2_Scoring_CH1_DL.xlsx,class_all_grooming,30.5,0.533000000000001
All_SocIso_SH,EH250416_SocIso_2_Scoring_CH1_DL.xlsx,class_all_grooming,31.067,1.433
All_SocIso_SH,EH250416_SocIso_2_Scoring_CH1_DL.xlsx,class_all_grooming,32.533,0.433999999999997
All_SocIso_SH,EH250416_SocIso_2_Scoring_CH1_DL.xlsx,class_all_grooming,33,2.933
All_SocIso_SH,EH250416_SocIso_2_Scoring_CH1_DL.xlsx,class_all_grooming,35.967,0.700000000000003
All_SocIso_SH,EH250416_SocIso_2_Scoring_CH1_DL.xlsx,class_all_grooming,37.8,2.1
All_SocIso_SH,EH250416_SocIso_2_Scoring_CH1_DL.xlsx,class_all_grooming,40.4,4.467
All_SocIso_SH,EH250416_SocIso_2_Scoring_CH1_DL.xlsx,class_all_grooming,44.933,0.533999999999999
All_SocIso_SH,EH250416_SocIso_2_Scoring_CH1_DL.xlsx,class_all_grooming,86.333,1.134
All_SocIso_SH,EH250416_SocIso_2_Scoring_CH1_DL.xlsx,class_all_grooming,89.367,3.133
All_SocIso_SH,EH250416_SocIso_2_Scoring_CH1_DL.xlsx,class_all_grooming,94.667,0.332999999999998
All_SocIso_SH,EH250416_SocIso_2_Scoring_CH1_DL.xlsx,class_all_grooming,95.567,1.40000000000001
All_SocIso_SH,EH250416_SocIso_2_Scoring_CH1_DL.xlsx,class_all_grooming,102,1.333
All_SocIso_SH,EH250416_SocIso_2_Scoring_CH1_DL.xlsx,class_all_grooming,103.367,0.432999999999993
All_SocIso_SH,EH250416_SocIso_2_Scoring_CH1_DL.xlsx,class_all_grooming,132.267,0.5
All_SocIso_SH,EH250416_SocIso_2_Scoring_CH1_DL.xlsx,class_all_grooming,132.8,1.667
All_SocIso_SH,EH250416_SocIso_2_Scoring_CH1_DL.xlsx,class_all_grooming,135.333,2.667
All_SocIso_SH,EH250416_SocIso_2_Scoring_CH1_DL.xlsx,class_all_grooming,138.3,3.63299999999998
All_SocIso_SH,EH250416_SocIso_2_Scoring_CH1_DL.xlsx,class_all_grooming,149.1,1.90000000000001
All_SocIso_SH,EH250416_SocIso_2_Scoring_CH1_DL.xlsx,class_all_grooming,152.033,1.10000000000002
All_SocIso_SH,EH250416_SocIso_2_Scoring_CH1_DL.xlsx,class_all_grooming,153.167,1.09999999999999
All_SocIso_SH,EH250416_SocIso_2_Scoring_CH1_DL.xlsx,class_all_grooming,155.333,0.400000000000006
All_SocIso_SH,EH250416_SocIso_2_Scoring_CH1_DL.xlsx,class_all_grooming,155.767,1.03300000000002
All_SocIso_SH,EH250416_SocIso_2_Scoring_CH1_DL.xlsx,class_all_grooming,156.833,0.699999999999989
All_SocIso_SH,EH250416_SocIso_2_Scoring_CH1_DL.xlsx,class_all_grooming,157.567,0.365999999999985
All_SocIso_SH,EH250416_SocIso_2_Scoring_CH1_DL.xlsx,class_all_grooming,158.3,1.667
All_SocIso_SH,EH250416_SocIso_2_Scoring_CH1_DL.xlsx,class_all_grooming,160.133,2.23399999999998
All_SocIso_SH,EH250416_SocIso_2_Scoring_CH1_DL.xlsx,class_all_grooming,162.4,0.36699999999999
All_SocIso_SH,EH250416_SocIso_2_Scoring_CH1_DL.xlsx,class_all_grooming,163.833,1.03399999999999
All_SocIso_SH,EH250416_SocIso_2_Scoring_CH1_DL.xlsx,class_all_grooming,165.4,0.466999999999985
All_SocIso_SH,EH250416_SocIso_2_Scoring_CH1_DL.xlsx,class_all_grooming,165.9,1.19999999999999
All_SocIso_SH,EH250416_SocIso_2_Scoring_CH1_DL.xlsx,class_all_grooming,167.133,0.167000000000002
All_SocIso_SH,EH250416_SocIso_2_Scoring_CH1_DL.xlsx,class_all_grooming,167.433,2.5
All_SocIso_SH,EH250416_SocIso_2_Scoring_CH1_DL.xlsx,class_all_grooming,170.167,0.800000000000011
All_SocIso_SH,EH250416_SocIso_2_Scoring_CH1_DL.xlsx,class_all_grooming,171.1,1.233
All_SocIso_SH,EH250416_SocIso_2_Scoring_CH1_DL.xlsx,class_all_grooming,172.367,0.600000000000023
All_SocIso_SH,EH250416_SocIso_2_Scoring_CH1_DL.xlsx,class_all_grooming,173,0.5
All_SocIso_SH,EH250416_SocIso_2_Scoring_CH1_DL.xlsx,class_all_grooming,173.567,0.532999999999987
All_SocIso_SH,EH250416_SocIso_2_Scoring_CH1_DL.xlsx,class_all_grooming,174.233,0.36699999999999
All_SocIso_SH,EH250416_SocIso_2_Scoring_CH1_DL.xlsx,class_all_grooming,174.633,0.633999999999986
All_SocIso_SH,EH250416_SocIso_2_Scoring_CH1_DL.xlsx,class_all_grooming,175.3,0.699999999999989
All_SocIso_SH,EH250416_SocIso_2_Scoring_CH1_DL.xlsx,class_all_grooming,176.533,0.700000000000017
All_SocIso_SH,EH250416_SocIso_2_Scoring_CH1_DL.xlsx,class_all_grooming,177.267,0.832999999999998
All_SocIso_SH,EH250416_SocIso_2_Scoring_CH1_DL.xlsx,class_all_grooming,178.133,0.334000000000003
All_SocIso_SH,EH250416_SocIso_2_Scoring_CH1_DL.xlsx,class_all_grooming,178.5,0.233000000000004
All_SocIso_SH,EH250416_SocIso_2_Scoring_CH1_DL.xlsx,class_all_grooming,178.767,0.0999999999999943
All_SocIso_SH,EH250416_SocIso_2_Scoring_CH1_DL.xlsx,class_all_grooming,178.9,0.332999999999998
All_SocIso_SH,EH250416_SocIso_2_Scoring_CH1_DL.xlsx,class_all_grooming,232.067,2.09999999999999
All_SocIso_SH,EH250416_SocIso_2_Scoring_CH1_DL.xlsx,class_all_grooming,241.933,0.700000000000017
All_SocIso_SH,EH250416_SocIso_2_Scoring_CH1_DL.xlsx,class_all_grooming,242.833,3.167
All_SocIso_SH,EH250416_SocIso_2_Scoring_CH1_DL.xlsx,class_all_grooming,246.367,3.666
All_SocIso_SH,EH250416_SocIso_2_Scoring_CH1_DL.xlsx,class_all_grooming,250.067,0.832999999999998
All_SocIso_SH,EH250416_SocIso_2_Scoring_CH1_DL.xlsx,class_all_grooming,286.8,4.233
All_SocIso_SH,EH250416_SocIso_2_Scoring_CH1_DL.xlsx,class_all_grooming,291.067,1.06599999999997
All_SocIso_SH,EH250416_SocIso_2_Scoring_CH1_DL.xlsx,class_all_grooming,292.167,0.43300000000005
All_SocIso_SH,EH250416_SocIso_2_Scoring_CH1_DL.xlsx,class_all_grooming,292.633,0.766999999999996
All_SocIso_SH,EH250416_SocIso_2_Scoring_CH1_DL.xlsx,class_all_grooming,293.433,0.634000000000015
All_SocIso_SH,EH250416_SocIso_2_Scoring_CH1_DL.xlsx,class_all_grooming,294.1,0.799999999999955
All_SocIso_SH,EH250416_SocIso_2_Scoring_CH1_DL.xlsx,class_all_grooming,295.033,0.633999999999958
All_SocIso_SH,EH250416_SocIso_2_Scoring_CH1_DL.xlsx,class_all_grooming,297.767,0.76600000000002
All_SocIso_SH,EH250416_SocIso_2_Scoring_CH1_DL.xlsx,head,6.333,0.6
All_SocIso_SH,EH250416_SocIso_2_Scoring_CH1_DL.xlsx,head,21.5,0.533000000000001
All_SocIso_SH,EH250416_SocIso_2_Scoring_CH1_DL.xlsx,head,24.067,0.5
All_SocIso_SH,EH250416_SocIso_2_Scoring_CH1_DL.xlsx,head,25.333,0.600000000000001
All_SocIso_SH,EH250416_SocIso_2_Scoring_CH1_DL.xlsx,head,26.567,0.466000000000001
All_SocIso_SH,EH250416_SocIso_2_Scoring_CH1_DL.xlsx,head,27.433,0.434000000000001
All_SocIso_SH,EH250416_SocIso_2_Scoring_CH1_DL.xlsx,head,28.7,0.367000000000001
All_SocIso_SH,EH250416_SocIso_2_Scoring_CH1_DL.xlsx,head,29.433,1.034
All_SocIso_SH,EH250416_SocIso_2_Scoring_CH1_DL.xlsx,head,31.067,1.433
All_SocIso_SH,EH250416_SocIso_2_Scoring_CH1_DL.xlsx,head,33,2.933
All_SocIso_SH,EH250416_SocIso_2_Scoring_CH1_DL.xlsx,head,157.567,0.365999999999985
All_SocIso_SH,EH250416_SocIso_2_Scoring_CH1_DL.xlsx,head,167.133,0.167000000000002
All_SocIso_SH,EH250416_SocIso_2_Scoring_CH1_DL.xlsx,head,171.1,1.233
All_SocIso_SH,EH250416_SocIso_2_Scoring_CH1_DL.xlsx,head,173,0.5
All_SocIso_SH,EH250416_SocIso_2_Scoring_CH1_DL.xlsx,head,173.567,0.532999999999987
All_SocIso_SH,EH250416_SocIso_2_Scoring_CH1_DL.xlsx,head,174.233,0.36699999999999
All_SocIso_SH,EH250416_SocIso_2_Scoring_CH1_DL.xlsx,head,175.3,0.699999999999989
All_SocIso_SH,EH250416_SocIso_2_Scoring_CH1_DL.xlsx,head,176.533,0.700000000000017
All_SocIso_SH,EH250416_SocIso_2_Scoring_CH1_DL.xlsx,head,178.133,0.334000000000003
All_SocIso_SH,EH250416_SocIso_2_Scoring_CH1_DL.xlsx,head,178.767,0.0999999999999943
All_SocIso_SH,EH250416_SocIso_2_Scoring_CH1_DL.xlsx,rubbing,7.033,2.567
All_SocIso_SH,EH250416_SocIso_2_Scoring_CH1_DL.xlsx,rubbing,12.067,2.066
All_SocIso_SH,EH250416_SocIso_2_Scoring_CH1_DL.xlsx,rubbing,14.433,1.534
All_SocIso_SH,EH250416_SocIso_2_Scoring_CH1_DL.xlsx,rubbing,16,1.267
All_SocIso_SH,EH250416_SocIso_2_Scoring_CH1_DL.xlsx,rubbing,17.5,1.733
All_SocIso_SH,EH250416_SocIso_2_Scoring_CH1_DL.xlsx,rubbing,19.267,2.2
All_SocIso_SH,EH250416_SocIso_2_Scoring_CH1_DL.xlsx,rubbing,22.067,1.966
All_SocIso_SH,EH250416_SocIso_2_Scoring_CH1_DL.xlsx,rubbing,24.6,0.699999999999999
All_SocIso_SH,EH250416_SocIso_2_Scoring_CH1_DL.xlsx,rubbing,25.967,0.566000000000003
All_SocIso_SH,EH250416_SocIso_2_Scoring_CH1_DL.xlsx,rubbing,27.067,0.332999999999998
All_SocIso_SH,EH250416_SocIso_2_Scoring_CH1_DL.xlsx,rubbing,27.9,0.767000000000003
All_SocIso_SH,EH250416_SocIso_2_Scoring_CH1_DL.xlsx,rubbing,29.1,0.299999999999997
All_SocIso_SH,EH250416_SocIso_2_Scoring_CH1_DL.xlsx,rubbing,30.5,0.533000000000001
All_SocIso_SH,EH250416_SocIso_2_Scoring_CH1_DL.xlsx,rubbing,32.533,0.433999999999997
All_SocIso_SH,EH250416_SocIso_2_Scoring_CH1_DL.xlsx,rubbing,35.967,0.700000000000003
All_SocIso_SH,EH250416_SocIso_2_Scoring_CH1_DL.xlsx,rubbing,44.933,0.533999999999999
All_SocIso_SH,EH250416_SocIso_2_Scoring_CH1_DL.xlsx,rubbing,86.333,1.134
All_SocIso_SH,EH250416_SocIso_2_Scoring_CH1_DL.xlsx,rubbing,89.367,3.133
All_SocIso_SH,EH250416_SocIso_2_Scoring_CH1_DL.xlsx,rubbing,94.667,0.332999999999998
All_SocIso_SH,EH250416_SocIso_2_Scoring_CH1_DL.xlsx,rubbing,95.567,1.40000000000001
All_SocIso_SH,EH250416_SocIso_2_Scoring_CH1_DL.xlsx,rubbing,102,1.333
All_SocIso_SH,EH250416_SocIso_2_Scoring_CH1_DL.xlsx,rubbing,103.367,0.432999999999993
All_SocIso_SH,EH250416_SocIso_2_Scoring_CH1_DL.xlsx,rubbing,132.267,0.5
All_SocIso_SH,EH250416_SocIso_2_Scoring_CH1_DL.xlsx,rubbing,132.8,1.667
All_SocIso_SH,EH250416_SocIso_2_Scoring_CH1_DL.xlsx,rubbing,135.333,2.667
All_SocIso_SH,EH250416_SocIso_2_Scoring_CH1_DL.xlsx,rubbing,138.3,3.63299999999998
All_SocIso_SH,EH250416_SocIso_2_Scoring_CH1_DL.xlsx,rubbing,149.1,1.90000000000001
All_SocIso_SH,EH250416_SocIso_2_Scoring_CH1_DL.xlsx,rubbing,152.033,1.10000000000002
All_SocIso_SH,EH250416_SocIso_2_Scoring_CH1_DL.xlsx,rubbing,153.167,1.09999999999999
All_SocIso_SH,EH250416_SocIso_2_Scoring_CH1_DL.xlsx,rubbing,155.333,0.400000000000006
All_SocIso_SH,EH250416_SocIso_2_Scoring_CH1_DL.xlsx,rubbing,155.767,1.03300000000002
All_SocIso_SH,EH250416_SocIso_2_Scoring_CH1_DL.xlsx,rubbing,156.833,0.699999999999989
All_SocIso_SH,EH250416_SocIso_2_Scoring_CH1_DL.xlsx,rubbing,158.3,1.667
All_SocIso_SH,EH250416_SocIso_2_Scoring_CH1_DL.xlsx,rubbing,160.133,2.23399999999998
All_SocIso_SH,EH250416_SocIso_2_Scoring_CH1_DL.xlsx,rubbing,162.4,0.36699999999999
All_SocIso_SH,EH250416_SocIso_2_Scoring_CH1_DL.xlsx,rubbing,163.833,1.03399999999999
All_SocIso_SH,EH250416_SocIso_2_Scoring_CH1_DL.xlsx,rubbing,165.4,0.466999999999985
All_SocIso_SH,EH250416_SocIso_2_Scoring_CH1_DL.xlsx,rubbing,165.9,1.19999999999999
All_SocIso_SH,EH250416_SocIso_2_Scoring_CH1_DL.xlsx,rubbing,167.433,2.5
All_SocIso_SH,EH250416_SocIso_2_Scoring_CH1_DL.xlsx,rubbing,170.167,0.800000000000011
All_SocIso_SH,EH250416_SocIso_2_Scoring_CH1_DL.xlsx,rubbing,172.367,0.600000000000023
All_SocIso_SH,EH250416_SocIso_2_Scoring_CH1_DL.xlsx,rubbing,174.633,0.633999999999986
All_SocIso_SH,EH250416_SocIso_2_Scoring_CH1_DL.xlsx,rubbing,177.267,0.832999999999998
All_SocIso_SH,EH250416_SocIso_2_Scoring_CH1_DL.xlsx,rubbing,178.5,0.233000000000004
All_SocIso_SH,EH250416_SocIso_2_Scoring_CH1_DL.xlsx,rubbing,178.9,0.332999999999998
All_SocIso_SH,EH250416_SocIso_2_Scoring_CH1_DL.xlsx,rubbing,232.067,2.09999999999999
All_SocIso_SH,EH250416_SocIso_2_Scoring_CH1_DL.xlsx,rubbing,241.933,0.700000000000017
All_SocIso_SH,EH250416_SocIso_2_Scoring_CH1_DL.xlsx,rubbing,242.833,3.167
All_SocIso_SH,EH250416_SocIso_2_Scoring_CH1_DL.xlsx,rubbing,246.367,3.666
All_SocIso_SH,EH250416_SocIso_2_Scoring_CH1_DL.xlsx,rubbing,250.067,0.832999999999998
All_SocIso_SH,EH250416_SocIso_2_Scoring_CH1_DL.xlsx,rubbing,286.8,4.233
All_SocIso_SH,EH250416_SocIso_2_Scoring_CH1_DL.xlsx,rubbing,291.067,1.06599999999997
All_SocIso_SH,EH250416_SocIso_2_Scoring_CH1_DL.xlsx,rubbing,292.167,0.43300000000005
All_SocIso_SH,EH250416_SocIso_2_Scoring_CH1_DL.xlsx,rubbing,292.633,0.766999999999996
All_SocIso_SH,EH250416_SocIso_2_Scoring_CH1_DL.xlsx,rubbing,293.433,0.634000000000015
All_SocIso_SH,EH250416_SocIso_2_Scoring_CH1_DL.xlsx,rubbing,294.1,0.799999999999955
All_SocIso_SH,EH250416_SocIso_2_Scoring_CH1_DL.xlsx,rubbing,295.033,0.633999999999958
All_SocIso_SH,EH250416_SocIso_2_Scoring_CH1_DL.xlsx,rubbing,297.767,0.76600000000002
All_SocIso_SH,EH250416_SocIso_2_Scoring_CH1_DL.xlsx,wing,37.8,2.1
All_SocIso_SH,EH250416_SocIso_2_Scoring_CH1_DL.xlsx,wing,40.4,4.467
All_SocIso_SH,EH250416_SocIso_3_Ch1_MRC.xlsx,abdominal,54.633,0.733999999999995
All_SocIso_SH,EH250416_SocIso_3_Ch1_MRC.xlsx,abdominal,242.267,0.566000000000003
All_SocIso_SH,EH250416_SocIso_3_Ch1_MRC.xlsx,abdominal,295.133,0.400000000000034
All_SocIso_SH,EH250416_SocIso_3_Ch1_MRC.xlsx,class_all_grooming,13.967,1.433
All_SocIso_SH,EH250416_SocIso_3_Ch1_MRC.xlsx,class_all_grooming,33.6,1.367
All_SocIso_SH,EH250416_SocIso_3_Ch1_MRC.xlsx,class_all_grooming,35,0.866999999999997
All_SocIso_SH,EH250416_SocIso_3_Ch1_MRC.xlsx,class_all_grooming,35.9,0.667000000000002
All_SocIso_SH,EH250416_SocIso_3_Ch1_MRC.xlsx,class_all_grooming,48.6,0.600000000000001
All_SocIso_SH,EH250416_SocIso_3_Ch1_MRC.xlsx,class_all_grooming,54.633,0.733999999999995
All_SocIso_SH,EH250416_SocIso_3_Ch1_MRC.xlsx,class_all_grooming,62.3,0.767000000000003
All_SocIso_SH,EH250416_SocIso_3_Ch1_MRC.xlsx,class_all_grooming,76.433,1.434
All_SocIso_SH,EH250416_SocIso_3_Ch1_MRC.xlsx,class_all_grooming,88.167,1.566
All_SocIso_SH,EH250416_SocIso_3_Ch1_MRC.xlsx,class_all_grooming,89.767,0.566000000000003
All_SocIso_SH,EH250416_SocIso_3_Ch1_MRC.xlsx,class_all_grooming,90.367,0.566000000000003
All_SocIso_SH,EH250416_SocIso_3_Ch1_MRC.xlsx,class_all_grooming,90.967,0.132999999999996
All_SocIso_SH,EH250416_SocIso_3_Ch1_MRC.xlsx,class_all_grooming,98.567,0.733000000000004
All_SocIso_SH,EH250416_SocIso_3_Ch1_MRC.xlsx,class_all_grooming,110.533,1.3
All_SocIso_SH,EH250416_SocIso_3_Ch1_MRC.xlsx,class_all_grooming,133.767,0.900000000000006
All_SocIso_SH,EH250416_SocIso_3_Ch1_MRC.xlsx,class_all_grooming,136.933,1.86700000000002
All_SocIso_SH,EH250416_SocIso_3_Ch1_MRC.xlsx,class_all_grooming,154.833,2.30000000000001
All_SocIso_SH,EH250416_SocIso_3_Ch1_MRC.xlsx,class_all_grooming,161.7,1.833
All_SocIso_SH,EH250416_SocIso_3_Ch1_MRC.xlsx,class_all_grooming,163.567,0.400000000000006
All_SocIso_SH,EH250416_SocIso_3_Ch1_MRC.xlsx,class_all_grooming,164,0.5
All_SocIso_SH,EH250416_SocIso_3_Ch1_MRC.xlsx,class_all_grooming,164.533,0.567000000000007
All_SocIso_SH,EH250416_SocIso_3_Ch1_MRC.xlsx,class_all_grooming,165.133,0.533999999999992
All_SocIso_SH,EH250416_SocIso_3_Ch1_MRC.xlsx,class_all_grooming,165.7,0.533000000000015
All_SocIso_SH,EH250416_SocIso_3_Ch1_MRC.xlsx,class_all_grooming,168.733,1.36699999999999
All_SocIso_SH,EH250416_SocIso_3_Ch1_MRC.xlsx,class_all_grooming,170.133,0.73399999999998
All_SocIso_SH,EH250416_SocIso_3_Ch1_MRC.xlsx,class_all_grooming,170.9,0.799999999999983
All_SocIso_SH,EH250416_SocIso_3_Ch1_MRC.xlsx,class_all_grooming,171.733,0.567000000000007
All_SocIso_SH,EH250416_SocIso_3_Ch1_MRC.xlsx,class_all_grooming,172.333,0.667000000000002
All_SocIso_SH,EH250416_SocIso_3_Ch1_MRC.xlsx,class_all_grooming,182.933,2.03400000000002
All_SocIso_SH,EH250416_SocIso_3_Ch1_MRC.xlsx,class_all_grooming,209.6,0.932999999999993
All_SocIso_SH,EH250416_SocIso_3_Ch1_MRC.xlsx,class_all_grooming,214,1.19999999999999
All_SocIso_SH,EH250416_SocIso_3_Ch1_MRC.xlsx,class_all_grooming,215.4,1.267
All_SocIso_SH,EH250416_SocIso_3_Ch1_MRC.xlsx,class_all_grooming,225.733,2.03399999999999
All_SocIso_SH,EH250416_SocIso_3_Ch1_MRC.xlsx,class_all_grooming,231.967,0.899999999999977
All_SocIso_SH,EH250416_SocIso_3_Ch1_MRC.xlsx,class_all_grooming,233.5,4.46700000000001
All_SocIso_SH,EH250416_SocIso_3_Ch1_MRC.xlsx,class_all_grooming,238,1.167
All_SocIso_SH,EH250416_SocIso_3_Ch1_MRC.xlsx,class_all_grooming,239.467,2.76599999999999
All_SocIso_SH,EH250416_SocIso_3_Ch1_MRC.xlsx,class_all_grooming,242.267,0.566000000000003
All_SocIso_SH,EH250416_SocIso_3_Ch1_MRC.xlsx,class_all_grooming,242.867,5.03300000000002
All_SocIso_SH,EH250416_SocIso_3_Ch1_MRC.xlsx,class_all_grooming,261.467,1.36600000000004
All_SocIso_SH,EH250416_SocIso_3_Ch1_MRC.xlsx,class_all_grooming,278.967,1.83300000000003
All_SocIso_SH,EH250416_SocIso_3_Ch1_MRC.xlsx,class_all_grooming,295.133,0.400000000000034
All_SocIso_SH,EH250416_SocIso_3_Ch1_MRC.xlsx,class_all_grooming,295.567,0.599999999999966
All_SocIso_SH,EH250416_SocIso_3_Ch1_MRC.xlsx,head,35,0.866999999999997
All_SocIso_SH,EH250416_SocIso_3_Ch1_MRC.xlsx,head,89.767,0.566000000000003
All_SocIso_SH,EH250416_SocIso_3_Ch1_MRC.xlsx,head,90.967,0.132999999999996
All_SocIso_SH,EH250416_SocIso_3_Ch1_MRC.xlsx,head,163.567,0.400000000000006
All_SocIso_SH,EH250416_SocIso_3_Ch1_MRC.xlsx,head,164,0.5
All_SocIso_SH,EH250416_SocIso_3_Ch1_MRC.xlsx,head,165.133,0.533999999999992
All_SocIso_SH,EH250416_SocIso_3_Ch1_MRC.xlsx,head,165.7,0.533000000000015
All_SocIso_SH,EH250416_SocIso_3_Ch1_MRC.xlsx,head,168.733,1.36699999999999
All_SocIso_SH,EH250416_SocIso_3_Ch1_MRC.xlsx,head,170.9,0.799999999999983
All_SocIso_SH,EH250416_SocIso_3_Ch1_MRC.xlsx,head,172.333,0.667000000000002
All_SocIso_SH,EH250416_SocIso_3_Ch1_MRC.xlsx,rubbing,13.967,1.433
All_SocIso_SH,EH250416_SocIso_3_Ch1_MRC.xlsx,rubbing,33.6,1.367
All_SocIso_SH,EH250416_SocIso_3_Ch1_MRC.xlsx,rubbing,35.9,0.667000000000002
All_SocIso_SH,EH250416_SocIso_3_Ch1_MRC.xlsx,rubbing,48.6,0.600000000000001
All_SocIso_SH,EH250416_SocIso_3_Ch1_MRC.xlsx,rubbing,62.3,0.767000000000003
All_SocIso_SH,EH250416_SocIso_3_Ch1_MRC.xlsx,rubbing,76.433,1.434
All_SocIso_SH,EH250416_SocIso_3_Ch1_MRC.xlsx,rubbing,88.167,1.566
All_SocIso_SH,EH250416_SocIso_3_Ch1_MRC.xlsx,rubbing,90.367,0.566000000000003
All_SocIso_SH,EH250416_SocIso_3_Ch1_MRC.xlsx,rubbing,98.567,0.733000000000004
All_SocIso_SH,EH250416_SocIso_3_Ch1_MRC.xlsx,rubbing,110.533,1.3
All_SocIso_SH,EH250416_SocIso_3_Ch1_MRC.xlsx,rubbing,133.767,0.900000000000006
All_SocIso_SH,EH250416_SocIso_3_Ch1_MRC.xlsx,rubbing,136.933,1.86700000000002
All_SocIso_SH,EH250416_SocIso_3_Ch1_MRC.xlsx,rubbing,154.833,2.30000000000001
All_SocIso_SH,EH250416_SocIso_3_Ch1_MRC.xlsx,rubbing,161.7,1.833
All_SocIso_SH,EH250416_SocIso_3_Ch1_MRC.xlsx,rubbing,164.533,0.567000000000007
All_SocIso_SH,EH250416_SocIso_3_Ch1_MRC.xlsx,rubbing,170.133,0.73399999999998
All_SocIso_SH,EH250416_SocIso_3_Ch1_MRC.xlsx,rubbing,171.733,0.567000000000007
All_SocIso_SH,EH250416_SocIso_3_Ch1_MRC.xlsx,rubbing,182.933,2.03400000000002
All_SocIso_SH,EH250416_SocIso_3_Ch1_MRC.xlsx,rubbing,209.6,0.932999999999993
All_SocIso_SH,EH250416_SocIso_3_Ch1_MRC.xlsx,rubbing,214,1.19999999999999
All_SocIso_SH,EH250416_SocIso_3_Ch1_MRC.xlsx,rubbing,215.4,1.267
All_SocIso_SH,EH250416_SocIso_3_Ch1_MRC.xlsx,rubbing,225.733,2.03399999999999
All_SocIso_SH,EH250416_SocIso_3_Ch1_MRC.xlsx,rubbing,231.967,0.899999999999977
All_SocIso_SH,EH250416_SocIso_3_Ch1_MRC.xlsx,rubbing,238,1.167
All_SocIso_SH,EH250416_SocIso_3_Ch1_MRC.xlsx,rubbing,261.467,1.36600000000004
All_SocIso_SH,EH250416_SocIso_3_Ch1_MRC.xlsx,rubbing,278.967,1.83300000000003
All_SocIso_SH,EH250416_SocIso_3_Ch1_MRC.xlsx,rubbing,295.567,0.599999999999966
All_SocIso_SH,EH250416_SocIso_3_Ch1_MRC.xlsx,wing,233.5,4.46700000000001
All_SocIso_SH,EH250416_SocIso_3_Ch1_MRC.xlsx,wing,239.467,2.76599999999999
All_SocIso_SH,EH250416_SocIso_3_Ch1_MRC.xlsx,wing,242.867,5.03300000000002
All_SocIso_SH,EH250416_SocIso_4_2025_04_16T21_27_37_203Z_CH1_Scoring_CR.xlsx,abdominal,110.2,0.799999999999997
All_SocIso_SH,EH250416_SocIso_4_2025_04_16T21_27_37_203Z_CH1_Scoring_CR.xlsx,class_all_grooming,10.333,1.6
All_SocIso_SH,EH250416_SocIso_4_2025_04_16T21_27_37_203Z_CH1_Scoring_CR.xlsx,class_all_grooming,30.333,2.4
All_SocIso_SH,EH250416_SocIso_4_2025_04_16T21_27_37_203Z_CH1_Scoring_CR.xlsx,class_all_grooming,35.633,1.434
All_SocIso_SH,EH250416_SocIso_4_2025_04_16T21_27_37_203Z_CH1_Scoring_CR.xlsx,class_all_grooming,69.033,1.5
All_SocIso_SH,EH250416_SocIso_4_2025_04_16T21_27_37_203Z_CH1_Scoring_CR.xlsx,class_all_grooming,91.9,2.533
All_SocIso_SH,EH250416_SocIso_4_2025_04_16T21_27_37_203Z_CH1_Scoring_CR.xlsx,class_all_grooming,97.633,2.06700000000001
All_SocIso_SH,EH250416_SocIso_4_2025_04_16T21_27_37_203Z_CH1_Scoring_CR.xlsx,class_all_grooming,110.2,0.799999999999997
All_SocIso_SH,EH250416_SocIso_4_2025_04_16T21_27_37_203Z_CH1_Scoring_CR.xlsx,class_all_grooming,111.033,0.599999999999994
All_SocIso_SH,EH250416_SocIso_4_2025_04_16T21_27_37_203Z_CH1_Scoring_CR.xlsx,class_all_grooming,117.367,0.765999999999991
All_SocIso_SH,EH250416_SocIso_4_2025_04_16T21_27_37_203Z_CH1_Scoring_CR.xlsx,class_all_grooming,118.3,2.3
All_SocIso_SH,EH250416_SocIso_4_2025_04_16T21_27_37_203Z_CH1_Scoring_CR.xlsx,class_all_grooming,131.333,3.23400000000001
All_SocIso_SH,EH250416_SocIso_4_2025_04_16T21_27_37_203Z_CH1_Scoring_CR.xlsx,class_all_grooming,145.067,2.5
All_SocIso_SH,EH250416_SocIso_4_2025_04_16T21_27_37_203Z_CH1_Scoring_CR.xlsx,class_all_grooming,168.333,0.199999999999989
All_SocIso_SH,EH250416_SocIso_4_2025_04_16T21_27_37_203Z_CH1_Scoring_CR.xlsx,class_all_grooming,168.567,3.566
All_SocIso_SH,EH250416_SocIso_4_2025_04_16T21_27_37_203Z_CH1_Scoring_CR.xlsx,class_all_grooming,172.167,0.900000000000006
All_SocIso_SH,EH250416_SocIso_4_2025_04_16T21_27_37_203Z_CH1_Scoring_CR.xlsx,class_all_grooming,173.1,0.733000000000004
All_SocIso_SH,EH250416_SocIso_4_2025_04_16T21_27_37_203Z_CH1_Scoring_CR.xlsx,class_all_grooming,173.867,0.400000000000006
All_SocIso_SH,EH250416_SocIso_4_2025_04_16T21_27_37_203Z_CH1_Scoring_CR.xlsx,class_all_grooming,174.4,0.766999999999996
All_SocIso_SH,EH250416_SocIso_4_2025_04_16T21_27_37_203Z_CH1_Scoring_CR.xlsx,class_all_grooming,175.2,1.70000000000002
All_SocIso_SH,EH250416_SocIso_4_2025_04_16T21_27_37_203Z_CH1_Scoring_CR.xlsx,class_all_grooming,176.933,1.30000000000001
All_SocIso_SH,EH250416_SocIso_4_2025_04_16T21_27_37_203Z_CH1_Scoring_CR.xlsx,class_all_grooming,178.267,1.09999999999999
All_SocIso_SH,EH250416_SocIso_4_2025_04_16T21_27_37_203Z_CH1_Scoring_CR.xlsx,class_all_grooming,179.8,2.79999999999998
All_SocIso_SH,EH250416_SocIso_4_2025_04_16T21_27_37_203Z_CH1_Scoring_CR.xlsx,class_all_grooming,182.633,0.799999999999983
All_SocIso_SH,EH250416_SocIso_4_2025_04_16T21_27_37_203Z_CH1_Scoring_CR.xlsx,class_all_grooming,183.467,0.765999999999991
All_SocIso_SH,EH250416_SocIso_4_2025_04_16T21_27_37_203Z_CH1_Scoring_CR.xlsx,class_all_grooming,227.2,2.20000000000002
All_SocIso_SH,EH250416_SocIso_4_2025_04_16T21_27_37_203Z_CH1_Scoring_CR.xlsx,class_all_grooming,230.1,1.167
All_SocIso_SH,EH250416_SocIso_4_2025_04_16T21_27_37_203Z_CH1_Scoring_CR.xlsx,class_all_grooming,231.533,3.36700000000002
All_SocIso_SH,EH250416_SocIso_4_2025_04_16T21_27_37_203Z_CH1_Scoring_CR.xlsx,class_all_grooming,234.933,0.900000000000006
All_SocIso_SH,EH250416_SocIso_4_2025_04_16T21_27_37_203Z_CH1_Scoring_CR.xlsx,class_all_grooming,254.967,2.26599999999999
All_SocIso_SH,EH250416_SocIso_4_2025_04_16T21_27_37_203Z_CH1_Scoring_CR.xlsx,class_all_grooming,257.433,2.334
All_SocIso_SH,EH250416_SocIso_4_2025_04_16T21_27_37_203Z_CH1_Scoring_CR.xlsx,class_all_grooming,261.433,3.60000000000002
All_SocIso_SH,EH250416_SocIso_4_2025_04_16T21_27_37_203Z_CH1_Scoring_CR.xlsx,class_all_grooming,283.4,3.80000000000001
All_SocIso_SH,EH250416_SocIso_4_2025_04_16T21_27_37_203Z_CH1_Scoring_CR.xlsx,class_all_grooming,287.667,0.100000000000023
All_SocIso_SH,EH250416_SocIso_4_2025_04_16T21_27_37_203Z_CH1_Scoring_CR.xlsx,class_all_grooming,287.8,1.767
All_SocIso_SH,EH250416_SocIso_4_2025_04_16T21_27_37_203Z_CH1_Scoring_CR.xlsx,class_all_grooming,289.6,0.366999999999962
All_SocIso_SH,EH250416_SocIso_4_2025_04_16T21_27_37_203Z_CH1_Scoring_CR.xlsx,class_all_grooming,290,2.13299999999998
All_SocIso_SH,EH250416_SocIso_4_2025_04_16T21_27_37_203Z_CH1_Scoring_CR.xlsx,class_all_grooming,292.167,0.300000000000011
All_SocIso_SH,EH250416_SocIso_4_2025_04_16T21_27_37_203Z_CH1_Scoring_CR.xlsx,class_all_grooming,292.533,0.966999999999985
All_SocIso_SH,EH250416_SocIso_4_2025_04_16T21_27_37_203Z_CH1_Scoring_CR.xlsx,class_all_grooming,293.533,0.23399999999998
All_SocIso_SH,EH250416_SocIso_4_2025_04_16T21_27_37_203Z_CH1_Scoring_CR.xlsx,class_all_grooming,294.133,0.367000000000019
All_SocIso_SH,EH250416_SocIso_4_2025_04_16T21_27_37_203Z_CH1_Scoring_CR.xlsx,class_all_grooming,294.6,1.43299999999999
All_SocIso_SH,EH250416_SocIso_4_2025_04_16T21_27_37_203Z_CH1_Scoring_CR.xlsx,class_all_grooming,296.067,0.599999999999966
All_SocIso_SH,EH250416_SocIso_4_2025_04_16T21_27_37_203Z_CH1_Scoring_CR.xlsx,class_all_grooming,296.7,0.966999999999985
All_SocIso_SH,EH250416_SocIso_4_2025_04_16T21_27_37_203Z_CH1_Scoring_CR.xlsx,class_all_grooming,297.7,0.400000000000034
All_SocIso_SH,EH250416_SocIso_4_2025_04_16T21_27_37_203Z_CH1_Scoring_CR.xlsx,class_all_grooming,298.133,0.434000000000026
All_SocIso_SH,EH250416_SocIso_4_2025_04_16T21_27_37_203Z_CH1_Scoring_CR.xlsx,class_all_grooming,298.6,1.16699999999997
All_SocIso_SH,EH250416_SocIso_4_2025_04_16T21_27_37_203Z_CH1_Scoring_CR.xlsx,class_all_grooming,299.867,0.132999999999981
All_SocIso_SH,EH250416_SocIso_4_2025_04_16T21_27_37_203Z_CH1_Scoring_CR.xlsx,head,168.333,0.199999999999989
All_SocIso_SH,EH250416_SocIso_4_2025_04_16T21_27_37_203Z_CH1_Scoring_CR.xlsx,head,172.167,0.900000000000006
All_SocIso_SH,EH250416_SocIso_4_2025_04_16T21_27_37_203Z_CH1_Scoring_CR.xlsx,head,173.867,0.400000000000006
All_SocIso_SH,EH250416_SocIso_4_2025_04_16T21_27_37_203Z_CH1_Scoring_CR.xlsx,head,175.2,1.70000000000002
All_SocIso_SH,EH250416_SocIso_4_2025_04_16T21_27_37_203Z_CH1_Scoring_CR.xlsx,head,178.267,1.09999999999999
All_SocIso_SH,EH250416_SocIso_4_2025_04_16T21_27_37_203Z_CH1_Scoring_CR.xlsx,head,179.8,2.79999999999998
All_SocIso_SH,EH250416_SocIso_4_2025_04_16T21_27_37_203Z_CH1_Scoring_CR.xlsx,head,183.467,0.765999999999991
All_SocIso_SH,EH250416_SocIso_4_2025_04_16T21_27_37_203Z_CH1_Scoring_CR.xlsx,head,292.167,0.300000000000011
All_SocIso_SH,EH250416_SocIso_4_2025_04_16T21_27_37_203Z_CH1_Scoring_CR.xlsx,head,293.533,0.23399999999998
All_SocIso_SH,EH250416_SocIso_4_2025_04_16T21_27_37_203Z_CH1_Scoring_CR.xlsx,head,294.133,0.367000000000019
All_SocIso_SH,EH250416_SocIso_4_2025_04_16T21_27_37_203Z_CH1_Scoring_CR.xlsx,head,296.067,0.599999999999966
All_SocIso_SH,EH250416_SocIso_4_2025_04_16T21_27_37_203Z_CH1_Scoring_CR.xlsx,head,297.7,0.400000000000034
All_SocIso_SH,EH250416_SocIso_4_2025_04_16T21_27_37_203Z_CH1_Scoring_CR.xlsx,head,298.6,1.16699999999997
All_SocIso_SH,EH250416_SocIso_4_2025_04_16T21_27_37_203Z_CH1_Scoring_CR.xlsx,head,299.867,0.132999999999981
All_SocIso_SH,EH250416_SocIso_4_2025_04_16T21_27_37_203Z_CH1_Scoring_CR.xlsx,rubbing,10.333,1.6
All_SocIso_SH,EH250416_SocIso_4_2025_04_16T21_27_37_203Z_CH1_Scoring_CR.xlsx,rubbing,30.333,2.4
All_SocIso_SH,EH250416_SocIso_4_2025_04_16T21_27_37_203Z_CH1_Scoring_CR.xlsx,rubbing,35.633,1.434
All_SocIso_SH,EH250416_SocIso_4_2025_04_16T21_27_37_203Z_CH1_Scoring_CR.xlsx,rubbing,69.033,1.5
All_SocIso_SH,EH250416_SocIso_4_2025_04_16T21_27_37_203Z_CH1_Scoring_CR.xlsx,rubbing,91.9,2.533
All_SocIso_SH,EH250416_SocIso_4_2025_04_16T21_27_37_203Z_CH1_Scoring_CR.xlsx,rubbing,97.633,2.06700000000001
All_SocIso_SH,EH250416_SocIso_4_2025_04_16T21_27_37_203Z_CH1_Scoring_CR.xlsx,rubbing,111.033,0.599999999999994
All_SocIso_SH,EH250416_SocIso_4_2025_04_16T21_27_37_203Z_CH1_Scoring_CR.xlsx,rubbing,117.367,0.765999999999991
All_SocIso_SH,EH250416_SocIso_4_2025_04_16T21_27_37_203Z_CH1_Scoring_CR.xlsx,rubbing,131.333,3.23400000000001
All_SocIso_SH,EH250416_SocIso_4_2025_04_16T21_27_37_203Z_CH1_Scoring_CR.xlsx,rubbing,145.067,2.5
All_SocIso_SH,EH250416_SocIso_4_2025_04_16T21_27_37_203Z_CH1_Scoring_CR.xlsx,rubbing,168.567,3.566
All_SocIso_SH,EH250416_SocIso_4_2025_04_16T21_27_37_203Z_CH1_Scoring_CR.xlsx,rubbing,173.1,0.733000000000004
All_SocIso_SH,EH250416_SocIso_4_2025_04_16T21_27_37_203Z_CH1_Scoring_CR.xlsx,rubbing,174.4,0.766999999999996
All_SocIso_SH,EH250416_SocIso_4_2025_04_16T21_27_37_203Z_CH1_Scoring_CR.xlsx,rubbing,176.933,1.30000000000001
All_SocIso_SH,EH250416_SocIso_4_2025_04_16T21_27_37_203Z_CH1_Scoring_CR.xlsx,rubbing,182.633,0.799999999999983
All_SocIso_SH,EH250416_SocIso_4_2025_04_16T21_27_37_203Z_CH1_Scoring_CR.xlsx,rubbing,227.2,2.20000000000002
All_SocIso_SH,EH250416_SocIso_4_2025_04_16T21_27_37_203Z_CH1_Scoring_CR.xlsx,rubbing,230.1,1.167
All_SocIso_SH,EH250416_SocIso_4_2025_04_16T21_27_37_203Z_CH1_Scoring_CR.xlsx,rubbing,231.533,3.36700000000002
All_SocIso_SH,EH250416_SocIso_4_2025_04_16T21_27_37_203Z_CH1_Scoring_CR.xlsx,rubbing,234.933,0.900000000000006
All_SocIso_SH,EH250416_SocIso_4_2025_04_16T21_27_37_203Z_CH1_Scoring_CR.xlsx,rubbing,254.967,2.26599999999999
All_SocIso_SH,EH250416_SocIso_4_2025_04_16T21_27_37_203Z_CH1_Scoring_CR.xlsx,rubbing,257.433,2.334
All_SocIso_SH,EH250416_SocIso_4_2025_04_16T21_27_37_203Z_CH1_Scoring_CR.xlsx,rubbing,283.4,3.80000000000001
All_SocIso_SH,EH250416_SocIso_4_2025_04_16T21_27_37_203Z_CH1_Scoring_CR.xlsx,rubbing,287.667,0.100000000000023
All_SocIso_SH,EH250416_SocIso_4_2025_04_16T21_27_37_203Z_CH1_Scoring_CR.xlsx,rubbing,287.8,1.767
All_SocIso_SH,EH250416_SocIso_4_2025_04_16T21_27_37_203Z_CH1_Scoring_CR.xlsx,rubbing,289.6,0.366999999999962
All_SocIso_SH,EH250416_SocIso_4_2025_04_16T21_27_37_203Z_CH1_Scoring_CR.xlsx,rubbing,290,2.13299999999998
All_SocIso_SH,EH250416_SocIso_4_2025_04_16T21_27_37_203Z_CH1_Scoring_CR.xlsx,rubbing,292.533,0.966999999999985
All_SocIso_SH,EH250416_SocIso_4_2025_04_16T21_27_37_203Z_CH1_Scoring_CR.xlsx,rubbing,294.6,1.43299999999999
All_SocIso_SH,EH250416_SocIso_4_2025_04_16T21_27_37_203Z_CH1_Scoring_CR.xlsx,rubbing,296.7,0.966999999999985
All_SocIso_SH,EH250416_SocIso_4_2025_04_16T21_27_37_203Z_CH1_Scoring_CR.xlsx,rubbing,298.133,0.434000000000026
All_SocIso_SH,EH250416_SocIso_4_2025_04_16T21_27_37_203Z_CH1_Scoring_CR.xlsx,wing,118.3,2.3
All_SocIso_SH,EH250416_SocIso_4_2025_04_16T21_27_37_203Z_CH1_Scoring_CR.xlsx,wing,261.433,3.60000000000002
All_SocIso_SH,EH250416_SocIso_4_Ch2_MRC.xlsx,abdominal,171.933,0.53400000000002
All_SocIso_SH,EH250416_SocIso_4_Ch2_MRC.xlsx,class_all_grooming,6.133,1.734
All_SocIso_SH,EH250416_SocIso_4_Ch2_MRC.xlsx,class_all_grooming,10.7,1.133
All_SocIso_SH,EH250416_SocIso_4_Ch2_MRC.xlsx,class_all_grooming,12.1,1.333
All_SocIso_SH,EH250416_SocIso_4_Ch2_MRC.xlsx,class_all_grooming,13.467,0.366
All_SocIso_SH,EH250416_SocIso_4_Ch2_MRC.xlsx,class_all_grooming,15.867,1.066
All_SocIso_SH,EH250416_SocIso_4_Ch2_MRC.xlsx,class_all_grooming,62.9,1.6
All_SocIso_SH,EH250416_SocIso_4_Ch2_MRC.xlsx,class_all_grooming,96.033,2.7
All_SocIso_SH,EH250416_SocIso_4_Ch2_MRC.xlsx,class_all_grooming,110.267,1.566
All_SocIso_SH,EH250416_SocIso_4_Ch2_MRC.xlsx,class_all_grooming,120.2,2.3
All_SocIso_SH,EH250416_SocIso_4_Ch2_MRC.xlsx,class_all_grooming,136.533,1.40000000000001
All_SocIso_SH,EH250416_SocIso_4_Ch2_MRC.xlsx,class_all_grooming,147.733,1.934
All_SocIso_SH,EH250416_SocIso_4_Ch2_MRC.xlsx,class_all_grooming,171.2,0.700000000000017
All_SocIso_SH,EH250416_SocIso_4_Ch2_MRC.xlsx,class_all_grooming,171.933,0.53400000000002
All_SocIso_SH,EH250416_SocIso_4_Ch2_MRC.xlsx,class_all_grooming,172.5,2.53299999999999
All_SocIso_SH,EH250416_SocIso_4_Ch2_MRC.xlsx,class_all_grooming,175.067,0.865999999999985
All_SocIso_SH,EH250416_SocIso_4_Ch2_MRC.xlsx,class_all_grooming,175.967,4.46599999999998
All_SocIso_SH,EH250416_SocIso_4_Ch2_MRC.xlsx,class_all_grooming,180.867,0.733000000000004
All_SocIso_SH,EH250416_SocIso_4_Ch2_MRC.xlsx,class_all_grooming,185.433,6.334
All_SocIso_SH,EH250416_SocIso_4_Ch2_MRC.xlsx,class_all_grooming,191.8,2.267
All_SocIso_SH,EH250416_SocIso_4_Ch2_MRC.xlsx,class_all_grooming,194.3,0.732999999999976
All_SocIso_SH,EH250416_SocIso_4_Ch2_MRC.xlsx,class_all_grooming,200.867,1.666
All_SocIso_SH,EH250416_SocIso_4_Ch2_MRC.xlsx,class_all_grooming,223.8,1.89999999999998
All_SocIso_SH,EH250416_SocIso_4_Ch2_MRC.xlsx,class_all_grooming,229.467,1.79999999999998
All_SocIso_SH,EH250416_SocIso_4_Ch2_MRC.xlsx,class_all_grooming,248.333,1.40000000000001
All_SocIso_SH,EH250416_SocIso_4_Ch2_MRC.xlsx,class_all_grooming,249.767,1.53300000000002
All_SocIso_SH,EH250416_SocIso_4_Ch2_MRC.xlsx,class_all_grooming,258.9,2.33300000000003
All_SocIso_SH,EH250416_SocIso_4_Ch2_MRC.xlsx,class_all_grooming,264.967,2.5
All_SocIso_SH,EH250416_SocIso_4_Ch2_MRC.xlsx,class_all_grooming,270.433,1.60000000000002
All_SocIso_SH,EH250416_SocIso_4_Ch2_MRC.xlsx,head,185.433,6.334
All_SocIso_SH,EH250416_SocIso_4_Ch2_MRC.xlsx,rubbing,6.133,1.734
All_SocIso_SH,EH250416_SocIso_4_Ch2_MRC.xlsx,rubbing,10.7,1.133
All_SocIso_SH,EH250416_SocIso_4_Ch2_MRC.xlsx,rubbing,12.1,1.333
All_SocIso_SH,EH250416_SocIso_4_Ch2_MRC.xlsx,rubbing,13.467,0.366
All_SocIso_SH,EH250416_SocIso_4_Ch2_MRC.xlsx,rubbing,15.867,1.066
All_SocIso_SH,EH250416_SocIso_4_Ch2_MRC.xlsx,rubbing,62.9,1.6
All_SocIso_SH,EH250416_SocIso_4_Ch2_MRC.xlsx,rubbing,96.033,2.7
All_SocIso_SH,EH250416_SocIso_4_Ch2_MRC.xlsx,rubbing,110.267,1.566
All_SocIso_SH,EH250416_SocIso_4_Ch2_MRC.xlsx,rubbing,120.2,2.3
All_SocIso_SH,EH250416_SocIso_4_Ch2_MRC.xlsx,rubbing,136.533,1.40000000000001
All_SocIso_SH,EH250416_SocIso_4_Ch2_MRC.xlsx,rubbing,147.733,1.934
All_SocIso_SH,EH250416_SocIso_4_Ch2_MRC.xlsx,rubbing,171.2,0.700000000000017
All_SocIso_SH,EH250416_SocIso_4_Ch2_MRC.xlsx,rubbing,175.067,0.865999999999985
All_SocIso_SH,EH250416_SocIso_4_Ch2_MRC.xlsx,rubbing,180.867,0.733000000000004
All_SocIso_SH,EH250416_SocIso_4_Ch2_MRC.xlsx,rubbing,191.8,2.267
All_SocIso_SH,EH250416_SocIso_4_Ch2_MRC.xlsx,rubbing,194.3,0.732999999999976
All_SocIso_SH,EH250416_SocIso_4_Ch2_MRC.xlsx,rubbing,200.867,1.666
All_SocIso_SH,EH250416_SocIso_4_Ch2_MRC.xlsx,rubbing,223.8,1.89999999999998
All_SocIso_SH,EH250416_SocIso_4_Ch2_MRC.xlsx,rubbing,229.467,1.79999999999998
All_SocIso_SH,EH250416_SocIso_4_Ch2_MRC.xlsx,rubbing,248.333,1.40000000000001
All_SocIso_SH,EH250416_SocIso_4_Ch2_MRC.xlsx,rubbing,249.767,1.53300000000002
All_SocIso_SH,EH250416_SocIso_4_Ch2_MRC.xlsx,rubbing,258.9,2.33300000000003
All_SocIso_SH,EH250416_SocIso_4_Ch2_MRC.xlsx,rubbing,264.967,2.5
All_SocIso_SH,EH250416_SocIso_4_Ch2_MRC.xlsx,rubbing,270.433,1.60000000000002
All_SocIso_SH,EH250416_SocIso_4_Ch2_MRC.xlsx,wing,172.5,2.53299999999999
All_SocIso_SH,EH250416_SocIso_4_Ch2_MRC.xlsx,wing,175.967,4.46599999999998
All_SocIso_SH,EH250416_SocIso_5_2025_04_16T21_49_30_586Z_CH1_Scoring_CR.xlsx,abdominal,80,0.167000000000002
All_SocIso_SH,EH250416_SocIso_5_2025_04_16T21_49_30_586Z_CH1_Scoring_CR.xlsx,abdominal,228.467,0.332999999999998
All_SocIso_SH,EH250416_SocIso_5_2025_04_16T21_49_30_586Z_CH1_Scoring_CR.xlsx,class_all_grooming,8.867,0.565999999999999
All_SocIso_SH,EH250416_SocIso_5_2025_04_16T21_49_30_586Z_CH1_Scoring_CR.xlsx,class_all_grooming,17.267,2.133
All_SocIso_SH,EH250416_SocIso_5_2025_04_16T21_49_30_586Z_CH1_Scoring_CR.xlsx,class_all_grooming,19.8,1.267
All_SocIso_SH,EH250416_SocIso_5_2025_04_16T21_49_30_586Z_CH1_Scoring_CR.xlsx,class_all_grooming,21.1,0.933
All_SocIso_SH,EH250416_SocIso_5_2025_04_16T21_49_30_586Z_CH1_Scoring_CR.xlsx,class_all_grooming,33.367,1.233
All_SocIso_SH,EH250416_SocIso_5_2025_04_16T21_49_30_586Z_CH1_Scoring_CR.xlsx,class_all_grooming,34.633,1.134
All_SocIso_SH,EH250416_SocIso_5_2025_04_16T21_49_30_586Z_CH1_Scoring_CR.xlsx,class_all_grooming,47.4,0.899999999999999
All_SocIso_SH,EH250416_SocIso_5_2025_04_16T21_49_30_586Z_CH1_Scoring_CR.xlsx,class_all_grooming,59.167,0.533000000000001
All_SocIso_SH,EH250416_SocIso_5_2025_04_16T21_49_30_586Z_CH1_Scoring_CR.xlsx,class_all_grooming,62.333,1.134
All_SocIso_SH,EH250416_SocIso_5_2025_04_16T21_49_30_586Z_CH1_Scoring_CR.xlsx,class_all_grooming,68.8,1.767
All_SocIso_SH,EH250416_SocIso_5_2025_04_16T21_49_30_586Z_CH1_Scoring_CR.xlsx,class_all_grooming,80,0.167000000000002
All_SocIso_SH,EH250416_SocIso_5_2025_04_16T21_49_30_586Z_CH1_Scoring_CR.xlsx,class_all_grooming,80.2,1.7
All_SocIso_SH,EH250416_SocIso_5_2025_04_16T21_49_30_586Z_CH1_Scoring_CR.xlsx,class_all_grooming,95.333,1.5
All_SocIso_SH,EH250416_SocIso_5_2025_04_16T21_49_30_586Z_CH1_Scoring_CR.xlsx,class_all_grooming,116.533,1.267
All_SocIso_SH,EH250416_SocIso_5_2025_04_16T21_49_30_586Z_CH1_Scoring_CR.xlsx,class_all_grooming,117.833,0.367000000000004
All_SocIso_SH,EH250416_SocIso_5_2025_04_16T21_49_30_586Z_CH1_Scoring_CR.xlsx,class_all_grooming,118.233,1.09999999999999
All_SocIso_SH,EH250416_SocIso_5_2025_04_16T21_49_30_586Z_CH1_Scoring_CR.xlsx,class_all_grooming,122.033,0.134
All_SocIso_SH,EH250416_SocIso_5_2025_04_16T21_49_30_586Z_CH1_Scoring_CR.xlsx,class_all_grooming,122.2,0.733000000000004
All_SocIso_SH,EH250416_SocIso_5_2025_04_16T21_49_30_586Z_CH1_Scoring_CR.xlsx,class_all_grooming,122.967,1.26600000000001
All_SocIso_SH,EH250416_SocIso_5_2025_04_16T21_49_30_586Z_CH1_Scoring_CR.xlsx,class_all_grooming,133.533,1.23400000000001
All_SocIso_SH,EH250416_SocIso_5_2025_04_16T21_49_30_586Z_CH1_Scoring_CR.xlsx,class_all_grooming,134.8,0.5
All_SocIso_SH,EH250416_SocIso_5_2025_04_16T21_49_30_586Z_CH1_Scoring_CR.xlsx,class_all_grooming,145.067,0.765999999999991
All_SocIso_SH,EH250416_SocIso_5_2025_04_16T21_49_30_586Z_CH1_Scoring_CR.xlsx,class_all_grooming,146.467,1.29999999999998
All_SocIso_SH,EH250416_SocIso_5_2025_04_16T21_49_30_586Z_CH1_Scoring_CR.xlsx,class_all_grooming,152.6,1.09999999999999
All_SocIso_SH,EH250416_SocIso_5_2025_04_16T21_49_30_586Z_CH1_Scoring_CR.xlsx,class_all_grooming,169.133,0.799999999999983
All_SocIso_SH,EH250416_SocIso_5_2025_04_16T21_49_30_586Z_CH1_Scoring_CR.xlsx,class_all_grooming,169.967,0.96599999999998
All_SocIso_SH,EH250416_SocIso_5_2025_04_16T21_49_30_586Z_CH1_Scoring_CR.xlsx,class_all_grooming,186.167,2.40000000000001
All_SocIso_SH,EH250416_SocIso_5_2025_04_16T21_49_30_586Z_CH1_Scoring_CR.xlsx,class_all_grooming,214.9,2.19999999999999
All_SocIso_SH,EH250416_SocIso_5_2025_04_16T21_49_30_586Z_CH1_Scoring_CR.xlsx,class_all_grooming,227.467,0.96599999999998
All_SocIso_SH,EH250416_SocIso_5_2025_04_16T21_49_30_586Z_CH1_Scoring_CR.xlsx,class_all_grooming,228.467,0.332999999999998
All_SocIso_SH,EH250416_SocIso_5_2025_04_16T21_49_30_586Z_CH1_Scoring_CR.xlsx,class_all_grooming,228.833,3.73400000000001
All_SocIso_SH,EH250416_SocIso_5_2025_04_16T21_49_30_586Z_CH1_Scoring_CR.xlsx,class_all_grooming,232.733,1.13399999999999
All_SocIso_SH,EH250416_SocIso_5_2025_04_16T21_49_30_586Z_CH1_Scoring_CR.xlsx,class_all_grooming,234.033,0.400000000000006
All_SocIso_SH,EH250416_SocIso_5_2025_04_16T21_49_30_586Z_CH1_Scoring_CR.xlsx,class_all_grooming,234.6,0.332999999999998
All_SocIso_SH,EH250416_SocIso_5_2025_04_16T21_49_30_586Z_CH1_Scoring_CR.xlsx,class_all_grooming,234.967,0.832999999999998
All_SocIso_SH,EH250416_SocIso_5_2025_04_16T21_49_30_586Z_CH1_Scoring_CR.xlsx,class_all_grooming,235.833,0.334000000000003
All_SocIso_SH,EH250416_SocIso_5_2025_04_16T21_49_30_586Z_CH1_Scoring_CR.xlsx,class_all_grooming,236.267,0.0999999999999943
All_SocIso_SH,EH250416_SocIso_5_2025_04_16T21_49_30_586Z_CH1_Scoring_CR.xlsx,class_all_grooming,236.4,0.632999999999981
All_SocIso_SH,EH250416_SocIso_5_2025_04_16T21_49_30_586Z_CH1_Scoring_CR.xlsx,class_all_grooming,237.067,1.03299999999999
All_SocIso_SH,EH250416_SocIso_5_2025_04_16T21_49_30_586Z_CH1_Scoring_CR.xlsx,class_all_grooming,238.2,0.467000000000013
All_SocIso_SH,EH250416_SocIso_5_2025_04_16T21_49_30_586Z_CH1_Scoring_CR.xlsx,class_all_grooming,238.7,0.700000000000017
All_SocIso_SH,EH250416_SocIso_5_2025_04_16T21_49_30_586Z_CH1_Scoring_CR.xlsx,class_all_grooming,239.433,0.967000000000013
All_SocIso_SH,EH250416_SocIso_5_2025_04_16T21_49_30_586Z_CH1_Scoring_CR.xlsx,class_all_grooming,271.5,1.267
All_SocIso_SH,EH250416_SocIso_5_2025_04_16T21_49_30_586Z_CH1_Scoring_CR.xlsx,class_all_grooming,272.967,0.600000000000023
All_SocIso_SH,EH250416_SocIso_5_2025_04_16T21_49_30_586Z_CH1_Scoring_CR.xlsx,class_all_grooming,273.6,0.932999999999993
All_SocIso_SH,EH250416_SocIso_5_2025_04_16T21_49_30_586Z_CH1_Scoring_CR.xlsx,class_all_grooming,274.567,0.865999999999985
All_SocIso_SH,EH250416_SocIso_5_2025_04_16T21_49_30_586Z_CH1_Scoring_CR.xlsx,class_all_grooming,275.733,0.766999999999996
All_SocIso_SH,EH250416_SocIso_5_2025_04_16T21_49_30_586Z_CH1_Scoring_CR.xlsx,class_all_grooming,276.567,0.76600000000002
All_SocIso_SH,EH250416_SocIso_5_2025_04_16T21_49_30_586Z_CH1_Scoring_CR.xlsx,class_all_grooming,277.633,1
All_SocIso_SH,EH250416_SocIso_5_2025_04_16T21_49_30_586Z_CH1_Scoring_CR.xlsx,class_all_grooming,278.867,1.5
All_SocIso_SH,EH250416_SocIso_5_2025_04_16T21_49_30_586Z_CH1_Scoring_CR.xlsx,class_all_grooming,280.4,1.03300000000002
All_SocIso_SH,EH250416_SocIso_5_2025_04_16T21_49_30_586Z_CH1_Scoring_CR.xlsx,class_all_grooming,283.2,0.733000000000004
All_SocIso_SH,EH250416_SocIso_5_2025_04_16T21_49_30_586Z_CH1_Scoring_CR.xlsx,class_all_grooming,283.967,0.600000000000023
All_SocIso_SH,EH250416_SocIso_5_2025_04_16T21_49_30_586Z_CH1_Scoring_CR.xlsx,head,117.833,0.367000000000004
All_SocIso_SH,EH250416_SocIso_5_2025_04_16T21_49_30_586Z_CH1_Scoring_CR.xlsx,head,122.033,0.134
All_SocIso_SH,EH250416_SocIso_5_2025_04_16T21_49_30_586Z_CH1_Scoring_CR.xlsx,head,122.967,1.26600000000001
All_SocIso_SH,EH250416_SocIso_5_2025_04_16T21_49_30_586Z_CH1_Scoring_CR.xlsx,head,232.733,1.13399999999999
All_SocIso_SH,EH250416_SocIso_5_2025_04_16T21_49_30_586Z_CH1_Scoring_CR.xlsx,head,234.033,0.400000000000006
All_SocIso_SH,EH250416_SocIso_5_2025_04_16T21_49_30_586Z_CH1_Scoring_CR.xlsx,head,234.6,0.332999999999998
All_SocIso_SH,EH250416_SocIso_5_2025_04_16T21_49_30_586Z_CH1_Scoring_CR.xlsx,head,235.833,0.334000000000003
All_SocIso_SH,EH250416_SocIso_5_2025_04_16T21_49_30_586Z_CH1_Scoring_CR.xlsx,head,236.267,0.0999999999999943
All_SocIso_SH,EH250416_SocIso_5_2025_04_16T21_49_30_586Z_CH1_Scoring_CR.xlsx,head,237.067,1.03299999999999
All_SocIso_SH,EH250416_SocIso_5_2025_04_16T21_49_30_586Z_CH1_Scoring_CR.xlsx,head,238.2,0.467000000000013
All_SocIso_SH,EH250416_SocIso_5_2025_04_16T21_49_30_586Z_CH1_Scoring_CR.xlsx,head,239.433,0.967000000000013
All_SocIso_SH,EH250416_SocIso_5_2025_04_16T21_49_30_586Z_CH1_Scoring_CR.xlsx,rubbing,8.867,0.565999999999999
All_SocIso_SH,EH250416_SocIso_5_2025_04_16T21_49_30_586Z_CH1_Scoring_CR.xlsx,rubbing,17.267,2.133
All_SocIso_SH,EH250416_SocIso_5_2025_04_16T21_49_30_586Z_CH1_Scoring_CR.xlsx,rubbing,19.8,1.267
All_SocIso_SH,EH250416_SocIso_5_2025_04_16T21_49_30_586Z_CH1_Scoring_CR.xlsx,rubbing,21.1,0.933
All_SocIso_SH,EH250416_SocIso_5_2025_04_16T21_49_30_586Z_CH1_Scoring_CR.xlsx,rubbing,33.367,1.233
All_SocIso_SH,EH250416_SocIso_5_2025_04_16T21_49_30_586Z_CH1_Scoring_CR.xlsx,rubbing,34.633,1.134
All_SocIso_SH,EH250416_SocIso_5_2025_04_16T21_49_30_586Z_CH1_Scoring_CR.xlsx,rubbing,47.4,0.899999999999999
All_SocIso_SH,EH250416_SocIso_5_2025_04_16T21_49_30_586Z_CH1_Scoring_CR.xlsx,rubbing,59.167,0.533000000000001
All_SocIso_SH,EH250416_SocIso_5_2025_04_16T21_49_30_586Z_CH1_Scoring_CR.xlsx,rubbing,62.333,1.134
All_SocIso_SH,EH250416_SocIso_5_2025_04_16T21_49_30_586Z_CH1_Scoring_CR.xlsx,rubbing,68.8,1.767
All_SocIso_SH,EH250416_SocIso_5_2025_04_16T21_49_30_586Z_CH1_Scoring_CR.xlsx,rubbing,95.333,1.5
All_SocIso_SH,EH250416_SocIso_5_2025_04_16T21_49_30_586Z_CH1_Scoring_CR.xlsx,rubbing,116.533,1.267
All_SocIso_SH,EH250416_SocIso_5_2025_04_16T21_49_30_586Z_CH1_Scoring_CR.xlsx,rubbing,118.233,1.09999999999999
All_SocIso_SH,EH250416_SocIso_5_2025_04_16T21_49_30_586Z_CH1_Scoring_CR.xlsx,rubbing,122.2,0.733000000000004
All_SocIso_SH,EH250416_SocIso_5_2025_04_16T21_49_30_586Z_CH1_Scoring_CR.xlsx,rubbing,133.533,1.23400000000001
All_SocIso_SH,EH250416_SocIso_5_2025_04_16T21_49_30_586Z_CH1_Scoring_CR.xlsx,rubbing,134.8,0.5
All_SocIso_SH,EH250416_SocIso_5_2025_04_16T21_49_30_586Z_CH1_Scoring_CR.xlsx,rubbing,145.067,0.765999999999991
All_SocIso_SH,EH250416_SocIso_5_2025_04_16T21_49_30_586Z_CH1_Scoring_CR.xlsx,rubbing,146.467,1.29999999999998
All_SocIso_SH,EH250416_SocIso_5_2025_04_16T21_49_30_586Z_CH1_Scoring_CR.xlsx,rubbing,152.6,1.09999999999999
All_SocIso_SH,EH250416_SocIso_5_2025_04_16T21_49_30_586Z_CH1_Scoring_CR.xlsx,rubbing,169.133,0.799999999999983
All_SocIso_SH,EH250416_SocIso_5_2025_04_16T21_49_30_586Z_CH1_Scoring_CR.xlsx,rubbing,169.967,0.96599999999998
All_SocIso_SH,EH250416_SocIso_5_2025_04_16T21_49_30_586Z_CH1_Scoring_CR.xlsx,rubbing,186.167,2.40000000000001
All_SocIso_SH,EH250416_SocIso_5_2025_04_16T21_49_30_586Z_CH1_Scoring_CR.xlsx,rubbing,214.9,2.19999999999999
All_SocIso_SH,EH250416_SocIso_5_2025_04_16T21_49_30_586Z_CH1_Scoring_CR.xlsx,rubbing,227.467,0.96599999999998
All_SocIso_SH,EH250416_SocIso_5_2025_04_16T21_49_30_586Z_CH1_Scoring_CR.xlsx,rubbing,234.967,0.832999999999998
All_SocIso_SH,EH250416_SocIso_5_2025_04_16T21_49_30_586Z_CH1_Scoring_CR.xlsx,rubbing,236.4,0.632999999999981
All_SocIso_SH,EH250416_SocIso_5_2025_04_16T21_49_30_586Z_CH1_Scoring_CR.xlsx,rubbing,238.7,0.700000000000017
All_SocIso_SH,EH250416_SocIso_5_2025_04_16T21_49_30_586Z_CH1_Scoring_CR.xlsx,rubbing,271.5,1.267
All_SocIso_SH,EH250416_SocIso_5_2025_04_16T21_49_30_586Z_CH1_Scoring_CR.xlsx,rubbing,272.967,0.600000000000023
All_SocIso_SH,EH250416_SocIso_5_2025_04_16T21_49_30_586Z_CH1_Scoring_CR.xlsx,rubbing,273.6,0.932999999999993
All_SocIso_SH,EH250416_SocIso_5_2025_04_16T21_49_30_586Z_CH1_Scoring_CR.xlsx,rubbing,274.567,0.865999999999985
All_SocIso_SH,EH250416_SocIso_5_2025_04_16T21_49_30_586Z_CH1_Scoring_CR.xlsx,rubbing,275.733,0.766999999999996
All_SocIso_SH,EH250416_SocIso_5_2025_04_16T21_49_30_586Z_CH1_Scoring_CR.xlsx,rubbing,276.567,0.76600000000002
All_SocIso_SH,EH250416_SocIso_5_2025_04_16T21_49_30_586Z_CH1_Scoring_CR.xlsx,rubbing,277.633,1
All_SocIso_SH,EH250416_SocIso_5_2025_04_16T21_49_30_586Z_CH1_Scoring_CR.xlsx,rubbing,278.867,1.5
All_SocIso_SH,EH250416_SocIso_5_2025_04_16T21_49_30_586Z_CH1_Scoring_CR.xlsx,rubbing,280.4,1.03300000000002
All_SocIso_SH,EH250416_SocIso_5_2025_04_16T21_49_30_586Z_CH1_Scoring_CR.xlsx,rubbing,283.2,0.733000000000004
All_SocIso_SH,EH250416_SocIso_5_2025_04_16T21_49_30_586Z_CH1_Scoring_CR.xlsx,rubbing,283.967,0.600000000000023
All_SocIso_SH,EH250416_SocIso_5_2025_04_16T21_49_30_586Z_CH1_Scoring_CR.xlsx,wing,80.2,1.7
All_SocIso_SH,EH250416_SocIso_5_2025_04_16T21_49_30_586Z_CH1_Scoring_CR.xlsx,wing,228.833,3.73400000000001
All_SocIso_SH,EH250416_SocIso_5_Ch2_MRC.xlsx,class_all_grooming,26.867,0.733000000000001
All_SocIso_SH,EH250416_SocIso_5_Ch2_MRC.xlsx,class_all_grooming,27.8,1.133
All_SocIso_SH,EH250416_SocIso_5_Ch2_MRC.xlsx,class_all_grooming,28.967,0.866
All_SocIso_SH,EH250416_SocIso_5_Ch2_MRC.xlsx,class_all_grooming,29.833,0.700000000000003
All_SocIso_SH,EH250416_SocIso_5_Ch2_MRC.xlsx,class_all_grooming,30.567,0.332999999999998
All_SocIso_SH,EH250416_SocIso_5_Ch2_MRC.xlsx,class_all_grooming,31,0.766999999999999
All_SocIso_SH,EH250416_SocIso_5_Ch2_MRC.xlsx,class_all_grooming,31.8,1.367
All_SocIso_SH,EH250416_SocIso_5_Ch2_MRC.xlsx,class_all_grooming,33.2,0.5
All_SocIso_SH,EH250416_SocIso_5_Ch2_MRC.xlsx,class_all_grooming,33.733,0.734000000000002
All_SocIso_SH,EH250416_SocIso_5_Ch2_MRC.xlsx,class_all_grooming,87.467,2.43300000000001
All_SocIso_SH,EH250416_SocIso_5_Ch2_MRC.xlsx,class_all_grooming,111.7,2.86699999999999
All_SocIso_SH,EH250416_SocIso_5_Ch2_MRC.xlsx,class_all_grooming,124,3.333
All_SocIso_SH,EH250416_SocIso_5_Ch2_MRC.xlsx,class_all_grooming,133.833,1.5
All_SocIso_SH,EH250416_SocIso_5_Ch2_MRC.xlsx,class_all_grooming,135.367,1.10000000000002
All_SocIso_SH,EH250416_SocIso_5_Ch2_MRC.xlsx,class_all_grooming,154.633,1.03399999999999
All_SocIso_SH,EH250416_SocIso_5_Ch2_MRC.xlsx,class_all_grooming,185.933,1.70000000000002
All_SocIso_SH,EH250416_SocIso_5_Ch2_MRC.xlsx,class_all_grooming,188.2,0.332999999999998
All_SocIso_SH,EH250416_SocIso_5_Ch2_MRC.xlsx,class_all_grooming,188.567,0.699999999999989
All_SocIso_SH,EH250416_SocIso_5_Ch2_MRC.xlsx,class_all_grooming,189.3,0.432999999999993
All_SocIso_SH,EH250416_SocIso_5_Ch2_MRC.xlsx,class_all_grooming,189.8,0.632999999999981
All_SocIso_SH,EH250416_SocIso_5_Ch2_MRC.xlsx,class_all_grooming,237.567,1.066
All_SocIso_SH,EH250416_SocIso_5_Ch2_MRC.xlsx,class_all_grooming,242.133,1.267
All_SocIso_SH,EH250416_SocIso_5_Ch2_MRC.xlsx,class_all_grooming,274.2,1.19999999999999
All_SocIso_SH,EH250416_SocIso_5_Ch2_MRC.xlsx,class_all_grooming,275.433,0.73399999999998
All_SocIso_SH,EH250416_SocIso_5_Ch2_MRC.xlsx,class_all_grooming,283.333,3.96699999999998
All_SocIso_SH,EH250416_SocIso_5_Ch2_MRC.xlsx,class_all_grooming,287.333,0.799999999999955
All_SocIso_SH,EH250416_SocIso_5_Ch2_MRC.xlsx,head,28.967,0.866
All_SocIso_SH,EH250416_SocIso_5_Ch2_MRC.xlsx,head,30.567,0.332999999999998
All_SocIso_SH,EH250416_SocIso_5_Ch2_MRC.xlsx,head,31.8,1.367
All_SocIso_SH,EH250416_SocIso_5_Ch2_MRC.xlsx,head,33.733,0.734000000000002
All_SocIso_SH,EH250416_SocIso_5_Ch2_MRC.xlsx,head,188.2,0.332999999999998
All_SocIso_SH,EH250416_SocIso_5_Ch2_MRC.xlsx,head,189.3,0.432999999999993
All_SocIso_SH,EH250416_SocIso_5_Ch2_MRC.xlsx,head,189.8,0.632999999999981
All_SocIso_SH,EH250416_SocIso_5_Ch2_MRC.xlsx,rubbing,26.867,0.733000000000001
All_SocIso_SH,EH250416_SocIso_5_Ch2_MRC.xlsx,rubbing,27.8,1.133
All_SocIso_SH,EH250416_SocIso_5_Ch2_MRC.xlsx,rubbing,29.833,0.700000000000003
All_SocIso_SH,EH250416_SocIso_5_Ch2_MRC.xlsx,rubbing,31,0.766999999999999
All_SocIso_SH,EH250416_SocIso_5_Ch2_MRC.xlsx,rubbing,33.2,0.5
All_SocIso_SH,EH250416_SocIso_5_Ch2_MRC.xlsx,rubbing,87.467,2.43300000000001
All_SocIso_SH,EH250416_SocIso_5_Ch2_MRC.xlsx,rubbing,111.7,2.86699999999999
All_SocIso_SH,EH250416_SocIso_5_Ch2_MRC.xlsx,rubbing,124,3.333
All_SocIso_SH,EH250416_SocIso_5_Ch2_MRC.xlsx,rubbing,133.833,1.5
All_SocIso_SH,EH250416_SocIso_5_Ch2_MRC.xlsx,rubbing,135.367,1.10000000000002
All_SocIso_SH,EH250416_SocIso_5_Ch2_MRC.xlsx,rubbing,154.633,1.03399999999999
All_SocIso_SH,EH250416_SocIso_5_Ch2_MRC.xlsx,rubbing,185.933,1.70000000000002
All_SocIso_SH,EH250416_SocIso_5_Ch2_MRC.xlsx,rubbing,188.567,0.699999999999989
All_SocIso_SH,EH250416_SocIso_5_Ch2_MRC.xlsx,rubbing,237.567,1.066
All_SocIso_SH,EH250416_SocIso_5_Ch2_MRC.xlsx,rubbing,242.133,1.267
All_SocIso_SH,EH250416_SocIso_5_Ch2_MRC.xlsx,rubbing,274.2,1.19999999999999
All_SocIso_SH,EH250416_SocIso_5_Ch2_MRC.xlsx,rubbing,275.433,0.73399999999998
All_SocIso_SH,EH250416_SocIso_5_Ch2_MRC.xlsx,rubbing,287.333,0.799999999999955
All_SocIso_SH,EH250416_SocIso_5_Ch2_MRC.xlsx,wing,283.333,3.96699999999998
All_SocIso_SH,EH250624_SocIso_1_2025_06_24T21_08_27_935Z_CH1_SingleHoused.xlsx,abdominal,63.4,0.267000000000003
All_SocIso_SH,EH250624_SocIso_1_2025_06_24T21_08_27_935Z_CH1_SingleHoused.xlsx,abdominal,217.8,2.167
All_SocIso_SH,EH250624_SocIso_1_2025_06_24T21_08_27_935Z_CH1_SingleHoused.xlsx,abdominal,221.3,1.03299999999999
All_SocIso_SH,EH250624_SocIso_1_2025_06_24T21_08_27_935Z_CH1_SingleHoused.xlsx,class_all_grooming,44.5,3.7
All_SocIso_SH,EH250624_SocIso_1_2025_06_24T21_08_27_935Z_CH1_SingleHoused.xlsx,class_all_grooming,58.467,0.566000000000003
All_SocIso_SH,EH250624_SocIso_1_2025_06_24T21_08_27_935Z_CH1_SingleHoused.xlsx,class_all_grooming,63.4,0.267000000000003
All_SocIso_SH,EH250624_SocIso_1_2025_06_24T21_08_27_935Z_CH1_SingleHoused.xlsx,class_all_grooming,63.7,2.233
All_SocIso_SH,EH250624_SocIso_1_2025_06_24T21_08_27_935Z_CH1_SingleHoused.xlsx,class_all_grooming,65.967,0.966000000000008
All_SocIso_SH,EH250624_SocIso_1_2025_06_24T21_08_27_935Z_CH1_SingleHoused.xlsx,class_all_grooming,70.5,1.033
All_SocIso_SH,EH250624_SocIso_1_2025_06_24T21_08_27_935Z_CH1_SingleHoused.xlsx,class_all_grooming,71.567,0.666000000000011
All_SocIso_SH,EH250624_SocIso_1_2025_06_24T21_08_27_935Z_CH1_SingleHoused.xlsx,class_all_grooming,72.7,3
All_SocIso_SH,EH250624_SocIso_1_2025_06_24T21_08_27_935Z_CH1_SingleHoused.xlsx,class_all_grooming,106.067,1.80000000000001
All_SocIso_SH,EH250624_SocIso_1_2025_06_24T21_08_27_935Z_CH1_SingleHoused.xlsx,class_all_grooming,108.033,5.934
All_SocIso_SH,EH250624_SocIso_1_2025_06_24T21_08_27_935Z_CH1_SingleHoused.xlsx,class_all_grooming,114,2.7
All_SocIso_SH,EH250624_SocIso_1_2025_06_24T21_08_27_935Z_CH1_SingleHoused.xlsx,class_all_grooming,116.733,0.733999999999995
All_SocIso_SH,EH250624_SocIso_1_2025_06_24T21_08_27_935Z_CH1_SingleHoused.xlsx,class_all_grooming,117.5,3.033
All_SocIso_SH,EH250624_SocIso_1_2025_06_24T21_08_27_935Z_CH1_SingleHoused.xlsx,class_all_grooming,141.2,0.332999999999998
All_SocIso_SH,EH250624_SocIso_1_2025_06_24T21_08_27_935Z_CH1_SingleHoused.xlsx,class_all_grooming,171.1,3
All_SocIso_SH,EH250624_SocIso_1_2025_06_24T21_08_27_935Z_CH1_SingleHoused.xlsx,class_all_grooming,187.8,1.56699999999998
All_SocIso_SH,EH250624_SocIso_1_2025_06_24T21_08_27_935Z_CH1_SingleHoused.xlsx,class_all_grooming,194.1,2.36700000000002
All_SocIso_SH,EH250624_SocIso_1_2025_06_24T21_08_27_935Z_CH1_SingleHoused.xlsx,class_all_grooming,196.5,1.43299999999999
All_SocIso_SH,EH250624_SocIso_1_2025_06_24T21_08_27_935Z_CH1_SingleHoused.xlsx,class_all_grooming,198,0.599999999999994
All_SocIso_SH,EH250624_SocIso_1_2025_06_24T21_08_27_935Z_CH1_SingleHoused.xlsx,class_all_grooming,198.633,3
All_SocIso_SH,EH250624_SocIso_1_2025_06_24T21_08_27_935Z_CH1_SingleHoused.xlsx,class_all_grooming,201.667,0.265999999999991
All_SocIso_SH,EH250624_SocIso_1_2025_06_24T21_08_27_935Z_CH1_SingleHoused.xlsx,class_all_grooming,202.1,1.03300000000002
All_SocIso_SH,EH250624_SocIso_1_2025_06_24T21_08_27_935Z_CH1_SingleHoused.xlsx,class_all_grooming,203.167,0.332999999999998
All_SocIso_SH,EH250624_SocIso_1_2025_06_24T21_08_27_935Z_CH1_SingleHoused.xlsx,class_all_grooming,204.133,2.46699999999998
All_SocIso_SH,EH250624_SocIso_1_2025_06_24T21_08_27_935Z_CH1_SingleHoused.xlsx,class_all_grooming,206.633,0.334000000000003
All_SocIso_SH,EH250624_SocIso_1_2025_06_24T21_08_27_935Z_CH1_SingleHoused.xlsx,class_all_grooming,207.967,0.132999999999981
All_SocIso_SH,EH250624_SocIso_1_2025_06_24T21_08_27_935Z_CH1_SingleHoused.xlsx,class_all_grooming,208.133,0.433999999999997
All_SocIso_SH,EH250624_SocIso_1_2025_06_24T21_08_27_935Z_CH1_SingleHoused.xlsx,class_all_grooming,208.6,2
All_SocIso_SH,EH250624_SocIso_1_2025_06_24T21_08_27_935Z_CH1_SingleHoused.xlsx,class_all_grooming,210.633,0.399999999999977
All_SocIso_SH,EH250624_SocIso_1_2025_06_24T21_08_27_935Z_CH1_SingleHoused.xlsx,class_all_grooming,211.067,0.532999999999987
All_SocIso_SH,EH250624_SocIso_1_2025_06_24T21_08_27_935Z_CH1_SingleHoused.xlsx,class_all_grooming,211.633,0.334000000000003
All_SocIso_SH,EH250624_SocIso_1_2025_06_24T21_08_27_935Z_CH1_SingleHoused.xlsx,class_all_grooming,212.4,2.79999999999998
All_SocIso_SH,EH250624_SocIso_1_2025_06_24T21_08_27_935Z_CH1_SingleHoused.xlsx,class_all_grooming,216.867,0.700000000000017
All_SocIso_SH,EH250624_SocIso_1_2025_06_24T21_08_27_935Z_CH1_SingleHoused.xlsx,class_all_grooming,217.8,2.167
All_SocIso_SH,EH250624_SocIso_1_2025_06_24T21_08_27_935Z_CH1_SingleHoused.xlsx,class_all_grooming,220,0.932999999999993
All_SocIso_SH,EH250624_SocIso_1_2025_06_24T21_08_27_935Z_CH1_SingleHoused.xlsx,class_all_grooming,221.3,1.03299999999999
All_SocIso_SH,EH250624_SocIso_1_2025_06_24T21_08_27_935Z_CH1_SingleHoused.xlsx,class_all_grooming,222.367,2.233
All_SocIso_SH,EH250624_SocIso_1_2025_06_24T21_08_27_935Z_CH1_SingleHoused.xlsx,class_all_grooming,224.7,1.49900000000002
All_SocIso_SH,EH250624_SocIso_1_2025_06_24T21_08_27_935Z_CH1_SingleHoused.xlsx,class_all_grooming,226.2,2.93300000000002
All_SocIso_SH,EH250624_SocIso_1_2025_06_24T21_08_27_935Z_CH1_SingleHoused.xlsx,class_all_grooming,229.9,0.667000000000002
All_SocIso_SH,EH250624_SocIso_1_2025_06_24T21_08_27_935Z_CH1_SingleHoused.xlsx,class_all_grooming,230.9,3.56700000000001
All_SocIso_SH,EH250624_SocIso_1_2025_06_24T21_08_27_935Z_CH1_SingleHoused.xlsx,class_all_grooming,235.033,1
All_SocIso_SH,EH250624_SocIso_1_2025_06_24T21_08_27_935Z_CH1_SingleHoused.xlsx,class_all_grooming,236.533,3.56700000000001
All_SocIso_SH,EH250624_SocIso_1_2025_06_24T21_08_27_935Z_CH1_SingleHoused.xlsx,class_all_grooming,240.433,0.700000000000017
All_SocIso_SH,EH250624_SocIso_1_2025_06_24T21_08_27_935Z_CH1_SingleHoused.xlsx,class_all_grooming,241.433,2.46700000000001
All_SocIso_SH,EH250624_SocIso_1_2025_06_24T21_08_27_935Z_CH1_SingleHoused.xlsx,class_all_grooming,244.367,2.20000000000002
All_SocIso_SH,EH250624_SocIso_1_2025_06_24T21_08_27_935Z_CH1_SingleHoused.xlsx,class_all_grooming,248,3.03299999999999
All_SocIso_SH,EH250624_SocIso_1_2025_06_24T21_08_27_935Z_CH1_SingleHoused.xlsx,class_all_grooming,251.6,1.03300000000002
All_SocIso_SH,EH250624_SocIso_1_2025_06_24T21_08_27_935Z_CH1_SingleHoused.xlsx,class_all_grooming,286.167,0.833000000000027
All_SocIso_SH,EH250624_SocIso_1_2025_06_24T21_08_27_935Z_CH1_SingleHoused.xlsx,class_all_grooming,293.133,1.10000000000002
All_SocIso_SH,EH250624_SocIso_1_2025_06_24T21_08_27_935Z_CH1_SingleHoused.xlsx,head,114,2.7
All_SocIso_SH,EH250624_SocIso_1_2025_06_24T21_08_27_935Z_CH1_SingleHoused.xlsx,head,117.5,3.033
All_SocIso_SH,EH250624_SocIso_1_2025_06_24T21_08_27_935Z_CH1_SingleHoused.xlsx,head,203.167,0.332999999999998
All_SocIso_SH,EH250624_SocIso_1_2025_06_24T21_08_27_935Z_CH1_SingleHoused.xlsx,head,206.633,0.334000000000003
All_SocIso_SH,EH250624_SocIso_1_2025_06_24T21_08_27_935Z_CH1_SingleHoused.xlsx,head,211.067,0.532999999999987
All_SocIso_SH,EH250624_SocIso_1_2025_06_24T21_08_27_935Z_CH1_SingleHoused.xlsx,rubbing,44.5,3.7
All_SocIso_SH,EH250624_SocIso_1_2025_06_24T21_08_27_935Z_CH1_SingleHoused.xlsx,rubbing,58.467,0.566000000000003
All_SocIso_SH,EH250624_SocIso_1_2025_06_24T21_08_27_935Z_CH1_SingleHoused.xlsx,rubbing,65.967,0.966000000000008
All_SocIso_SH,EH250624_SocIso_1_2025_06_24T21_08_27_935Z_CH1_SingleHoused.xlsx,rubbing,70.5,1.033
All_SocIso_SH,EH250624_SocIso_1_2025_06_24T21_08_27_935Z_CH1_SingleHoused.xlsx,rubbing,71.567,0.666000000000011
All_SocIso_SH,EH250624_SocIso_1_2025_06_24T21_08_27_935Z_CH1_SingleHoused.xlsx,rubbing,72.7,3
All_SocIso_SH,EH250624_SocIso_1_2025_06_24T21_08_27_935Z_CH1_SingleHoused.xlsx,rubbing,106.067,1.80000000000001
All_SocIso_SH,EH250624_SocIso_1_2025_06_24T21_08_27_935Z_CH1_SingleHoused.xlsx,rubbing,108.033,5.934
All_SocIso_SH,EH250624_SocIso_1_2025_06_24T21_08_27_935Z_CH1_SingleHoused.xlsx,rubbing,116.733,0.733999999999995
All_SocIso_SH,EH250624_SocIso_1_2025_06_24T21_08_27_935Z_CH1_SingleHoused.xlsx,rubbing,141.2,0.332999999999998
All_SocIso_SH,EH250624_SocIso_1_2025_06_24T21_08_27_935Z_CH1_SingleHoused.xlsx,rubbing,171.1,3
All_SocIso_SH,EH250624_SocIso_1_2025_06_24T21_08_27_935Z_CH1_SingleHoused.xlsx,rubbing,187.8,1.56699999999998
All_SocIso_SH,EH250624_SocIso_1_2025_06_24T21_08_27_935Z_CH1_SingleHoused.xlsx,rubbing,194.1,2.36700000000002
All_SocIso_SH,EH250624_SocIso_1_2025_06_24T21_08_27_935Z_CH1_SingleHoused.xlsx,rubbing,196.5,1.43299999999999
All_SocIso_SH,EH250624_SocIso_1_2025_06_24T21_08_27_935Z_CH1_SingleHoused.xlsx,rubbing,198,0.599999999999994
All_SocIso_SH,EH250624_SocIso_1_2025_06_24T21_08_27_935Z_CH1_SingleHoused.xlsx,rubbing,198.633,3
All_SocIso_SH,EH250624_SocIso_1_2025_06_24T21_08_27_935Z_CH1_SingleHoused.xlsx,rubbing,201.667,0.265999999999991
All_SocIso_SH,EH250624_SocIso_1_2025_06_24T21_08_27_935Z_CH1_SingleHoused.xlsx,rubbing,202.1,1.03300000000002
All_SocIso_SH,EH250624_SocIso_1_2025_06_24T21_08_27_935Z_CH1_SingleHoused.xlsx,rubbing,204.133,2.46699999999998
All_SocIso_SH,EH250624_SocIso_1_2025_06_24T21_08_27_935Z_CH1_SingleHoused.xlsx,rubbing,207.967,0.132999999999981
All_SocIso_SH,EH250624_SocIso_1_2025_06_24T21_08_27_935Z_CH1_SingleHoused.xlsx,rubbing,208.133,0.433999999999997
All_SocIso_SH,EH250624_SocIso_1_2025_06_24T21_08_27_935Z_CH1_SingleHoused.xlsx,rubbing,208.6,2
All_SocIso_SH,EH250624_SocIso_1_2025_06_24T21_08_27_935Z_CH1_SingleHoused.xlsx,rubbing,210.633,0.399999999999977
All_SocIso_SH,EH250624_SocIso_1_2025_06_24T21_08_27_935Z_CH1_SingleHoused.xlsx,rubbing,211.633,0.334000000000003
All_SocIso_SH,EH250624_SocIso_1_2025_06_24T21_08_27_935Z_CH1_SingleHoused.xlsx,rubbing,212.4,2.79999999999998
All_SocIso_SH,EH250624_SocIso_1_2025_06_24T21_08_27_935Z_CH1_SingleHoused.xlsx,rubbing,216.867,0.700000000000017
All_SocIso_SH,EH250624_SocIso_1_2025_06_24T21_08_27_935Z_CH1_SingleHoused.xlsx,rubbing,220,0.932999999999993
All_SocIso_SH,EH250624_SocIso_1_2025_06_24T21_08_27_935Z_CH1_SingleHoused.xlsx,rubbing,224.7,1.49900000000002
All_SocIso_SH,EH250624_SocIso_1_2025_06_24T21_08_27_935Z_CH1_SingleHoused.xlsx,rubbing,229.9,0.667000000000002
All_SocIso_SH,EH250624_SocIso_1_2025_06_24T21_08_27_935Z_CH1_SingleHoused.xlsx,rubbing,235.033,1
All_SocIso_SH,EH250624_SocIso_1_2025_06_24T21_08_27_935Z_CH1_SingleHoused.xlsx,rubbing,240.433,0.700000000000017
All_SocIso_SH,EH250624_SocIso_1_2025_06_24T21_08_27_935Z_CH1_SingleHoused.xlsx,rubbing,244.367,2.20000000000002
All_SocIso_SH,EH250624_SocIso_1_2025_06_24T21_08_27_935Z_CH1_SingleHoused.xlsx,rubbing,248,3.03299999999999
All_SocIso_SH,EH250624_SocIso_1_2025_06_24T21_08_27_935Z_CH1_SingleHoused.xlsx,rubbing,251.6,1.03300000000002
All_SocIso_SH,EH250624_SocIso_1_2025_06_24T21_08_27_935Z_CH1_SingleHoused.xlsx,rubbing,286.167,0.833000000000027
All_SocIso_SH,EH250624_SocIso_1_2025_06_24T21_08_27_935Z_CH1_SingleHoused.xlsx,rubbing,293.133,1.10000000000002
All_SocIso_SH,EH250624_SocIso_1_2025_06_24T21_08_27_935Z_CH1_SingleHoused.xlsx,wing,63.7,2.233
All_SocIso_SH,EH250624_SocIso_1_2025_06_24T21_08_27_935Z_CH1_SingleHoused.xlsx,wing,222.367,2.233
All_SocIso_SH,EH250624_SocIso_1_2025_06_24T21_08_27_935Z_CH1_SingleHoused.xlsx,wing,226.2,2.93300000000002
All_SocIso_SH,EH250624_SocIso_1_2025_06_24T21_08_27_935Z_CH1_SingleHoused.xlsx,wing,230.9,3.56700000000001
All_SocIso_SH,EH250624_SocIso_1_2025_06_24T21_08_27_935Z_CH1_SingleHoused.xlsx,wing,236.533,3.56700000000001
All_SocIso_SH,EH250624_SocIso_1_2025_06_24T21_08_27_935Z_CH1_SingleHoused.xlsx,wing,241.433,2.46700000000001
All_SocIso_SH,EH250624_SocIso_1_Scoring_CH2_DL.xlsx,abdominal,59.9,0.433
All_SocIso_SH,EH250624_SocIso_1_Scoring_CH2_DL.xlsx,abdominal,256.867,1.33299999999997
All_SocIso_SH,EH250624_SocIso_1_Scoring_CH2_DL.xlsx,abdominal,259.233,0.334000000000003
All_SocIso_SH,EH250624_SocIso_1_Scoring_CH2_DL.xlsx,abdominal,260.7,0.367000000000019
All_SocIso_SH,EH250624_SocIso_1_Scoring_CH2_DL.xlsx,abdominal,262.2,1.19999999999999
All_SocIso_SH,EH250624_SocIso_1_Scoring_CH2_DL.xlsx,abdominal,264.3,1.767
All_SocIso_SH,EH250624_SocIso_1_Scoring_CH2_DL.xlsx,class_all_grooming,6.6,0.933000000000001
All_SocIso_SH,EH250624_SocIso_1_Scoring_CH2_DL.xlsx,class_all_grooming,7.567,1.8
All_SocIso_SH,EH250624_SocIso_1_Scoring_CH2_DL.xlsx,class_all_grooming,9.4,0.433
All_SocIso_SH,EH250624_SocIso_1_Scoring_CH2_DL.xlsx,class_all_grooming,9.933,2
All_SocIso_SH,EH250624_SocIso_1_Scoring_CH2_DL.xlsx,class_all_grooming,11.967,0.732999999999999
All_SocIso_SH,EH250624_SocIso_1_Scoring_CH2_DL.xlsx,class_all_grooming,58.333,1.334
All_SocIso_SH,EH250624_SocIso_1_Scoring_CH2_DL.xlsx,class_all_grooming,59.9,0.433
All_SocIso_SH,EH250624_SocIso_1_Scoring_CH2_DL.xlsx,class_all_grooming,60.367,1.90000000000001
All_SocIso_SH,EH250624_SocIso_1_Scoring_CH2_DL.xlsx,class_all_grooming,62.433,0.600000000000001
All_SocIso_SH,EH250624_SocIso_1_Scoring_CH2_DL.xlsx,class_all_grooming,66.6,1
All_SocIso_SH,EH250624_SocIso_1_Scoring_CH2_DL.xlsx,class_all_grooming,69.3,1.033
All_SocIso_SH,EH250624_SocIso_1_Scoring_CH2_DL.xlsx,class_all_grooming,70.367,0.132999999999996
All_SocIso_SH,EH250624_SocIso_1_Scoring_CH2_DL.xlsx,class_all_grooming,89.933,7.16699999999999
All_SocIso_SH,EH250624_SocIso_1_Scoring_CH2_DL.xlsx,class_all_grooming,97.3,2.93300000000001
All_SocIso_SH,EH250624_SocIso_1_Scoring_CH2_DL.xlsx,class_all_grooming,101.3,2.333
All_SocIso_SH,EH250624_SocIso_1_Scoring_CH2_DL.xlsx,class_all_grooming,103.833,0.567000000000007
All_SocIso_SH,EH250624_SocIso_1_Scoring_CH2_DL.xlsx,class_all_grooming,104.433,0.5
All_SocIso_SH,EH250624_SocIso_1_Scoring_CH2_DL.xlsx,class_all_grooming,104.967,1.96600000000001
All_SocIso_SH,EH250624_SocIso_1_Scoring_CH2_DL.xlsx,class_all_grooming,106.967,0.299999999999997
All_SocIso_SH,EH250624_SocIso_1_Scoring_CH2_DL.xlsx,class_all_grooming,107.3,0.233000000000004
All_SocIso_SH,EH250624_SocIso_1_Scoring_CH2_DL.xlsx,class_all_grooming,107.7,0.233000000000004
All_SocIso_SH,EH250624_SocIso_1_Scoring_CH2_DL.xlsx,class_all_grooming,107.967,0.533000000000001
All_SocIso_SH,EH250624_SocIso_1_Scoring_CH2_DL.xlsx,class_all_grooming,108.533,0.200000000000003
All_SocIso_SH,EH250624_SocIso_1_Scoring_CH2_DL.xlsx,class_all_grooming,108.767,0.666000000000011
All_SocIso_SH,EH250624_SocIso_1_Scoring_CH2_DL.xlsx,class_all_grooming,109.467,0.433000000000007
All_SocIso_SH,EH250624_SocIso_1_Scoring_CH2_DL.xlsx,class_all_grooming,110.767,0.933000000000007
All_SocIso_SH,EH250624_SocIso_1_Scoring_CH2_DL.xlsx,class_all_grooming,111.733,0.200000000000003
All_SocIso_SH,EH250624_SocIso_1_Scoring_CH2_DL.xlsx,class_all_grooming,112.067,0.63300000000001
All_SocIso_SH,EH250624_SocIso_1_Scoring_CH2_DL.xlsx,class_all_grooming,112.733,0.599999999999994
All_SocIso_SH,EH250624_SocIso_1_Scoring_CH2_DL.xlsx,class_all_grooming,113.367,0.366
All_SocIso_SH,EH250624_SocIso_1_Scoring_CH2_DL.xlsx,class_all_grooming,113.767,1.46600000000001
All_SocIso_SH,EH250624_SocIso_1_Scoring_CH2_DL.xlsx,class_all_grooming,115.3,0.667000000000002
All_SocIso_SH,EH250624_SocIso_1_Scoring_CH2_DL.xlsx,class_all_grooming,116.033,0.634
All_SocIso_SH,EH250624_SocIso_1_Scoring_CH2_DL.xlsx,class_all_grooming,116.767,0.966000000000008
All_SocIso_SH,EH250624_SocIso_1_Scoring_CH2_DL.xlsx,class_all_grooming,117.867,0.799999999999997
All_SocIso_SH,EH250624_SocIso_1_Scoring_CH2_DL.xlsx,class_all_grooming,118.8,0.63300000000001
All_SocIso_SH,EH250624_SocIso_1_Scoring_CH2_DL.xlsx,class_all_grooming,119.467,2.3
All_SocIso_SH,EH250624_SocIso_1_Scoring_CH2_DL.xlsx,class_all_grooming,121.8,0.332999999999998
All_SocIso_SH,EH250624_SocIso_1_Scoring_CH2_DL.xlsx,class_all_grooming,123.567,1.63300000000001
All_SocIso_SH,EH250624_SocIso_1_Scoring_CH2_DL.xlsx,class_all_grooming,154.867,0.866000000000014
All_SocIso_SH,EH250624_SocIso_1_Scoring_CH2_DL.xlsx,class_all_grooming,166.033,2.334
All_SocIso_SH,EH250624_SocIso_1_Scoring_CH2_DL.xlsx,class_all_grooming,168.433,3.90000000000001
All_SocIso_SH,EH250624_SocIso_1_Scoring_CH2_DL.xlsx,class_all_grooming,175.167,1.46600000000001
All_SocIso_SH,EH250624_SocIso_1_Scoring_CH2_DL.xlsx,class_all_grooming,198.733,1.434
All_SocIso_SH,EH250624_SocIso_1_Scoring_CH2_DL.xlsx,class_all_grooming,215.4,3.69999999999999
All_SocIso_SH,EH250624_SocIso_1_Scoring_CH2_DL.xlsx,class_all_grooming,219.9,8.667
All_SocIso_SH,EH250624_SocIso_1_Scoring_CH2_DL.xlsx,class_all_grooming,228.6,0.400000000000006
All_SocIso_SH,EH250624_SocIso_1_Scoring_CH2_DL.xlsx,class_all_grooming,229.033,2.53400000000002
All_SocIso_SH,EH250624_SocIso_1_Scoring_CH2_DL.xlsx,class_all_grooming,231.7,1.20000000000002
All_SocIso_SH,EH250624_SocIso_1_Scoring_CH2_DL.xlsx,class_all_grooming,233.1,2.03300000000002
All_SocIso_SH,EH250624_SocIso_1_Scoring_CH2_DL.xlsx,class_all_grooming,235.167,4.666
All_SocIso_SH,EH250624_SocIso_1_Scoring_CH2_DL.xlsx,class_all_grooming,239.9,2.06700000000001
All_SocIso_SH,EH250624_SocIso_1_Scoring_CH2_DL.xlsx,class_all_grooming,243.133,2.334
All_SocIso_SH,EH250624_SocIso_1_Scoring_CH2_DL.xlsx,class_all_grooming,245.5,0.532999999999987
All_SocIso_SH,EH250624_SocIso_1_Scoring_CH2_DL.xlsx,class_all_grooming,246.067,0.299999999999983
All_SocIso_SH,EH250624_SocIso_1_Scoring_CH2_DL.xlsx,class_all_grooming,246.7,1.167
All_SocIso_SH,EH250624_SocIso_1_Scoring_CH2_DL.xlsx,class_all_grooming,248.2,2.26700000000002
All_SocIso_SH,EH250624_SocIso_1_Scoring_CH2_DL.xlsx,class_all_grooming,250.6,1.63300000000001
All_SocIso_SH,EH250624_SocIso_1_Scoring_CH2_DL.xlsx,class_all_grooming,252.533,4.09999999999999
All_SocIso_SH,EH250624_SocIso_1_Scoring_CH2_DL.xlsx,class_all_grooming,256.867,1.33299999999997
All_SocIso_SH,EH250624_SocIso_1_Scoring_CH2_DL.xlsx,class_all_grooming,258.233,0.834000000000003
All_SocIso_SH,EH250624_SocIso_1_Scoring_CH2_DL.xlsx,class_all_grooming,259.233,0.334000000000003
All_SocIso_SH,EH250624_SocIso_1_Scoring_CH2_DL.xlsx,class_all_grooming,259.6,0.866999999999962
All_SocIso_SH,EH250624_SocIso_1_Scoring_CH2_DL.xlsx,class_all_grooming,260.7,0.367000000000019
All_SocIso_SH,EH250624_SocIso_1_Scoring_CH2_DL.xlsx,class_all_grooming,261.1,1
All_SocIso_SH,EH250624_SocIso_1_Scoring_CH2_DL.xlsx,class_all_grooming,262.2,1.19999999999999
All_SocIso_SH,EH250624_SocIso_1_Scoring_CH2_DL.xlsx,class_all_grooming,263.433,0.834000000000003
All_SocIso_SH,EH250624_SocIso_1_Scoring_CH2_DL.xlsx,class_all_grooming,264.3,1.767
All_SocIso_SH,EH250624_SocIso_1_Scoring_CH2_DL.xlsx,class_all_grooming,266.1,1.233
All_SocIso_SH,EH250624_SocIso_1_Scoring_CH2_DL.xlsx,class_all_grooming,268.3,5
All_SocIso_SH,EH250624_SocIso_1_Scoring_CH2_DL.xlsx,class_all_grooming,273.333,1.33399999999995
All_SocIso_SH,EH250624_SocIso_1_Scoring_CH2_DL.xlsx,class_all_grooming,274.7,0.466999999999985
All_SocIso_SH,EH250624_SocIso_1_Scoring_CH2_DL.xlsx,class_all_grooming,275.333,6.16699999999997
All_SocIso_SH,EH250624_SocIso_1_Scoring_CH2_DL.xlsx,class_all_grooming,281.633,1.70000000000005
All_SocIso_SH,EH250624_SocIso_1_Scoring_CH2_DL.xlsx,class_all_grooming,283.467,1.733
All_SocIso_SH,EH250624_SocIso_1_Scoring_CH2_DL.xlsx,class_all_grooming,285.233,0.666999999999973
All_SocIso_SH,EH250624_SocIso_1_Scoring_CH2_DL.xlsx,class_all_grooming,286.3,1.69999999999999
All_SocIso_SH,EH250624_SocIso_1_Scoring_CH2_DL.xlsx,class_all_grooming,288.167,2.16600000000005
All_SocIso_SH,EH250624_SocIso_1_Scoring_CH2_DL.xlsx,class_all_grooming,290.667,3
All_SocIso_SH,EH250624_SocIso_1_Scoring_CH2_DL.xlsx,head,104.433,0.5
All_SocIso_SH,EH250624_SocIso_1_Scoring_CH2_DL.xlsx,head,106.967,0.299999999999997
All_SocIso_SH,EH250624_SocIso_1_Scoring_CH2_DL.xlsx,head,107.7,0.233000000000004
All_SocIso_SH,EH250624_SocIso_1_Scoring_CH2_DL.xlsx,head,108.533,0.200000000000003
All_SocIso_SH,EH250624_SocIso_1_Scoring_CH2_DL.xlsx,head,109.467,0.433000000000007
All_SocIso_SH,EH250624_SocIso_1_Scoring_CH2_DL.xlsx,head,111.733,0.200000000000003
All_SocIso_SH,EH250624_SocIso_1_Scoring_CH2_DL.xlsx,head,112.733,0.599999999999994
All_SocIso_SH,EH250624_SocIso_1_Scoring_CH2_DL.xlsx,head,113.767,1.46600000000001
All_SocIso_SH,EH250624_SocIso_1_Scoring_CH2_DL.xlsx,head,116.033,0.634
All_SocIso_SH,EH250624_SocIso_1_Scoring_CH2_DL.xlsx,head,116.767,0.966000000000008
All_SocIso_SH,EH250624_SocIso_1_Scoring_CH2_DL.xlsx,head,117.867,0.799999999999997
All_SocIso_SH,EH250624_SocIso_1_Scoring_CH2_DL.xlsx,head,119.467,2.3
All_SocIso_SH,EH250624_SocIso_1_Scoring_CH2_DL.xlsx,head,228.6,0.400000000000006
All_SocIso_SH,EH250624_SocIso_1_Scoring_CH2_DL.xlsx,head,246.067,0.299999999999983
All_SocIso_SH,EH250624_SocIso_1_Scoring_CH2_DL.xlsx,rubbing,6.6,0.933000000000001
All_SocIso_SH,EH250624_SocIso_1_Scoring_CH2_DL.xlsx,rubbing,7.567,1.8
All_SocIso_SH,EH250624_SocIso_1_Scoring_CH2_DL.xlsx,rubbing,9.4,0.433
All_SocIso_SH,EH250624_SocIso_1_Scoring_CH2_DL.xlsx,rubbing,9.933,2
All_SocIso_SH,EH250624_SocIso_1_Scoring_CH2_DL.xlsx,rubbing,11.967,0.732999999999999
All_SocIso_SH,EH250624_SocIso_1_Scoring_CH2_DL.xlsx,rubbing,58.333,1.334
All_SocIso_SH,EH250624_SocIso_1_Scoring_CH2_DL.xlsx,rubbing,60.367,1.90000000000001
All_SocIso_SH,EH250624_SocIso_1_Scoring_CH2_DL.xlsx,rubbing,62.433,0.600000000000001
All_SocIso_SH,EH250624_SocIso_1_Scoring_CH2_DL.xlsx,rubbing,66.6,1
All_SocIso_SH,EH250624_SocIso_1_Scoring_CH2_DL.xlsx,rubbing,69.3,1.033
All_SocIso_SH,EH250624_SocIso_1_Scoring_CH2_DL.xlsx,rubbing,70.367,0.132999999999996
All_SocIso_SH,EH250624_SocIso_1_Scoring_CH2_DL.xlsx,rubbing,89.933,7.16699999999999
All_SocIso_SH,EH250624_SocIso_1_Scoring_CH2_DL.xlsx,rubbing,97.3,2.93300000000001
All_SocIso_SH,EH250624_SocIso_1_Scoring_CH2_DL.xlsx,rubbing,101.3,2.333
All_SocIso_SH,EH250624_SocIso_1_Scoring_CH2_DL.xlsx,rubbing,104.967,1.96600000000001
All_SocIso_SH,EH250624_SocIso_1_Scoring_CH2_DL.xlsx,rubbing,107.3,0.233000000000004
All_SocIso_SH,EH250624_SocIso_1_Scoring_CH2_DL.xlsx,rubbing,107.967,0.533000000000001
All_SocIso_SH,EH250624_SocIso_1_Scoring_CH2_DL.xlsx,rubbing,108.767,0.666000000000011
All_SocIso_SH,EH250624_SocIso_1_Scoring_CH2_DL.xlsx,rubbing,110.767,0.933000000000007
All_SocIso_SH,EH250624_SocIso_1_Scoring_CH2_DL.xlsx,rubbing,112.067,0.63300000000001
All_SocIso_SH,EH250624_SocIso_1_Scoring_CH2_DL.xlsx,rubbing,113.367,0.366
All_SocIso_SH,EH250624_SocIso_1_Scoring_CH2_DL.xlsx,rubbing,115.3,0.667000000000002
All_SocIso_SH,EH250624_SocIso_1_Scoring_CH2_DL.xlsx,rubbing,118.8,0.63300000000001
All_SocIso_SH,EH250624_SocIso_1_Scoring_CH2_DL.xlsx,rubbing,121.8,0.332999999999998
All_SocIso_SH,EH250624_SocIso_1_Scoring_CH2_DL.xlsx,rubbing,123.567,1.63300000000001
All_SocIso_SH,EH250624_SocIso_1_Scoring_CH2_DL.xlsx,rubbing,154.867,0.866000000000014
All_SocIso_SH,EH250624_SocIso_1_Scoring_CH2_DL.xlsx,rubbing,175.167,1.46600000000001
All_SocIso_SH,EH250624_SocIso_1_Scoring_CH2_DL.xlsx,rubbing,198.733,1.434
All_SocIso_SH,EH250624_SocIso_1_Scoring_CH2_DL.xlsx,rubbing,215.4,3.69999999999999
All_SocIso_SH,EH250624_SocIso_1_Scoring_CH2_DL.xlsx,rubbing,219.9,8.667
All_SocIso_SH,EH250624_SocIso_1_Scoring_CH2_DL.xlsx,rubbing,229.033,2.53400000000002
All_SocIso_SH,EH250624_SocIso_1_Scoring_CH2_DL.xlsx,rubbing,231.7,1.20000000000002
All_SocIso_SH,EH250624_SocIso_1_Scoring_CH2_DL.xlsx,rubbing,233.1,2.03300000000002
All_SocIso_SH,EH250624_SocIso_1_Scoring_CH2_DL.xlsx,rubbing,235.167,4.666
All_SocIso_SH,EH250624_SocIso_1_Scoring_CH2_DL.xlsx,rubbing,239.9,2.06700000000001
All_SocIso_SH,EH250624_SocIso_1_Scoring_CH2_DL.xlsx,rubbing,243.133,2.334
All_SocIso_SH,EH250624_SocIso_1_Scoring_CH2_DL.xlsx,rubbing,245.5,0.532999999999987
All_SocIso_SH,EH250624_SocIso_1_Scoring_CH2_DL.xlsx,rubbing,246.7,1.167
All_SocIso_SH,EH250624_SocIso_1_Scoring_CH2_DL.xlsx,rubbing,248.2,2.26700000000002
All_SocIso_SH,EH250624_SocIso_1_Scoring_CH2_DL.xlsx,rubbing,250.6,1.63300000000001
All_SocIso_SH,EH250624_SocIso_1_Scoring_CH2_DL.xlsx,rubbing,252.533,4.09999999999999
All_SocIso_SH,EH250624_SocIso_1_Scoring_CH2_DL.xlsx,rubbing,258.233,0.834000000000003
All_SocIso_SH,EH250624_SocIso_1_Scoring_CH2_DL.xlsx,rubbing,259.6,0.866999999999962
All_SocIso_SH,EH250624_SocIso_1_Scoring_CH2_DL.xlsx,rubbing,261.1,1
All_SocIso_SH,EH250624_SocIso_1_Scoring_CH2_DL.xlsx,rubbing,263.433,0.834000000000003
All_SocIso_SH,EH250624_SocIso_1_Scoring_CH2_DL.xlsx,rubbing,266.1,1.233
All_SocIso_SH,EH250624_SocIso_1_Scoring_CH2_DL.xlsx,rubbing,273.333,1.33399999999995
All_SocIso_SH,EH250624_SocIso_1_Scoring_CH2_DL.xlsx,rubbing,274.7,0.466999999999985
All_SocIso_SH,EH250624_SocIso_1_Scoring_CH2_DL.xlsx,rubbing,285.233,0.666999999999973
All_SocIso_SH,EH250624_SocIso_1_Scoring_CH2_DL.xlsx,rubbing,286.3,1.69999999999999
All_SocIso_SH,EH250624_SocIso_1_Scoring_CH2_DL.xlsx,rubbing,288.167,2.16600000000005
All_SocIso_SH,EH250624_SocIso_1_Scoring_CH2_DL.xlsx,rubbing,290.667,3
All_SocIso_SH,EH250624_SocIso_1_Scoring_CH2_DL.xlsx,wing,103.833,0.567000000000007
All_SocIso_SH,EH250624_SocIso_1_Scoring_CH2_DL.xlsx,wing,166.033,2.334
All_SocIso_SH,EH250624_SocIso_1_Scoring_CH2_DL.xlsx,wing,168.433,3.90000000000001
All_SocIso_SH,EH250624_SocIso_1_Scoring_CH2_DL.xlsx,wing,268.3,5
All_SocIso_SH,EH250624_SocIso_1_Scoring_CH2_DL.xlsx,wing,275.333,6.16699999999997
All_SocIso_SH,EH250624_SocIso_1_Scoring_CH2_DL.xlsx,wing,281.633,1.70000000000005
All_SocIso_SH,EH250624_SocIso_1_Scoring_CH2_DL.xlsx,wing,283.467,1.733
All_SocIso_SH,EH250624_SocIso_2_2025_06_24T21_38_19_103Z_CH4_SingleHoused.xlsx,abdominal,23.633,0.434000000000001
All_SocIso_SH,EH250624_SocIso_2_2025_06_24T21_38_19_103Z_CH4_SingleHoused.xlsx,abdominal,168.9,0.532999999999987
All_SocIso_SH,EH250624_SocIso_2_2025_06_24T21_38_19_103Z_CH4_SingleHoused.xlsx,class_all_grooming,14.1,1.633
All_SocIso_SH,EH250624_SocIso_2_2025_06_24T21_38_19_103Z_CH4_SingleHoused.xlsx,class_all_grooming,15.767,0.433
All_SocIso_SH,EH250624_SocIso_2_2025_06_24T21_38_19_103Z_CH4_SingleHoused.xlsx,class_all_grooming,16.233,0.834
All_SocIso_SH,EH250624_SocIso_2_2025_06_24T21_38_19_103Z_CH4_SingleHoused.xlsx,class_all_grooming,20.067,0.733000000000001
All_SocIso_SH,EH250624_SocIso_2_2025_06_24T21_38_19_103Z_CH4_SingleHoused.xlsx,class_all_grooming,21.7,0.699999999999999
All_SocIso_SH,EH250624_SocIso_2_2025_06_24T21_38_19_103Z_CH4_SingleHoused.xlsx,class_all_grooming,23.633,0.434000000000001
All_SocIso_SH,EH250624_SocIso_2_2025_06_24T21_38_19_103Z_CH4_SingleHoused.xlsx,class_all_grooming,34.267,2.066
All_SocIso_SH,EH250624_SocIso_2_2025_06_24T21_38_19_103Z_CH4_SingleHoused.xlsx,class_all_grooming,36.367,0.666000000000004
All_SocIso_SH,EH250624_SocIso_2_2025_06_24T21_38_19_103Z_CH4_SingleHoused.xlsx,class_all_grooming,37.067,0.933
All_SocIso_SH,EH250624_SocIso_2_2025_06_24T21_38_19_103Z_CH4_SingleHoused.xlsx,class_all_grooming,41.5,0.366999999999997
All_SocIso_SH,EH250624_SocIso_2_2025_06_24T21_38_19_103Z_CH4_SingleHoused.xlsx,class_all_grooming,41.9,0.466999999999999
All_SocIso_SH,EH250624_SocIso_2_2025_06_24T21_38_19_103Z_CH4_SingleHoused.xlsx,class_all_grooming,42.4,1.167
All_SocIso_SH,EH250624_SocIso_2_2025_06_24T21_38_19_103Z_CH4_SingleHoused.xlsx,class_all_grooming,43.6,1.133
All_SocIso_SH,EH250624_SocIso_2_2025_06_24T21_38_19_103Z_CH4_SingleHoused.xlsx,class_all_grooming,48.833,0.434000000000005
All_SocIso_SH,EH250624_SocIso_2_2025_06_24T21_38_19_103Z_CH4_SingleHoused.xlsx,class_all_grooming,49.3,2.7
All_SocIso_SH,EH250624_SocIso_2_2025_06_24T21_38_19_103Z_CH4_SingleHoused.xlsx,class_all_grooming,52.033,0.167000000000002
All_SocIso_SH,EH250624_SocIso_2_2025_06_24T21_38_19_103Z_CH4_SingleHoused.xlsx,class_all_grooming,70.867,11.2
All_SocIso_SH,EH250624_SocIso_2_2025_06_24T21_38_19_103Z_CH4_SingleHoused.xlsx,class_all_grooming,105.667,4
All_SocIso_SH,EH250624_SocIso_2_2025_06_24T21_38_19_103Z_CH4_SingleHoused.xlsx,class_all_grooming,120.133,2.06700000000001
All_SocIso_SH,EH250624_SocIso_2_2025_06_24T21_38_19_103Z_CH4_SingleHoused.xlsx,class_all_grooming,122.233,0.86699999999999
All_SocIso_SH,EH250624_SocIso_2_2025_06_24T21_38_19_103Z_CH4_SingleHoused.xlsx,class_all_grooming,138.433,3.56700000000001
All_SocIso_SH,EH250624_SocIso_2_2025_06_24T21_38_19_103Z_CH4_SingleHoused.xlsx,class_all_grooming,142.8,5.39999999999998
All_SocIso_SH,EH250624_SocIso_2_2025_06_24T21_38_19_103Z_CH4_SingleHoused.xlsx,class_all_grooming,157.533,0.367000000000019
All_SocIso_SH,EH250624_SocIso_2_2025_06_24T21_38_19_103Z_CH4_SingleHoused.xlsx,class_all_grooming,158.533,5.93400000000003
All_SocIso_SH,EH250624_SocIso_2_2025_06_24T21_38_19_103Z_CH4_SingleHoused.xlsx,class_all_grooming,164.533,4.03400000000002
All_SocIso_SH,EH250624_SocIso_2_2025_06_24T21_38_19_103Z_CH4_SingleHoused.xlsx,class_all_grooming,168.9,0.532999999999987
All_SocIso_SH,EH250624_SocIso_2_2025_06_24T21_38_19_103Z_CH4_SingleHoused.xlsx,class_all_grooming,169.467,2.69999999999999
All_SocIso_SH,EH250624_SocIso_2_2025_06_24T21_38_19_103Z_CH4_SingleHoused.xlsx,class_all_grooming,194.467,1.93299999999999
All_SocIso_SH,EH250624_SocIso_2_2025_06_24T21_38_19_103Z_CH4_SingleHoused.xlsx,class_all_grooming,196.433,0.53400000000002
All_SocIso_SH,EH250624_SocIso_2_2025_06_24T21_38_19_103Z_CH4_SingleHoused.xlsx,class_all_grooming,197,0.932999999999993
All_SocIso_SH,EH250624_SocIso_2_2025_06_24T21_38_19_103Z_CH4_SingleHoused.xlsx,class_all_grooming,197.967,0.365999999999985
All_SocIso_SH,EH250624_SocIso_2_2025_06_24T21_38_19_103Z_CH4_SingleHoused.xlsx,class_all_grooming,198.367,0.400000000000006
All_SocIso_SH,EH250624_SocIso_2_2025_06_24T21_38_19_103Z_CH4_SingleHoused.xlsx,class_all_grooming,198.8,1.46699999999998
All_SocIso_SH,EH250624_SocIso_2_2025_06_24T21_38_19_103Z_CH4_SingleHoused.xlsx,class_all_grooming,208.6,0.367000000000019
All_SocIso_SH,EH250624_SocIso_2_2025_06_24T21_38_19_103Z_CH4_SingleHoused.xlsx,class_all_grooming,209,0.832999999999998
All_SocIso_SH,EH250624_SocIso_2_2025_06_24T21_38_19_103Z_CH4_SingleHoused.xlsx,class_all_grooming,209.867,1.70000000000002
All_SocIso_SH,EH250624_SocIso_2_2025_06_24T21_38_19_103Z_CH4_SingleHoused.xlsx,class_all_grooming,211.6,1.96700000000001
All_SocIso_SH,EH250624_SocIso_2_2025_06_24T21_38_19_103Z_CH4_SingleHoused.xlsx,class_all_grooming,213.6,0.733000000000004
All_SocIso_SH,EH250624_SocIso_2_2025_06_24T21_38_19_103Z_CH4_SingleHoused.xlsx,class_all_grooming,214.367,0.566000000000003
All_SocIso_SH,EH250624_SocIso_2_2025_06_24T21_38_19_103Z_CH4_SingleHoused.xlsx,class_all_grooming,227.133,9.19999999999999
All_SocIso_SH,EH250624_SocIso_2_2025_06_24T21_38_19_103Z_CH4_SingleHoused.xlsx,class_all_grooming,243.2,2.43300000000002
All_SocIso_SH,EH250624_SocIso_2_2025_06_24T21_38_19_103Z_CH4_SingleHoused.xlsx,class_all_grooming,246.4,3.767
All_SocIso_SH,EH250624_SocIso_2_2025_06_24T21_38_19_103Z_CH4_SingleHoused.xlsx,class_all_grooming,250.533,3.26700000000002
All_SocIso_SH,EH250624_SocIso_2_2025_06_24T21_38_19_103Z_CH4_SingleHoused.xlsx,class_all_grooming,254.133,1.36699999999999
All_SocIso_SH,EH250624_SocIso_2_2025_06_24T21_38_19_103Z_CH4_SingleHoused.xlsx,class_all_grooming,255.533,1.50000000000003
All_SocIso_SH,EH250624_SocIso_2_2025_06_24T21_38_19_103Z_CH4_SingleHoused.xlsx,class_all_grooming,257.067,1.96600000000001
All_SocIso_SH,EH250624_SocIso_2_2025_06_24T21_38_19_103Z_CH4_SingleHoused.xlsx,class_all_grooming,259.067,1.26600000000002
All_SocIso_SH,EH250624_SocIso_2_2025_06_24T21_38_19_103Z_CH4_SingleHoused.xlsx,class_all_grooming,278.8,1.13299999999998
All_SocIso_SH,EH250624_SocIso_2_2025_06_24T21_38_19_103Z_CH4_SingleHoused.xlsx,class_all_grooming,279.967,1.03300000000002
All_SocIso_SH,EH250624_SocIso_2_2025_06_24T21_38_19_103Z_CH4_SingleHoused.xlsx,class_all_grooming,287.967,3.69999999999999
All_SocIso_SH,EH250624_SocIso_2_2025_06_24T21_38_19_103Z_CH4_SingleHoused.xlsx,head,15.767,0.433
All_SocIso_SH,EH250624_SocIso_2_2025_06_24T21_38_19_103Z_CH4_SingleHoused.xlsx,head,43.6,1.133
All_SocIso_SH,EH250624_SocIso_2_2025_06_24T21_38_19_103Z_CH4_SingleHoused.xlsx,head,196.433,0.53400000000002
All_SocIso_SH,EH250624_SocIso_2_2025_06_24T21_38_19_103Z_CH4_SingleHoused.xlsx,head,197.967,0.365999999999985
All_SocIso_SH,EH250624_SocIso_2_2025_06_24T21_38_19_103Z_CH4_SingleHoused.xlsx,head,198.8,1.46699999999998
All_SocIso_SH,EH250624_SocIso_2_2025_06_24T21_38_19_103Z_CH4_SingleHoused.xlsx,head,211.6,1.96700000000001
All_SocIso_SH,EH250624_SocIso_2_2025_06_24T21_38_19_103Z_CH4_SingleHoused.xlsx,head,214.367,0.566000000000003
All_SocIso_SH,EH250624_SocIso_2_2025_06_24T21_38_19_103Z_CH4_SingleHoused.xlsx,rubbing,14.1,1.633
All_SocIso_SH,EH250624_SocIso_2_2025_06_24T21_38_19_103Z_CH4_SingleHoused.xlsx,rubbing,16.233,0.834
All_SocIso_SH,EH250624_SocIso_2_2025_06_24T21_38_19_103Z_CH4_SingleHoused.xlsx,rubbing,20.067,0.733000000000001
All_SocIso_SH,EH250624_SocIso_2_2025_06_24T21_38_19_103Z_CH4_SingleHoused.xlsx,rubbing,21.7,0.699999999999999
All_SocIso_SH,EH250624_SocIso_2_2025_06_24T21_38_19_103Z_CH4_SingleHoused.xlsx,rubbing,34.267,2.066
All_SocIso_SH,EH250624_SocIso_2_2025_06_24T21_38_19_103Z_CH4_SingleHoused.xlsx,rubbing,36.367,0.666000000000004
All_SocIso_SH,EH250624_SocIso_2_2025_06_24T21_38_19_103Z_CH4_SingleHoused.xlsx,rubbing,37.067,0.933
All_SocIso_SH,EH250624_SocIso_2_2025_06_24T21_38_19_103Z_CH4_SingleHoused.xlsx,rubbing,41.5,0.366999999999997
All_SocIso_SH,EH250624_SocIso_2_2025_06_24T21_38_19_103Z_CH4_SingleHoused.xlsx,rubbing,41.9,0.466999999999999
All_SocIso_SH,EH250624_SocIso_2_2025_06_24T21_38_19_103Z_CH4_SingleHoused.xlsx,rubbing,42.4,1.167
All_SocIso_SH,EH250624_SocIso_2_2025_06_24T21_38_19_103Z_CH4_SingleHoused.xlsx,rubbing,48.833,0.434000000000005
All_SocIso_SH,EH250624_SocIso_2_2025_06_24T21_38_19_103Z_CH4_SingleHoused.xlsx,rubbing,49.3,2.7
All_SocIso_SH,EH250624_SocIso_2_2025_06_24T21_38_19_103Z_CH4_SingleHoused.xlsx,rubbing,52.033,0.167000000000002
All_SocIso_SH,EH250624_SocIso_2_2025_06_24T21_38_19_103Z_CH4_SingleHoused.xlsx,rubbing,70.867,11.2
All_SocIso_SH,EH250624_SocIso_2_2025_06_24T21_38_19_103Z_CH4_SingleHoused.xlsx,rubbing,105.667,4
All_SocIso_SH,EH250624_SocIso_2_2025_06_24T21_38_19_103Z_CH4_SingleHoused.xlsx,rubbing,120.133,2.06700000000001
All_SocIso_SH,EH250624_SocIso_2_2025_06_24T21_38_19_103Z_CH4_SingleHoused.xlsx,rubbing,122.233,0.86699999999999
All_SocIso_SH,EH250624_SocIso_2_2025_06_24T21_38_19_103Z_CH4_SingleHoused.xlsx,rubbing,138.433,3.56700000000001
All_SocIso_SH,EH250624_SocIso_2_2025_06_24T21_38_19_103Z_CH4_SingleHoused.xlsx,rubbing,142.8,5.39999999999998
All_SocIso_SH,EH250624_SocIso_2_2025_06_24T21_38_19_103Z_CH4_SingleHoused.xlsx,rubbing,157.533,0.367000000000019
All_SocIso_SH,EH250624_SocIso_2_2025_06_24T21_38_19_103Z_CH4_SingleHoused.xlsx,rubbing,158.533,5.93400000000003
All_SocIso_SH,EH250624_SocIso_2_2025_06_24T21_38_19_103Z_CH4_SingleHoused.xlsx,rubbing,164.533,4.03400000000002
All_SocIso_SH,EH250624_SocIso_2_2025_06_24T21_38_19_103Z_CH4_SingleHoused.xlsx,rubbing,169.467,2.69999999999999
All_SocIso_SH,EH250624_SocIso_2_2025_06_24T21_38_19_103Z_CH4_SingleHoused.xlsx,rubbing,194.467,1.93299999999999
All_SocIso_SH,EH250624_SocIso_2_2025_06_24T21_38_19_103Z_CH4_SingleHoused.xlsx,rubbing,197,0.932999999999993
All_SocIso_SH,EH250624_SocIso_2_2025_06_24T21_38_19_103Z_CH4_SingleHoused.xlsx,rubbing,198.367,0.400000000000006
All_SocIso_SH,EH250624_SocIso_2_2025_06_24T21_38_19_103Z_CH4_SingleHoused.xlsx,rubbing,208.6,0.367000000000019
All_SocIso_SH,EH250624_SocIso_2_2025_06_24T21_38_19_103Z_CH4_SingleHoused.xlsx,rubbing,209,0.832999999999998
All_SocIso_SH,EH250624_SocIso_2_2025_06_24T21_38_19_103Z_CH4_SingleHoused.xlsx,rubbing,209.867,1.70000000000002
All_SocIso_SH,EH250624_SocIso_2_2025_06_24T21_38_19_103Z_CH4_SingleHoused.xlsx,rubbing,213.6,0.733000000000004
All_SocIso_SH,EH250624_SocIso_2_2025_06_24T21_38_19_103Z_CH4_SingleHoused.xlsx,rubbing,227.133,9.19999999999999
All_SocIso_SH,EH250624_SocIso_2_2025_06_24T21_38_19_103Z_CH4_SingleHoused.xlsx,rubbing,243.2,2.43300000000002
All_SocIso_SH,EH250624_SocIso_2_2025_06_24T21_38_19_103Z_CH4_SingleHoused.xlsx,rubbing,246.4,3.767
All_SocIso_SH,EH250624_SocIso_2_2025_06_24T21_38_19_103Z_CH4_SingleHoused.xlsx,rubbing,250.533,3.26700000000002
All_SocIso_SH,EH250624_SocIso_2_2025_06_24T21_38_19_103Z_CH4_SingleHoused.xlsx,rubbing,254.133,1.36699999999999
All_SocIso_SH,EH250624_SocIso_2_2025_06_24T21_38_19_103Z_CH4_SingleHoused.xlsx,rubbing,255.533,1.50000000000003
All_SocIso_SH,EH250624_SocIso_2_2025_06_24T21_38_19_103Z_CH4_SingleHoused.xlsx,rubbing,257.067,1.96600000000001
All_SocIso_SH,EH250624_SocIso_2_2025_06_24T21_38_19_103Z_CH4_SingleHoused.xlsx,rubbing,259.067,1.26600000000002
All_SocIso_SH,EH250624_SocIso_2_2025_06_24T21_38_19_103Z_CH4_SingleHoused.xlsx,rubbing,278.8,1.13299999999998
All_SocIso_SH,EH250624_SocIso_2_2025_06_24T21_38_19_103Z_CH4_SingleHoused.xlsx,rubbing,279.967,1.03300000000002
All_SocIso_SH,EH250624_SocIso_2_2025_06_24T21_38_19_103Z_CH4_SingleHoused.xlsx,rubbing,287.967,3.69999999999999
All_SocIso_SH,EH250624_SocIso_2_Ch3_MRC.xlsx,abdominal,267.3,1.33299999999997
All_SocIso_SH,EH250624_SocIso_2_Ch3_MRC.xlsx,class_all_grooming,1.667,0.733
All_SocIso_SH,EH250624_SocIso_2_Ch3_MRC.xlsx,class_all_grooming,3.033,0.767
All_SocIso_SH,EH250624_SocIso_2_Ch3_MRC.xlsx,class_all_grooming,4.367,0.666
All_SocIso_SH,EH250624_SocIso_2_Ch3_MRC.xlsx,class_all_grooming,5.067,2.833
All_SocIso_SH,EH250624_SocIso_2_Ch3_MRC.xlsx,class_all_grooming,7.933,1.367
All_SocIso_SH,EH250624_SocIso_2_Ch3_MRC.xlsx,class_all_grooming,9.333,2.7
All_SocIso_SH,EH250624_SocIso_2_Ch3_MRC.xlsx,class_all_grooming,12.067,1.2
All_SocIso_SH,EH250624_SocIso_2_Ch3_MRC.xlsx,class_all_grooming,13.433,1.767
All_SocIso_SH,EH250624_SocIso_2_Ch3_MRC.xlsx,class_all_grooming,15.233,1.8
All_SocIso_SH,EH250624_SocIso_2_Ch3_MRC.xlsx,class_all_grooming,17.067,0.132999999999999
All_SocIso_SH,EH250624_SocIso_2_Ch3_MRC.xlsx,class_all_grooming,17.233,2.9
All_SocIso_SH,EH250624_SocIso_2_Ch3_MRC.xlsx,class_all_grooming,20.167,1.566
All_SocIso_SH,EH250624_SocIso_2_Ch3_MRC.xlsx,class_all_grooming,21.767,1
All_SocIso_SH,EH250624_SocIso_2_Ch3_MRC.xlsx,class_all_grooming,22.8,0.766999999999999
All_SocIso_SH,EH250624_SocIso_2_Ch3_MRC.xlsx,class_all_grooming,23.6,0.832999999999998
All_SocIso_SH,EH250624_SocIso_2_Ch3_MRC.xlsx,class_all_grooming,24.467,0.366
All_SocIso_SH,EH250624_SocIso_2_Ch3_MRC.xlsx,class_all_grooming,25,0.699999999999999
All_SocIso_SH,EH250624_SocIso_2_Ch3_MRC.xlsx,class_all_grooming,26.4,0.467000000000002
All_SocIso_SH,EH250624_SocIso_2_Ch3_MRC.xlsx,class_all_grooming,26.9,0.967000000000002
All_SocIso_SH,EH250624_SocIso_2_Ch3_MRC.xlsx,class_all_grooming,27.9,0.433
All_SocIso_SH,EH250624_SocIso_2_Ch3_MRC.xlsx,class_all_grooming,28.367,0.933
All_SocIso_SH,EH250624_SocIso_2_Ch3_MRC.xlsx,class_all_grooming,29.833,0.967000000000002
All_SocIso_SH,EH250624_SocIso_2_Ch3_MRC.xlsx,class_all_grooming,30.833,1.134
All_SocIso_SH,EH250624_SocIso_2_Ch3_MRC.xlsx,class_all_grooming,32,0.799999999999997
All_SocIso_SH,EH250624_SocIso_2_Ch3_MRC.xlsx,class_all_grooming,32.967,0.200000000000003
All_SocIso_SH,EH250624_SocIso_2_Ch3_MRC.xlsx,class_all_grooming,33.333,0.634
All_SocIso_SH,EH250624_SocIso_2_Ch3_MRC.xlsx,class_all_grooming,34.033,0.433999999999997
All_SocIso_SH,EH250624_SocIso_2_Ch3_MRC.xlsx,class_all_grooming,34.5,1
All_SocIso_SH,EH250624_SocIso_2_Ch3_MRC.xlsx,class_all_grooming,35.8,0.600000000000001
All_SocIso_SH,EH250624_SocIso_2_Ch3_MRC.xlsx,class_all_grooming,36.7,1.133
All_SocIso_SH,EH250624_SocIso_2_Ch3_MRC.xlsx,class_all_grooming,37.933,1.1
All_SocIso_SH,EH250624_SocIso_2_Ch3_MRC.xlsx,class_all_grooming,39.067,0.866
All_SocIso_SH,EH250624_SocIso_2_Ch3_MRC.xlsx,class_all_grooming,40.2,0.166999999999994
All_SocIso_SH,EH250624_SocIso_2_Ch3_MRC.xlsx,class_all_grooming,40.533,0.734000000000002
All_SocIso_SH,EH250624_SocIso_2_Ch3_MRC.xlsx,class_all_grooming,41.733,0.667000000000002
All_SocIso_SH,EH250624_SocIso_2_Ch3_MRC.xlsx,class_all_grooming,42.6,0.667000000000002
All_SocIso_SH,EH250624_SocIso_2_Ch3_MRC.xlsx,class_all_grooming,43.533,1
All_SocIso_SH,EH250624_SocIso_2_Ch3_MRC.xlsx,class_all_grooming,45.567,0.533000000000001
All_SocIso_SH,EH250624_SocIso_2_Ch3_MRC.xlsx,class_all_grooming,46.333,0.867000000000004
All_SocIso_SH,EH250624_SocIso_2_Ch3_MRC.xlsx,class_all_grooming,47.233,1.067
All_SocIso_SH,EH250624_SocIso_2_Ch3_MRC.xlsx,class_all_grooming,48.7,0.666999999999994
All_SocIso_SH,EH250624_SocIso_2_Ch3_MRC.xlsx,class_all_grooming,49.9,0.767000000000003
All_SocIso_SH,EH250624_SocIso_2_Ch3_MRC.xlsx,class_all_grooming,50.7,0.799999999999997
All_SocIso_SH,EH250624_SocIso_2_Ch3_MRC.xlsx,class_all_grooming,51.733,0.300000000000004
All_SocIso_SH,EH250624_SocIso_2_Ch3_MRC.xlsx,class_all_grooming,52.267,0.732999999999997
All_SocIso_SH,EH250624_SocIso_2_Ch3_MRC.xlsx,class_all_grooming,53.3,0.700000000000003
All_SocIso_SH,EH250624_SocIso_2_Ch3_MRC.xlsx,class_all_grooming,54.033,1
All_SocIso_SH,EH250624_SocIso_2_Ch3_MRC.xlsx,class_all_grooming,55.267,0.732999999999997
All_SocIso_SH,EH250624_SocIso_2_Ch3_MRC.xlsx,class_all_grooming,56.033,0.766999999999996
All_SocIso_SH,EH250624_SocIso_2_Ch3_MRC.xlsx,class_all_grooming,57.2,1.4
All_SocIso_SH,EH250624_SocIso_2_Ch3_MRC.xlsx,class_all_grooming,58.9,1.533
All_SocIso_SH,EH250624_SocIso_2_Ch3_MRC.xlsx,class_all_grooming,60.733,1.267
All_SocIso_SH,EH250624_SocIso_2_Ch3_MRC.xlsx,class_all_grooming,62.033,0.933999999999997
All_SocIso_SH,EH250624_SocIso_2_Ch3_MRC.xlsx,class_all_grooming,63,1.633
All_SocIso_SH,EH250624_SocIso_2_Ch3_MRC.xlsx,class_all_grooming,64.667,0.965999999999994
All_SocIso_SH,EH250624_SocIso_2_Ch3_MRC.xlsx,class_all_grooming,66.1,1.10000000000001
All_SocIso_SH,EH250624_SocIso_2_Ch3_MRC.xlsx,class_all_grooming,81.767,2.40000000000001
All_SocIso_SH,EH250624_SocIso_2_Ch3_MRC.xlsx,class_all_grooming,90.133,2.934
All_SocIso_SH,EH250624_SocIso_2_Ch3_MRC.xlsx,class_all_grooming,97.6,2.43300000000001
All_SocIso_SH,EH250624_SocIso_2_Ch3_MRC.xlsx,class_all_grooming,103,4.93300000000001
All_SocIso_SH,EH250624_SocIso_2_Ch3_MRC.xlsx,class_all_grooming,118.267,2.533
All_SocIso_SH,EH250624_SocIso_2_Ch3_MRC.xlsx,class_all_grooming,129.833,4.23400000000001
All_SocIso_SH,EH250624_SocIso_2_Ch3_MRC.xlsx,class_all_grooming,138.167,1.666
All_SocIso_SH,EH250624_SocIso_2_Ch3_MRC.xlsx,class_all_grooming,140.233,3.23400000000001
All_SocIso_SH,EH250624_SocIso_2_Ch3_MRC.xlsx,class_all_grooming,143.5,2
All_SocIso_SH,EH250624_SocIso_2_Ch3_MRC.xlsx,class_all_grooming,153.067,2.566
All_SocIso_SH,EH250624_SocIso_2_Ch3_MRC.xlsx,class_all_grooming,157.767,2.13300000000001
All_SocIso_SH,EH250624_SocIso_2_Ch3_MRC.xlsx,class_all_grooming,205.7,1.667
All_SocIso_SH,EH250624_SocIso_2_Ch3_MRC.xlsx,class_all_grooming,248,1.19999999999999
All_SocIso_SH,EH250624_SocIso_2_Ch3_MRC.xlsx,class_all_grooming,253,1.40000000000001
All_SocIso_SH,EH250624_SocIso_2_Ch3_MRC.xlsx,class_all_grooming,266,1.03300000000002
All_SocIso_SH,EH250624_SocIso_2_Ch3_MRC.xlsx,class_all_grooming,267.3,1.33299999999997
All_SocIso_SH,EH250624_SocIso_2_Ch3_MRC.xlsx,class_all_grooming,268.667,5
All_SocIso_SH,EH250624_SocIso_2_Ch3_MRC.xlsx,class_all_grooming,283.1,2.13299999999998
All_SocIso_SH,EH250624_SocIso_2_Ch3_MRC.xlsx,class_all_grooming,285.267,2.86599999999999
All_SocIso_SH,EH250624_SocIso_2_Ch3_MRC.xlsx,class_all_grooming,296,0.899999999999977
All_SocIso_SH,EH250624_SocIso_2_Ch3_MRC.xlsx,class_all_grooming,296.933,1.36700000000002
All_SocIso_SH,EH250624_SocIso_2_Ch3_MRC.xlsx,head,17.067,0.132999999999999
All_SocIso_SH,EH250624_SocIso_2_Ch3_MRC.xlsx,head,20.167,1.566
All_SocIso_SH,EH250624_SocIso_2_Ch3_MRC.xlsx,head,22.8,0.766999999999999
All_SocIso_SH,EH250624_SocIso_2_Ch3_MRC.xlsx,head,24.467,0.366
All_SocIso_SH,EH250624_SocIso_2_Ch3_MRC.xlsx,head,25,0.699999999999999
All_SocIso_SH,EH250624_SocIso_2_Ch3_MRC.xlsx,head,26.9,0.967000000000002
All_SocIso_SH,EH250624_SocIso_2_Ch3_MRC.xlsx,head,28.367,0.933
All_SocIso_SH,EH250624_SocIso_2_Ch3_MRC.xlsx,head,29.833,0.967000000000002
All_SocIso_SH,EH250624_SocIso_2_Ch3_MRC.xlsx,head,32,0.799999999999997
All_SocIso_SH,EH250624_SocIso_2_Ch3_MRC.xlsx,head,32.967,0.200000000000003
All_SocIso_SH,EH250624_SocIso_2_Ch3_MRC.xlsx,head,33.333,0.634
All_SocIso_SH,EH250624_SocIso_2_Ch3_MRC.xlsx,head,34.5,1
All_SocIso_SH,EH250624_SocIso_2_Ch3_MRC.xlsx,head,35.8,0.600000000000001
All_SocIso_SH,EH250624_SocIso_2_Ch3_MRC.xlsx,head,39.067,0.866
All_SocIso_SH,EH250624_SocIso_2_Ch3_MRC.xlsx,head,40.2,0.166999999999994
All_SocIso_SH,EH250624_SocIso_2_Ch3_MRC.xlsx,head,40.533,0.734000000000002
All_SocIso_SH,EH250624_SocIso_2_Ch3_MRC.xlsx,head,41.733,0.667000000000002
All_SocIso_SH,EH250624_SocIso_2_Ch3_MRC.xlsx,head,42.6,0.667000000000002
All_SocIso_SH,EH250624_SocIso_2_Ch3_MRC.xlsx,head,43.533,1
All_SocIso_SH,EH250624_SocIso_2_Ch3_MRC.xlsx,head,45.567,0.533000000000001
All_SocIso_SH,EH250624_SocIso_2_Ch3_MRC.xlsx,head,47.233,1.067
All_SocIso_SH,EH250624_SocIso_2_Ch3_MRC.xlsx,head,48.7,0.666999999999994
All_SocIso_SH,EH250624_SocIso_2_Ch3_MRC.xlsx,head,50.7,0.799999999999997
All_SocIso_SH,EH250624_SocIso_2_Ch3_MRC.xlsx,head,51.733,0.300000000000004
All_SocIso_SH,EH250624_SocIso_2_Ch3_MRC.xlsx,head,52.267,0.732999999999997
All_SocIso_SH,EH250624_SocIso_2_Ch3_MRC.xlsx,head,54.033,1
All_SocIso_SH,EH250624_SocIso_2_Ch3_MRC.xlsx,head,56.033,0.766999999999996
All_SocIso_SH,EH250624_SocIso_2_Ch3_MRC.xlsx,head,58.9,1.533
All_SocIso_SH,EH250624_SocIso_2_Ch3_MRC.xlsx,head,60.733,1.267
All_SocIso_SH,EH250624_SocIso_2_Ch3_MRC.xlsx,head,63,1.633
All_SocIso_SH,EH250624_SocIso_2_Ch3_MRC.xlsx,head,66.1,1.10000000000001
All_SocIso_SH,EH250624_SocIso_2_Ch3_MRC.xlsx,rubbing,1.667,0.733
All_SocIso_SH,EH250624_SocIso_2_Ch3_MRC.xlsx,rubbing,3.033,0.767
All_SocIso_SH,EH250624_SocIso_2_Ch3_MRC.xlsx,rubbing,4.367,0.666
All_SocIso_SH,EH250624_SocIso_2_Ch3_MRC.xlsx,rubbing,5.067,2.833
All_SocIso_SH,EH250624_SocIso_2_Ch3_MRC.xlsx,rubbing,7.933,1.367
All_SocIso_SH,EH250624_SocIso_2_Ch3_MRC.xlsx,rubbing,9.333,2.7
All_SocIso_SH,EH250624_SocIso_2_Ch3_MRC.xlsx,rubbing,12.067,1.2
All_SocIso_SH,EH250624_SocIso_2_Ch3_MRC.xlsx,rubbing,13.433,1.767
All_SocIso_SH,EH250624_SocIso_2_Ch3_MRC.xlsx,rubbing,15.233,1.8
All_SocIso_SH,EH250624_SocIso_2_Ch3_MRC.xlsx,rubbing,17.233,2.9
All_SocIso_SH,EH250624_SocIso_2_Ch3_MRC.xlsx,rubbing,21.767,1
All_SocIso_SH,EH250624_SocIso_2_Ch3_MRC.xlsx,rubbing,23.6,0.832999999999998
All_SocIso_SH,EH250624_SocIso_2_Ch3_MRC.xlsx,rubbing,26.4,0.467000000000002
All_SocIso_SH,EH250624_SocIso_2_Ch3_MRC.xlsx,rubbing,27.9,0.433
All_SocIso_SH,EH250624_SocIso_2_Ch3_MRC.xlsx,rubbing,30.833,1.134
All_SocIso_SH,EH250624_SocIso_2_Ch3_MRC.xlsx,rubbing,34.033,0.433999999999997
All_SocIso_SH,EH250624_SocIso_2_Ch3_MRC.xlsx,rubbing,36.7,1.133
All_SocIso_SH,EH250624_SocIso_2_Ch3_MRC.xlsx,rubbing,37.933,1.1
All_SocIso_SH,EH250624_SocIso_2_Ch3_MRC.xlsx,rubbing,46.333,0.867000000000004
All_SocIso_SH,EH250624_SocIso_2_Ch3_MRC.xlsx,rubbing,49.9,0.767000000000003
All_SocIso_SH,EH250624_SocIso_2_Ch3_MRC.xlsx,rubbing,53.3,0.700000000000003
All_SocIso_SH,EH250624_SocIso_2_Ch3_MRC.xlsx,rubbing,55.267,0.732999999999997
All_SocIso_SH,EH250624_SocIso_2_Ch3_MRC.xlsx,rubbing,57.2,1.4
All_SocIso_SH,EH250624_SocIso_2_Ch3_MRC.xlsx,rubbing,62.033,0.933999999999997
All_SocIso_SH,EH250624_SocIso_2_Ch3_MRC.xlsx,rubbing,64.667,0.965999999999994
All_SocIso_SH,EH250624_SocIso_2_Ch3_MRC.xlsx,rubbing,81.767,2.40000000000001
All_SocIso_SH,EH250624_SocIso_2_Ch3_MRC.xlsx,rubbing,90.133,2.934
All_SocIso_SH,EH250624_SocIso_2_Ch3_MRC.xlsx,rubbing,97.6,2.43300000000001
All_SocIso_SH,EH250624_SocIso_2_Ch3_MRC.xlsx,rubbing,103,4.93300000000001
All_SocIso_SH,EH250624_SocIso_2_Ch3_MRC.xlsx,rubbing,118.267,2.533
All_SocIso_SH,EH250624_SocIso_2_Ch3_MRC.xlsx,rubbing,129.833,4.23400000000001
All_SocIso_SH,EH250624_SocIso_2_Ch3_MRC.xlsx,rubbing,138.167,1.666
All_SocIso_SH,EH250624_SocIso_2_Ch3_MRC.xlsx,rubbing,140.233,3.23400000000001
All_SocIso_SH,EH250624_SocIso_2_Ch3_MRC.xlsx,rubbing,143.5,2
All_SocIso_SH,EH250624_SocIso_2_Ch3_MRC.xlsx,rubbing,153.067,2.566
All_SocIso_SH,EH250624_SocIso_2_Ch3_MRC.xlsx,rubbing,157.767,2.13300000000001
All_SocIso_SH,EH250624_SocIso_2_Ch3_MRC.xlsx,rubbing,205.7,1.667
All_SocIso_SH,EH250624_SocIso_2_Ch3_MRC.xlsx,rubbing,248,1.19999999999999
All_SocIso_SH,EH250624_SocIso_2_Ch3_MRC.xlsx,rubbing,253,1.40000000000001
All_SocIso_SH,EH250624_SocIso_2_Ch3_MRC.xlsx,rubbing,266,1.03300000000002
All_SocIso_SH,EH250624_SocIso_2_Ch3_MRC.xlsx,rubbing,285.267,2.86599999999999
All_SocIso_SH,EH250624_SocIso_2_Ch3_MRC.xlsx,rubbing,296,0.899999999999977
All_SocIso_SH,EH250624_SocIso_2_Ch3_MRC.xlsx,rubbing,296.933,1.36700000000002
All_SocIso_SH,EH250624_SocIso_2_Ch3_MRC.xlsx,wing,268.667,5
All_SocIso_SH,EH250624_SocIso_2_Ch3_MRC.xlsx,wing,283.1,2.13299999999998
All_SocIso_SH,EH250624_SocIso_3_2025_06_24T21_58_43_796Z_CH1_SingleHoused.xlsx,abdominal,36.967,2.2
All_SocIso_SH,EH250624_SocIso_3_2025_06_24T21_58_43_796Z_CH1_SingleHoused.xlsx,abdominal,42.5,2.233
All_SocIso_SH,EH250624_SocIso_3_2025_06_24T21_58_43_796Z_CH1_SingleHoused.xlsx,abdominal,47.8,0.5
All_SocIso_SH,EH250624_SocIso_3_2025_06_24T21_58_43_796Z_CH1_SingleHoused.xlsx,abdominal,53.6,0.699999999999996
All_SocIso_SH,EH250624_SocIso_3_2025_06_24T21_58_43_796Z_CH1_SingleHoused.xlsx,abdominal,86.967,1.59999999999999
All_SocIso_SH,EH250624_SocIso_3_2025_06_24T21_58_43_796Z_CH1_SingleHoused.xlsx,abdominal,94.067,1.233
All_SocIso_SH,EH250624_SocIso_3_2025_06_24T21_58_43_796Z_CH1_SingleHoused.xlsx,abdominal,219.7,0.400000000000006
All_SocIso_SH,EH250624_SocIso_3_2025_06_24T21_58_43_796Z_CH1_SingleHoused.xlsx,abdominal,224.5,0.63300000000001
All_SocIso_SH,EH250624_SocIso_3_2025_06_24T21_58_43_796Z_CH1_SingleHoused.xlsx,abdominal,227.6,0.967000000000013
All_SocIso_SH,EH250624_SocIso_3_2025_06_24T21_58_43_796Z_CH1_SingleHoused.xlsx,abdominal,230.433,1.23400000000001
All_SocIso_SH,EH250624_SocIso_3_2025_06_24T21_58_43_796Z_CH1_SingleHoused.xlsx,class_all_grooming,21.367,0.399999999999999
All_SocIso_SH,EH250624_SocIso_3_2025_06_24T21_58_43_796Z_CH1_SingleHoused.xlsx,class_all_grooming,22.033,0.134
All_SocIso_SH,EH250624_SocIso_3_2025_06_24T21_58_43_796Z_CH1_SingleHoused.xlsx,class_all_grooming,22.2,2.4
All_SocIso_SH,EH250624_SocIso_3_2025_06_24T21_58_43_796Z_CH1_SingleHoused.xlsx,class_all_grooming,28.067,1.333
All_SocIso_SH,EH250624_SocIso_3_2025_06_24T21_58_43_796Z_CH1_SingleHoused.xlsx,class_all_grooming,33.867,2.6
All_SocIso_SH,EH250624_SocIso_3_2025_06_24T21_58_43_796Z_CH1_SingleHoused.xlsx,class_all_grooming,36.967,2.2
All_SocIso_SH,EH250624_SocIso_3_2025_06_24T21_58_43_796Z_CH1_SingleHoused.xlsx,class_all_grooming,39.2,2.7
All_SocIso_SH,EH250624_SocIso_3_2025_06_24T21_58_43_796Z_CH1_SingleHoused.xlsx,class_all_grooming,42.5,2.233
All_SocIso_SH,EH250624_SocIso_3_2025_06_24T21_58_43_796Z_CH1_SingleHoused.xlsx,class_all_grooming,44.767,1.433
All_SocIso_SH,EH250624_SocIso_3_2025_06_24T21_58_43_796Z_CH1_SingleHoused.xlsx,class_all_grooming,47.8,0.5
All_SocIso_SH,EH250624_SocIso_3_2025_06_24T21_58_43_796Z_CH1_SingleHoused.xlsx,class_all_grooming,48.333,1.067
All_SocIso_SH,EH250624_SocIso_3_2025_06_24T21_58_43_796Z_CH1_SingleHoused.xlsx,class_all_grooming,51.267,1.833
All_SocIso_SH,EH250624_SocIso_3_2025_06_24T21_58_43_796Z_CH1_SingleHoused.xlsx,class_all_grooming,53.6,0.699999999999996
All_SocIso_SH,EH250624_SocIso_3_2025_06_24T21_58_43_796Z_CH1_SingleHoused.xlsx,class_all_grooming,54.367,3.40000000000001
All_SocIso_SH,EH250624_SocIso_3_2025_06_24T21_58_43_796Z_CH1_SingleHoused.xlsx,class_all_grooming,58.467,1.433
All_SocIso_SH,EH250624_SocIso_3_2025_06_24T21_58_43_796Z_CH1_SingleHoused.xlsx,class_all_grooming,73.633,1.867
All_SocIso_SH,EH250624_SocIso_3_2025_06_24T21_58_43_796Z_CH1_SingleHoused.xlsx,class_all_grooming,76.667,6.5
All_SocIso_SH,EH250624_SocIso_3_2025_06_24T21_58_43_796Z_CH1_SingleHoused.xlsx,class_all_grooming,86.967,1.59999999999999
All_SocIso_SH,EH250624_SocIso_3_2025_06_24T21_58_43_796Z_CH1_SingleHoused.xlsx,class_all_grooming,88.633,2.134
All_SocIso_SH,EH250624_SocIso_3_2025_06_24T21_58_43_796Z_CH1_SingleHoused.xlsx,class_all_grooming,91.133,1.76700000000001
All_SocIso_SH,EH250624_SocIso_3_2025_06_24T21_58_43_796Z_CH1_SingleHoused.xlsx,class_all_grooming,93.2,0.832999999999998
All_SocIso_SH,EH250624_SocIso_3_2025_06_24T21_58_43_796Z_CH1_SingleHoused.xlsx,class_all_grooming,94.067,1.233
All_SocIso_SH,EH250624_SocIso_3_2025_06_24T21_58_43_796Z_CH1_SingleHoused.xlsx,class_all_grooming,95.333,2.8
All_SocIso_SH,EH250624_SocIso_3_2025_06_24T21_58_43_796Z_CH1_SingleHoused.xlsx,class_all_grooming,114.467,3.2
All_SocIso_SH,EH250624_SocIso_3_2025_06_24T21_58_43_796Z_CH1_SingleHoused.xlsx,class_all_grooming,124.6,4.13300000000001
All_SocIso_SH,EH250624_SocIso_3_2025_06_24T21_58_43_796Z_CH1_SingleHoused.xlsx,class_all_grooming,129.567,1.46599999999998
All_SocIso_SH,EH250624_SocIso_3_2025_06_24T21_58_43_796Z_CH1_SingleHoused.xlsx,class_all_grooming,132.5,0.63300000000001
All_SocIso_SH,EH250624_SocIso_3_2025_06_24T21_58_43_796Z_CH1_SingleHoused.xlsx,class_all_grooming,135.067,2.19999999999999
All_SocIso_SH,EH250624_SocIso_3_2025_06_24T21_58_43_796Z_CH1_SingleHoused.xlsx,class_all_grooming,137.3,0.232999999999976
All_SocIso_SH,EH250624_SocIso_3_2025_06_24T21_58_43_796Z_CH1_SingleHoused.xlsx,class_all_grooming,137.567,0.400000000000006
All_SocIso_SH,EH250624_SocIso_3_2025_06_24T21_58_43_796Z_CH1_SingleHoused.xlsx,class_all_grooming,180.233,1.267
All_SocIso_SH,EH250624_SocIso_3_2025_06_24T21_58_43_796Z_CH1_SingleHoused.xlsx,class_all_grooming,181.533,0.400000000000006
All_SocIso_SH,EH250624_SocIso_3_2025_06_24T21_58_43_796Z_CH1_SingleHoused.xlsx,class_all_grooming,181.967,0.799999999999983
All_SocIso_SH,EH250624_SocIso_3_2025_06_24T21_58_43_796Z_CH1_SingleHoused.xlsx,class_all_grooming,183,0.332999999999998
All_SocIso_SH,EH250624_SocIso_3_2025_06_24T21_58_43_796Z_CH1_SingleHoused.xlsx,class_all_grooming,183.667,2
All_SocIso_SH,EH250624_SocIso_3_2025_06_24T21_58_43_796Z_CH1_SingleHoused.xlsx,class_all_grooming,185.7,0.700000000000017
All_SocIso_SH,EH250624_SocIso_3_2025_06_24T21_58_43_796Z_CH1_SingleHoused.xlsx,class_all_grooming,186.567,0.765999999999991
All_SocIso_SH,EH250624_SocIso_3_2025_06_24T21_58_43_796Z_CH1_SingleHoused.xlsx,class_all_grooming,187.5,0.432999999999993
All_SocIso_SH,EH250624_SocIso_3_2025_06_24T21_58_43_796Z_CH1_SingleHoused.xlsx,class_all_grooming,189.367,0.26600000000002
All_SocIso_SH,EH250624_SocIso_3_2025_06_24T21_58_43_796Z_CH1_SingleHoused.xlsx,class_all_grooming,190.333,0.234000000000009
All_SocIso_SH,EH250624_SocIso_3_2025_06_24T21_58_43_796Z_CH1_SingleHoused.xlsx,class_all_grooming,192.2,0.332999999999998
All_SocIso_SH,EH250624_SocIso_3_2025_06_24T21_58_43_796Z_CH1_SingleHoused.xlsx,class_all_grooming,192.667,1.5
All_SocIso_SH,EH250624_SocIso_3_2025_06_24T21_58_43_796Z_CH1_SingleHoused.xlsx,class_all_grooming,194.267,0.700000000000017
All_SocIso_SH,EH250624_SocIso_3_2025_06_24T21_58_43_796Z_CH1_SingleHoused.xlsx,class_all_grooming,195.067,0.733000000000004
All_SocIso_SH,EH250624_SocIso_3_2025_06_24T21_58_43_796Z_CH1_SingleHoused.xlsx,class_all_grooming,198.633,0.73399999999998
All_SocIso_SH,EH250624_SocIso_3_2025_06_24T21_58_43_796Z_CH1_SingleHoused.xlsx,class_all_grooming,199.433,1.767
All_SocIso_SH,EH250624_SocIso_3_2025_06_24T21_58_43_796Z_CH1_SingleHoused.xlsx,class_all_grooming,202.4,0.199999999999989
All_SocIso_SH,EH250624_SocIso_3_2025_06_24T21_58_43_796Z_CH1_SingleHoused.xlsx,class_all_grooming,202.633,0.299999999999983
All_SocIso_SH,EH250624_SocIso_3_2025_06_24T21_58_43_796Z_CH1_SingleHoused.xlsx,class_all_grooming,202.967,3
All_SocIso_SH,EH250624_SocIso_3_2025_06_24T21_58_43_796Z_CH1_SingleHoused.xlsx,class_all_grooming,206.433,4.40000000000001
All_SocIso_SH,EH250624_SocIso_3_2025_06_24T21_58_43_796Z_CH1_SingleHoused.xlsx,class_all_grooming,211.1,2.733
All_SocIso_SH,EH250624_SocIso_3_2025_06_24T21_58_43_796Z_CH1_SingleHoused.xlsx,class_all_grooming,214.533,1.63400000000001
All_SocIso_SH,EH250624_SocIso_3_2025_06_24T21_58_43_796Z_CH1_SingleHoused.xlsx,class_all_grooming,219.7,0.400000000000006
All_SocIso_SH,EH250624_SocIso_3_2025_06_24T21_58_43_796Z_CH1_SingleHoused.xlsx,class_all_grooming,220.133,1.56699999999998
All_SocIso_SH,EH250624_SocIso_3_2025_06_24T21_58_43_796Z_CH1_SingleHoused.xlsx,class_all_grooming,224.5,0.63300000000001
All_SocIso_SH,EH250624_SocIso_3_2025_06_24T21_58_43_796Z_CH1_SingleHoused.xlsx,class_all_grooming,225.167,2.166
All_SocIso_SH,EH250624_SocIso_3_2025_06_24T21_58_43_796Z_CH1_SingleHoused.xlsx,class_all_grooming,227.6,0.967000000000013
All_SocIso_SH,EH250624_SocIso_3_2025_06_24T21_58_43_796Z_CH1_SingleHoused.xlsx,class_all_grooming,228.6,1.80000000000001
All_SocIso_SH,EH250624_SocIso_3_2025_06_24T21_58_43_796Z_CH1_SingleHoused.xlsx,class_all_grooming,230.433,1.23400000000001
All_SocIso_SH,EH250624_SocIso_3_2025_06_24T21_58_43_796Z_CH1_SingleHoused.xlsx,class_all_grooming,231.7,2.70000000000002
All_SocIso_SH,EH250624_SocIso_3_2025_06_24T21_58_43_796Z_CH1_SingleHoused.xlsx,class_all_grooming,234.7,1.80000000000001
All_SocIso_SH,EH250624_SocIso_3_2025_06_24T21_58_43_796Z_CH1_SingleHoused.xlsx,class_all_grooming,236.533,0.467000000000013
All_SocIso_SH,EH250624_SocIso_3_2025_06_24T21_58_43_796Z_CH1_SingleHoused.xlsx,class_all_grooming,237.067,1.09999999999999
All_SocIso_SH,EH250624_SocIso_3_2025_06_24T21_58_43_796Z_CH1_SingleHoused.xlsx,class_all_grooming,238.233,2.03399999999999
All_SocIso_SH,EH250624_SocIso_3_2025_06_24T21_58_43_796Z_CH1_SingleHoused.xlsx,class_all_grooming,242.067,2
All_SocIso_SH,EH250624_SocIso_3_2025_06_24T21_58_43_796Z_CH1_SingleHoused.xlsx,class_all_grooming,258.133,1.13400000000001
All_SocIso_SH,EH250624_SocIso_3_2025_06_24T21_58_43_796Z_CH1_SingleHoused.xlsx,class_all_grooming,261.033,5.73399999999998
All_SocIso_SH,EH250624_SocIso_3_2025_06_24T21_58_43_796Z_CH1_SingleHoused.xlsx,class_all_grooming,267.767,2.166
All_SocIso_SH,EH250624_SocIso_3_2025_06_24T21_58_43_796Z_CH1_SingleHoused.xlsx,head,21.367,0.399999999999999
All_SocIso_SH,EH250624_SocIso_3_2025_06_24T21_58_43_796Z_CH1_SingleHoused.xlsx,head,22.033,0.134
All_SocIso_SH,EH250624_SocIso_3_2025_06_24T21_58_43_796Z_CH1_SingleHoused.xlsx,head,137.3,0.232999999999976
All_SocIso_SH,EH250624_SocIso_3_2025_06_24T21_58_43_796Z_CH1_SingleHoused.xlsx,head,181.533,0.400000000000006
All_SocIso_SH,EH250624_SocIso_3_2025_06_24T21_58_43_796Z_CH1_SingleHoused.xlsx,head,183,0.332999999999998
All_SocIso_SH,EH250624_SocIso_3_2025_06_24T21_58_43_796Z_CH1_SingleHoused.xlsx,head,185.7,0.700000000000017
All_SocIso_SH,EH250624_SocIso_3_2025_06_24T21_58_43_796Z_CH1_SingleHoused.xlsx,head,186.567,0.765999999999991
All_SocIso_SH,EH250624_SocIso_3_2025_06_24T21_58_43_796Z_CH1_SingleHoused.xlsx,head,187.5,0.432999999999993
All_SocIso_SH,EH250624_SocIso_3_2025_06_24T21_58_43_796Z_CH1_SingleHoused.xlsx,head,189.367,0.26600000000002
All_SocIso_SH,EH250624_SocIso_3_2025_06_24T21_58_43_796Z_CH1_SingleHoused.xlsx,head,190.333,0.234000000000009
All_SocIso_SH,EH250624_SocIso_3_2025_06_24T21_58_43_796Z_CH1_SingleHoused.xlsx,head,194.267,0.700000000000017
All_SocIso_SH,EH250624_SocIso_3_2025_06_24T21_58_43_796Z_CH1_SingleHoused.xlsx,head,198.633,0.73399999999998
All_SocIso_SH,EH250624_SocIso_3_2025_06_24T21_58_43_796Z_CH1_SingleHoused.xlsx,head,202.633,0.299999999999983
All_SocIso_SH,EH250624_SocIso_3_2025_06_24T21_58_43_796Z_CH1_SingleHoused.xlsx,rubbing,22.2,2.4
All_SocIso_SH,EH250624_SocIso_3_2025_06_24T21_58_43_796Z_CH1_SingleHoused.xlsx,rubbing,28.067,1.333
All_SocIso_SH,EH250624_SocIso_3_2025_06_24T21_58_43_796Z_CH1_SingleHoused.xlsx,rubbing,33.867,2.6
All_SocIso_SH,EH250624_SocIso_3_2025_06_24T21_58_43_796Z_CH1_SingleHoused.xlsx,rubbing,39.2,2.7
All_SocIso_SH,EH250624_SocIso_3_2025_06_24T21_58_43_796Z_CH1_SingleHoused.xlsx,rubbing,44.767,1.433
All_SocIso_SH,EH250624_SocIso_3_2025_06_24T21_58_43_796Z_CH1_SingleHoused.xlsx,rubbing,48.333,1.067
All_SocIso_SH,EH250624_SocIso_3_2025_06_24T21_58_43_796Z_CH1_SingleHoused.xlsx,rubbing,51.267,1.833
All_SocIso_SH,EH250624_SocIso_3_2025_06_24T21_58_43_796Z_CH1_SingleHoused.xlsx,rubbing,54.367,3.40000000000001
All_SocIso_SH,EH250624_SocIso_3_2025_06_24T21_58_43_796Z_CH1_SingleHoused.xlsx,rubbing,58.467,1.433
All_SocIso_SH,EH250624_SocIso_3_2025_06_24T21_58_43_796Z_CH1_SingleHoused.xlsx,rubbing,73.633,1.867
All_SocIso_SH,EH250624_SocIso_3_2025_06_24T21_58_43_796Z_CH1_SingleHoused.xlsx,rubbing,76.667,6.5
All_SocIso_SH,EH250624_SocIso_3_2025_06_24T21_58_43_796Z_CH1_SingleHoused.xlsx,rubbing,88.633,2.134
All_SocIso_SH,EH250624_SocIso_3_2025_06_24T21_58_43_796Z_CH1_SingleHoused.xlsx,rubbing,91.133,1.76700000000001
All_SocIso_SH,EH250624_SocIso_3_2025_06_24T21_58_43_796Z_CH1_SingleHoused.xlsx,rubbing,93.2,0.832999999999998
All_SocIso_SH,EH250624_SocIso_3_2025_06_24T21_58_43_796Z_CH1_SingleHoused.xlsx,rubbing,95.333,2.8
All_SocIso_SH,EH250624_SocIso_3_2025_06_24T21_58_43_796Z_CH1_SingleHoused.xlsx,rubbing,114.467,3.2
All_SocIso_SH,EH250624_SocIso_3_2025_06_24T21_58_43_796Z_CH1_SingleHoused.xlsx,rubbing,124.6,4.13300000000001
All_SocIso_SH,EH250624_SocIso_3_2025_06_24T21_58_43_796Z_CH1_SingleHoused.xlsx,rubbing,129.567,1.46599999999998
All_SocIso_SH,EH250624_SocIso_3_2025_06_24T21_58_43_796Z_CH1_SingleHoused.xlsx,rubbing,132.5,0.63300000000001
All_SocIso_SH,EH250624_SocIso_3_2025_06_24T21_58_43_796Z_CH1_SingleHoused.xlsx,rubbing,135.067,2.19999999999999
All_SocIso_SH,EH250624_SocIso_3_2025_06_24T21_58_43_796Z_CH1_SingleHoused.xlsx,rubbing,137.567,0.400000000000006
All_SocIso_SH,EH250624_SocIso_3_2025_06_24T21_58_43_796Z_CH1_SingleHoused.xlsx,rubbing,180.233,1.267
All_SocIso_SH,EH250624_SocIso_3_2025_06_24T21_58_43_796Z_CH1_SingleHoused.xlsx,rubbing,181.967,0.799999999999983
All_SocIso_SH,EH250624_SocIso_3_2025_06_24T21_58_43_796Z_CH1_SingleHoused.xlsx,rubbing,183.667,2
All_SocIso_SH,EH250624_SocIso_3_2025_06_24T21_58_43_796Z_CH1_SingleHoused.xlsx,rubbing,192.2,0.332999999999998
All_SocIso_SH,EH250624_SocIso_3_2025_06_24T21_58_43_796Z_CH1_SingleHoused.xlsx,rubbing,192.667,1.5
All_SocIso_SH,EH250624_SocIso_3_2025_06_24T21_58_43_796Z_CH1_SingleHoused.xlsx,rubbing,195.067,0.733000000000004
All_SocIso_SH,EH250624_SocIso_3_2025_06_24T21_58_43_796Z_CH1_SingleHoused.xlsx,rubbing,199.433,1.767
All_SocIso_SH,EH250624_SocIso_3_2025_06_24T21_58_43_796Z_CH1_SingleHoused.xlsx,rubbing,202.4,0.199999999999989
All_SocIso_SH,EH250624_SocIso_3_2025_06_24T21_58_43_796Z_CH1_SingleHoused.xlsx,rubbing,202.967,3
All_SocIso_SH,EH250624_SocIso_3_2025_06_24T21_58_43_796Z_CH1_SingleHoused.xlsx,rubbing,206.433,4.40000000000001
All_SocIso_SH,EH250624_SocIso_3_2025_06_24T21_58_43_796Z_CH1_SingleHoused.xlsx,rubbing,211.1,2.733
All_SocIso_SH,EH250624_SocIso_3_2025_06_24T21_58_43_796Z_CH1_SingleHoused.xlsx,rubbing,214.533,1.63400000000001
All_SocIso_SH,EH250624_SocIso_3_2025_06_24T21_58_43_796Z_CH1_SingleHoused.xlsx,rubbing,220.133,1.56699999999998
All_SocIso_SH,EH250624_SocIso_3_2025_06_24T21_58_43_796Z_CH1_SingleHoused.xlsx,rubbing,225.167,2.166
All_SocIso_SH,EH250624_SocIso_3_2025_06_24T21_58_43_796Z_CH1_SingleHoused.xlsx,rubbing,228.6,1.80000000000001
All_SocIso_SH,EH250624_SocIso_3_2025_06_24T21_58_43_796Z_CH1_SingleHoused.xlsx,rubbing,231.7,2.70000000000002
All_SocIso_SH,EH250624_SocIso_3_2025_06_24T21_58_43_796Z_CH1_SingleHoused.xlsx,rubbing,234.7,1.80000000000001
All_SocIso_SH,EH250624_SocIso_3_2025_06_24T21_58_43_796Z_CH1_SingleHoused.xlsx,rubbing,236.533,0.467000000000013
All_SocIso_SH,EH250624_SocIso_3_2025_06_24T21_58_43_796Z_CH1_SingleHoused.xlsx,rubbing,237.067,1.09999999999999
All_SocIso_SH,EH250624_SocIso_3_2025_06_24T21_58_43_796Z_CH1_SingleHoused.xlsx,rubbing,238.233,2.03399999999999
All_SocIso_SH,EH250624_SocIso_3_2025_06_24T21_58_43_796Z_CH1_SingleHoused.xlsx,rubbing,242.067,2
All_SocIso_SH,EH250624_SocIso_3_2025_06_24T21_58_43_796Z_CH1_SingleHoused.xlsx,rubbing,258.133,1.13400000000001
All_SocIso_SH,EH250624_SocIso_3_2025_06_24T21_58_43_796Z_CH1_SingleHoused.xlsx,rubbing,261.033,5.73399999999998
All_SocIso_SH,EH250624_SocIso_3_2025_06_24T21_58_43_796Z_CH1_SingleHoused.xlsx,rubbing,267.767,2.166
All_SocIso_SH,EH250624_SocIso_3_Scoring_CH2_DL.xlsx,class_all_grooming,0,1.267
All_SocIso_SH,EH250624_SocIso_3_Scoring_CH2_DL.xlsx,class_all_grooming,29,1.667
All_SocIso_SH,EH250624_SocIso_3_Scoring_CH2_DL.xlsx,class_all_grooming,30.833,1.167
All_SocIso_SH,EH250624_SocIso_3_Scoring_CH2_DL.xlsx,class_all_grooming,32.033,2.034
All_SocIso_SH,EH250624_SocIso_3_Scoring_CH2_DL.xlsx,class_all_grooming,42.967,0.600000000000001
All_SocIso_SH,EH250624_SocIso_3_Scoring_CH2_DL.xlsx,class_all_grooming,45.333,0.300000000000004
All_SocIso_SH,EH250624_SocIso_3_Scoring_CH2_DL.xlsx,class_all_grooming,68.867,1.96599999999999
All_SocIso_SH,EH250624_SocIso_3_Scoring_CH2_DL.xlsx,class_all_grooming,95,2.533
All_SocIso_SH,EH250624_SocIso_3_Scoring_CH2_DL.xlsx,class_all_grooming,97.567,0.433000000000007
All_SocIso_SH,EH250624_SocIso_3_Scoring_CH2_DL.xlsx,class_all_grooming,98.033,0.900000000000006
All_SocIso_SH,EH250624_SocIso_3_Scoring_CH2_DL.xlsx,class_all_grooming,98.967,0.566000000000003
All_SocIso_SH,EH250624_SocIso_3_Scoring_CH2_DL.xlsx,class_all_grooming,99.567,0.666000000000011
All_SocIso_SH,EH250624_SocIso_3_Scoring_CH2_DL.xlsx,class_all_grooming,100.267,1.10000000000001
All_SocIso_SH,EH250624_SocIso_3_Scoring_CH2_DL.xlsx,class_all_grooming,121.9,0.766999999999996
All_SocIso_SH,EH250624_SocIso_3_Scoring_CH2_DL.xlsx,class_all_grooming,133.733,0.36699999999999
All_SocIso_SH,EH250624_SocIso_3_Scoring_CH2_DL.xlsx,class_all_grooming,134.167,1.333
All_SocIso_SH,EH250624_SocIso_3_Scoring_CH2_DL.xlsx,class_all_grooming,136.3,0.36699999999999
All_SocIso_SH,EH250624_SocIso_3_Scoring_CH2_DL.xlsx,class_all_grooming,136.7,0.867000000000019
All_SocIso_SH,EH250624_SocIso_3_Scoring_CH2_DL.xlsx,class_all_grooming,137.6,3.333
All_SocIso_SH,EH250624_SocIso_3_Scoring_CH2_DL.xlsx,class_all_grooming,141.467,1.26599999999999
All_SocIso_SH,EH250624_SocIso_3_Scoring_CH2_DL.xlsx,class_all_grooming,143.367,0.866000000000014
All_SocIso_SH,EH250624_SocIso_3_Scoring_CH2_DL.xlsx,class_all_grooming,144.267,0.932999999999993
All_SocIso_SH,EH250624_SocIso_3_Scoring_CH2_DL.xlsx,class_all_grooming,145.233,0.86699999999999
All_SocIso_SH,EH250624_SocIso_3_Scoring_CH2_DL.xlsx,class_all_grooming,146.2,1.76700000000002
All_SocIso_SH,EH250624_SocIso_3_Scoring_CH2_DL.xlsx,class_all_grooming,149.567,2.63299999999998
All_SocIso_SH,EH250624_SocIso_3_Scoring_CH2_DL.xlsx,class_all_grooming,152.5,3.46700000000001
All_SocIso_SH,EH250624_SocIso_3_Scoring_CH2_DL.xlsx,class_all_grooming,156,1.233
All_SocIso_SH,EH250624_SocIso_3_Scoring_CH2_DL.xlsx,class_all_grooming,158.4,0.567000000000007
All_SocIso_SH,EH250624_SocIso_3_Scoring_CH2_DL.xlsx,class_all_grooming,159.333,1.19999999999999
All_SocIso_SH,EH250624_SocIso_3_Scoring_CH2_DL.xlsx,class_all_grooming,160.833,0.933999999999997
All_SocIso_SH,EH250624_SocIso_3_Scoring_CH2_DL.xlsx,class_all_grooming,161.8,0.566999999999979
All_SocIso_SH,EH250624_SocIso_3_Scoring_CH2_DL.xlsx,class_all_grooming,162.4,0.5
All_SocIso_SH,EH250624_SocIso_3_Scoring_CH2_DL.xlsx,class_all_grooming,162.933,1.03400000000002
All_SocIso_SH,EH250624_SocIso_3_Scoring_CH2_DL.xlsx,class_all_grooming,164,2.333
All_SocIso_SH,EH250624_SocIso_3_Scoring_CH2_DL.xlsx,class_all_grooming,166.533,1.20000000000002
All_SocIso_SH,EH250624_SocIso_3_Scoring_CH2_DL.xlsx,class_all_grooming,168.033,0.700000000000017
All_SocIso_SH,EH250624_SocIso_3_Scoring_CH2_DL.xlsx,class_all_grooming,169,1.5
All_SocIso_SH,EH250624_SocIso_3_Scoring_CH2_DL.xlsx,class_all_grooming,170.533,0.834000000000003
All_SocIso_SH,EH250624_SocIso_3_Scoring_CH2_DL.xlsx,class_all_grooming,171.733,0.36699999999999
All_SocIso_SH,EH250624_SocIso_3_Scoring_CH2_DL.xlsx,class_all_grooming,187.767,0.366000000000014
All_SocIso_SH,EH250624_SocIso_3_Scoring_CH2_DL.xlsx,class_all_grooming,191.567,1.833
All_SocIso_SH,EH250624_SocIso_3_Scoring_CH2_DL.xlsx,class_all_grooming,198.933,1.96700000000001
All_SocIso_SH,EH250624_SocIso_3_Scoring_CH2_DL.xlsx,class_all_grooming,200.933,0.367000000000019
All_SocIso_SH,EH250624_SocIso_3_Scoring_CH2_DL.xlsx,class_all_grooming,201.333,1.09999999999999
All_SocIso_SH,EH250624_SocIso_3_Scoring_CH2_DL.xlsx,class_all_grooming,202.467,1.03299999999999
All_SocIso_SH,EH250624_SocIso_3_Scoring_CH2_DL.xlsx,class_all_grooming,203.533,1.56700000000001
All_SocIso_SH,EH250624_SocIso_3_Scoring_CH2_DL.xlsx,class_all_grooming,226.1,0.367000000000019
All_SocIso_SH,EH250624_SocIso_3_Scoring_CH2_DL.xlsx,class_all_grooming,226.5,4.63300000000001
All_SocIso_SH,EH250624_SocIso_3_Scoring_CH2_DL.xlsx,class_all_grooming,231.167,0.599999999999994
All_SocIso_SH,EH250624_SocIso_3_Scoring_CH2_DL.xlsx,class_all_grooming,242.667,0.199999999999989
All_SocIso_SH,EH250624_SocIso_3_Scoring_CH2_DL.xlsx,class_all_grooming,242.9,1.767
All_SocIso_SH,EH250624_SocIso_3_Scoring_CH2_DL.xlsx,class_all_grooming,244.7,0.332999999999998
All_SocIso_SH,EH250624_SocIso_3_Scoring_CH2_DL.xlsx,class_all_grooming,267.6,0.899999999999977
All_SocIso_SH,EH250624_SocIso_3_Scoring_CH2_DL.xlsx,class_all_grooming,268.533,0.766999999999996
All_SocIso_SH,EH250624_SocIso_3_Scoring_CH2_DL.xlsx,class_all_grooming,283.6,3.06699999999995
All_SocIso_SH,EH250624_SocIso_3_Scoring_CH2_DL.xlsx,class_all_grooming,286.7,1.16700000000003
All_SocIso_SH,EH250624_SocIso_3_Scoring_CH2_DL.xlsx,class_all_grooming,288.1,0.599999999999966
All_SocIso_SH,EH250624_SocIso_3_Scoring_CH2_DL.xlsx,class_all_grooming,288.733,0.567000000000007
All_SocIso_SH,EH250624_SocIso_3_Scoring_CH2_DL.xlsx,class_all_grooming,289.333,1.767
All_SocIso_SH,EH250624_SocIso_3_Scoring_CH2_DL.xlsx,class_all_grooming,291.133,0.734000000000037
All_SocIso_SH,EH250624_SocIso_3_Scoring_CH2_DL.xlsx,class_all_grooming,292.667,1.733
All_SocIso_SH,EH250624_SocIso_3_Scoring_CH2_DL.xlsx,head,32.033,2.034
All_SocIso_SH,EH250624_SocIso_3_Scoring_CH2_DL.xlsx,head,45.333,0.300000000000004
All_SocIso_SH,EH250624_SocIso_3_Scoring_CH2_DL.xlsx,head,97.567,0.433000000000007
All_SocIso_SH,EH250624_SocIso_3_Scoring_CH2_DL.xlsx,head,98.967,0.566000000000003
All_SocIso_SH,EH250624_SocIso_3_Scoring_CH2_DL.xlsx,head,100.267,1.10000000000001
All_SocIso_SH,EH250624_SocIso_3_Scoring_CH2_DL.xlsx,head,133.733,0.36699999999999
All_SocIso_SH,EH250624_SocIso_3_Scoring_CH2_DL.xlsx,head,144.267,0.932999999999993
All_SocIso_SH,EH250624_SocIso_3_Scoring_CH2_DL.xlsx,head,146.2,1.76700000000002
All_SocIso_SH,EH250624_SocIso_3_Scoring_CH2_DL.xlsx,head,158.4,0.567000000000007
All_SocIso_SH,EH250624_SocIso_3_Scoring_CH2_DL.xlsx,head,159.333,1.19999999999999
All_SocIso_SH,EH250624_SocIso_3_Scoring_CH2_DL.xlsx,head,160.833,0.933999999999997
All_SocIso_SH,EH250624_SocIso_3_Scoring_CH2_DL.xlsx,head,162.4,0.5
All_SocIso_SH,EH250624_SocIso_3_Scoring_CH2_DL.xlsx,head,164,2.333
All_SocIso_SH,EH250624_SocIso_3_Scoring_CH2_DL.xlsx,head,168.033,0.700000000000017
All_SocIso_SH,EH250624_SocIso_3_Scoring_CH2_DL.xlsx,head,170.533,0.834000000000003
All_SocIso_SH,EH250624_SocIso_3_Scoring_CH2_DL.xlsx,head,171.733,0.36699999999999
All_SocIso_SH,EH250624_SocIso_3_Scoring_CH2_DL.xlsx,head,187.767,0.366000000000014
All_SocIso_SH,EH250624_SocIso_3_Scoring_CH2_DL.xlsx,head,242.667,0.199999999999989
All_SocIso_SH,EH250624_SocIso_3_Scoring_CH2_DL.xlsx,head,244.7,0.332999999999998
All_SocIso_SH,EH250624_SocIso_3_Scoring_CH2_DL.xlsx,head,267.6,0.899999999999977
All_SocIso_SH,EH250624_SocIso_3_Scoring_CH2_DL.xlsx,head,286.7,1.16700000000003
All_SocIso_SH,EH250624_SocIso_3_Scoring_CH2_DL.xlsx,head,288.733,0.567000000000007
All_SocIso_SH,EH250624_SocIso_3_Scoring_CH2_DL.xlsx,head,291.133,0.734000000000037
All_SocIso_SH,EH250624_SocIso_3_Scoring_CH2_DL.xlsx,rubbing,0,1.267
All_SocIso_SH,EH250624_SocIso_3_Scoring_CH2_DL.xlsx,rubbing,29,1.667
All_SocIso_SH,EH250624_SocIso_3_Scoring_CH2_DL.xlsx,rubbing,30.833,1.167
All_SocIso_SH,EH250624_SocIso_3_Scoring_CH2_DL.xlsx,rubbing,42.967,0.600000000000001
All_SocIso_SH,EH250624_SocIso_3_Scoring_CH2_DL.xlsx,rubbing,68.867,1.96599999999999
All_SocIso_SH,EH250624_SocIso_3_Scoring_CH2_DL.xlsx,rubbing,95,2.533
All_SocIso_SH,EH250624_SocIso_3_Scoring_CH2_DL.xlsx,rubbing,98.033,0.900000000000006
All_SocIso_SH,EH250624_SocIso_3_Scoring_CH2_DL.xlsx,rubbing,99.567,0.666000000000011
All_SocIso_SH,EH250624_SocIso_3_Scoring_CH2_DL.xlsx,rubbing,121.9,0.766999999999996
All_SocIso_SH,EH250624_SocIso_3_Scoring_CH2_DL.xlsx,rubbing,134.167,1.333
All_SocIso_SH,EH250624_SocIso_3_Scoring_CH2_DL.xlsx,rubbing,136.3,0.36699999999999
All_SocIso_SH,EH250624_SocIso_3_Scoring_CH2_DL.xlsx,rubbing,136.7,0.867000000000019
All_SocIso_SH,EH250624_SocIso_3_Scoring_CH2_DL.xlsx,rubbing,137.6,3.333
All_SocIso_SH,EH250624_SocIso_3_Scoring_CH2_DL.xlsx,rubbing,141.467,1.26599999999999
All_SocIso_SH,EH250624_SocIso_3_Scoring_CH2_DL.xlsx,rubbing,143.367,0.866000000000014
All_SocIso_SH,EH250624_SocIso_3_Scoring_CH2_DL.xlsx,rubbing,145.233,0.86699999999999
All_SocIso_SH,EH250624_SocIso_3_Scoring_CH2_DL.xlsx,rubbing,149.567,2.63299999999998
All_SocIso_SH,EH250624_SocIso_3_Scoring_CH2_DL.xlsx,rubbing,156,1.233
All_SocIso_SH,EH250624_SocIso_3_Scoring_CH2_DL.xlsx,rubbing,161.8,0.566999999999979
All_SocIso_SH,EH250624_SocIso_3_Scoring_CH2_DL.xlsx,rubbing,162.933,1.03400000000002
All_SocIso_SH,EH250624_SocIso_3_Scoring_CH2_DL.xlsx,rubbing,166.533,1.20000000000002
All_SocIso_SH,EH250624_SocIso_3_Scoring_CH2_DL.xlsx,rubbing,169,1.5
All_SocIso_SH,EH250624_SocIso_3_Scoring_CH2_DL.xlsx,rubbing,191.567,1.833
All_SocIso_SH,EH250624_SocIso_3_Scoring_CH2_DL.xlsx,rubbing,198.933,1.96700000000001
All_SocIso_SH,EH250624_SocIso_3_Scoring_CH2_DL.xlsx,rubbing,200.933,0.367000000000019
All_SocIso_SH,EH250624_SocIso_3_Scoring_CH2_DL.xlsx,rubbing,201.333,1.09999999999999
All_SocIso_SH,EH250624_SocIso_3_Scoring_CH2_DL.xlsx,rubbing,202.467,1.03299999999999
All_SocIso_SH,EH250624_SocIso_3_Scoring_CH2_DL.xlsx,rubbing,203.533,1.56700000000001
All_SocIso_SH,EH250624_SocIso_3_Scoring_CH2_DL.xlsx,rubbing,226.1,0.367000000000019
All_SocIso_SH,EH250624_SocIso_3_Scoring_CH2_DL.xlsx,rubbing,226.5,4.63300000000001
All_SocIso_SH,EH250624_SocIso_3_Scoring_CH2_DL.xlsx,rubbing,231.167,0.599999999999994
All_SocIso_SH,EH250624_SocIso_3_Scoring_CH2_DL.xlsx,rubbing,242.9,1.767
All_SocIso_SH,EH250624_SocIso_3_Scoring_CH2_DL.xlsx,rubbing,268.533,0.766999999999996
All_SocIso_SH,EH250624_SocIso_3_Scoring_CH2_DL.xlsx,rubbing,283.6,3.06699999999995
All_SocIso_SH,EH250624_SocIso_3_Scoring_CH2_DL.xlsx,rubbing,288.1,0.599999999999966
All_SocIso_SH,EH250624_SocIso_3_Scoring_CH2_DL.xlsx,rubbing,289.333,1.767
All_SocIso_SH,EH250624_SocIso_3_Scoring_CH2_DL.xlsx,rubbing,292.667,1.733
All_SocIso_SH,EH250624_SocIso_3_Scoring_CH2_DL.xlsx,wing,152.5,3.46700000000001
All_SocIso_SH,EH250624_SocIso_4_2025_06_24T22_17_42_100Z_CH4_SingleHoused.xlsx,abdominal,44.567,0.366
All_SocIso_SH,EH250624_SocIso_4_2025_06_24T22_17_42_100Z_CH4_SingleHoused.xlsx,abdominal,183.3,0.36699999999999
All_SocIso_SH,EH250624_SocIso_4_2025_06_24T22_17_42_100Z_CH4_SingleHoused.xlsx,class_all_grooming,11,0.967000000000001
All_SocIso_SH,EH250624_SocIso_4_2025_06_24T22_17_42_100Z_CH4_SingleHoused.xlsx,class_all_grooming,41.367,2.733
All_SocIso_SH,EH250624_SocIso_4_2025_06_24T22_17_42_100Z_CH4_SingleHoused.xlsx,class_all_grooming,44.567,0.366
All_SocIso_SH,EH250624_SocIso_4_2025_06_24T22_17_42_100Z_CH4_SingleHoused.xlsx,class_all_grooming,44.967,1.3
All_SocIso_SH,EH250624_SocIso_4_2025_06_24T22_17_42_100Z_CH4_SingleHoused.xlsx,class_all_grooming,49.033,1.167
All_SocIso_SH,EH250624_SocIso_4_2025_06_24T22_17_42_100Z_CH4_SingleHoused.xlsx,class_all_grooming,54.967,3.166
All_SocIso_SH,EH250624_SocIso_4_2025_06_24T22_17_42_100Z_CH4_SingleHoused.xlsx,class_all_grooming,58.167,0.665999999999997
All_SocIso_SH,EH250624_SocIso_4_2025_06_24T22_17_42_100Z_CH4_SingleHoused.xlsx,class_all_grooming,58.867,0.300000000000004
All_SocIso_SH,EH250624_SocIso_4_2025_06_24T22_17_42_100Z_CH4_SingleHoused.xlsx,class_all_grooming,59.2,1.03299999999999
All_SocIso_SH,EH250624_SocIso_4_2025_06_24T22_17_42_100Z_CH4_SingleHoused.xlsx,class_all_grooming,60.333,0.5
All_SocIso_SH,EH250624_SocIso_4_2025_06_24T22_17_42_100Z_CH4_SingleHoused.xlsx,class_all_grooming,60.867,0.5
All_SocIso_SH,EH250624_SocIso_4_2025_06_24T22_17_42_100Z_CH4_SingleHoused.xlsx,class_all_grooming,61.4,0.633000000000003
All_SocIso_SH,EH250624_SocIso_4_2025_06_24T22_17_42_100Z_CH4_SingleHoused.xlsx,class_all_grooming,62.067,1.666
All_SocIso_SH,EH250624_SocIso_4_2025_06_24T22_17_42_100Z_CH4_SingleHoused.xlsx,class_all_grooming,63.9,0.500000000000007
All_SocIso_SH,EH250624_SocIso_4_2025_06_24T22_17_42_100Z_CH4_SingleHoused.xlsx,class_all_grooming,64.433,0.766999999999996
All_SocIso_SH,EH250624_SocIso_4_2025_06_24T22_17_42_100Z_CH4_SingleHoused.xlsx,class_all_grooming,65.433,1.267
All_SocIso_SH,EH250624_SocIso_4_2025_06_24T22_17_42_100Z_CH4_SingleHoused.xlsx,class_all_grooming,75.9,2.033
All_SocIso_SH,EH250624_SocIso_4_2025_06_24T22_17_42_100Z_CH4_SingleHoused.xlsx,class_all_grooming,104.8,1.63300000000001
All_SocIso_SH,EH250624_SocIso_4_2025_06_24T22_17_42_100Z_CH4_SingleHoused.xlsx,class_all_grooming,113.167,1.96599999999999
All_SocIso_SH,EH250624_SocIso_4_2025_06_24T22_17_42_100Z_CH4_SingleHoused.xlsx,class_all_grooming,128.4,1.86699999999999
All_SocIso_SH,EH250624_SocIso_4_2025_06_24T22_17_42_100Z_CH4_SingleHoused.xlsx,class_all_grooming,148.233,1.46699999999998
All_SocIso_SH,EH250624_SocIso_4_2025_06_24T22_17_42_100Z_CH4_SingleHoused.xlsx,class_all_grooming,161.367,1.86600000000001
All_SocIso_SH,EH250624_SocIso_4_2025_06_24T22_17_42_100Z_CH4_SingleHoused.xlsx,class_all_grooming,167.2,1
All_SocIso_SH,EH250624_SocIso_4_2025_06_24T22_17_42_100Z_CH4_SingleHoused.xlsx,class_all_grooming,168.233,0.933999999999997
All_SocIso_SH,EH250624_SocIso_4_2025_06_24T22_17_42_100Z_CH4_SingleHoused.xlsx,class_all_grooming,182.033,1.23400000000001
All_SocIso_SH,EH250624_SocIso_4_2025_06_24T22_17_42_100Z_CH4_SingleHoused.xlsx,class_all_grooming,183.3,0.36699999999999
All_SocIso_SH,EH250624_SocIso_4_2025_06_24T22_17_42_100Z_CH4_SingleHoused.xlsx,class_all_grooming,208.333,0.967000000000013
All_SocIso_SH,EH250624_SocIso_4_2025_06_24T22_17_42_100Z_CH4_SingleHoused.xlsx,class_all_grooming,221.567,1.96599999999998
All_SocIso_SH,EH250624_SocIso_4_2025_06_24T22_17_42_100Z_CH4_SingleHoused.xlsx,class_all_grooming,224.1,2.93299999999999
All_SocIso_SH,EH250624_SocIso_4_2025_06_24T22_17_42_100Z_CH4_SingleHoused.xlsx,class_all_grooming,240,2.5
All_SocIso_SH,EH250624_SocIso_4_2025_06_24T22_17_42_100Z_CH4_SingleHoused.xlsx,class_all_grooming,267.467,3.60000000000002
All_SocIso_SH,EH250624_SocIso_4_2025_06_24T22_17_42_100Z_CH4_SingleHoused.xlsx,class_all_grooming,296.5,0.800000000000011
All_SocIso_SH,EH250624_SocIso_4_2025_06_24T22_17_42_100Z_CH4_SingleHoused.xlsx,head,58.167,0.665999999999997
All_SocIso_SH,EH250624_SocIso_4_2025_06_24T22_17_42_100Z_CH4_SingleHoused.xlsx,head,59.2,1.03299999999999
All_SocIso_SH,EH250624_SocIso_4_2025_06_24T22_17_42_100Z_CH4_SingleHoused.xlsx,head,60.867,0.5
All_SocIso_SH,EH250624_SocIso_4_2025_06_24T22_17_42_100Z_CH4_SingleHoused.xlsx,head,62.067,1.666
All_SocIso_SH,EH250624_SocIso_4_2025_06_24T22_17_42_100Z_CH4_SingleHoused.xlsx,head,64.433,0.766999999999996
All_SocIso_SH,EH250624_SocIso_4_2025_06_24T22_17_42_100Z_CH4_SingleHoused.xlsx,head,65.433,1.267
All_SocIso_SH,EH250624_SocIso_4_2025_06_24T22_17_42_100Z_CH4_SingleHoused.xlsx,rubbing,11,0.967000000000001
All_SocIso_SH,EH250624_SocIso_4_2025_06_24T22_17_42_100Z_CH4_SingleHoused.xlsx,rubbing,41.367,2.733
All_SocIso_SH,EH250624_SocIso_4_2025_06_24T22_17_42_100Z_CH4_SingleHoused.xlsx,rubbing,49.033,1.167
All_SocIso_SH,EH250624_SocIso_4_2025_06_24T22_17_42_100Z_CH4_SingleHoused.xlsx,rubbing,54.967,3.166
All_SocIso_SH,EH250624_SocIso_4_2025_06_24T22_17_42_100Z_CH4_SingleHoused.xlsx,rubbing,58.867,0.300000000000004
All_SocIso_SH,EH250624_SocIso_4_2025_06_24T22_17_42_100Z_CH4_SingleHoused.xlsx,rubbing,60.333,0.5
All_SocIso_SH,EH250624_SocIso_4_2025_06_24T22_17_42_100Z_CH4_SingleHoused.xlsx,rubbing,61.4,0.633000000000003
All_SocIso_SH,EH250624_SocIso_4_2025_06_24T22_17_42_100Z_CH4_SingleHoused.xlsx,rubbing,63.9,0.500000000000007
All_SocIso_SH,EH250624_SocIso_4_2025_06_24T22_17_42_100Z_CH4_SingleHoused.xlsx,rubbing,75.9,2.033
All_SocIso_SH,EH250624_SocIso_4_2025_06_24T22_17_42_100Z_CH4_SingleHoused.xlsx,rubbing,104.8,1.63300000000001
All_SocIso_SH,EH250624_SocIso_4_2025_06_24T22_17_42_100Z_CH4_SingleHoused.xlsx,rubbing,113.167,1.96599999999999
All_SocIso_SH,EH250624_SocIso_4_2025_06_24T22_17_42_100Z_CH4_SingleHoused.xlsx,rubbing,128.4,1.86699999999999
All_SocIso_SH,EH250624_SocIso_4_2025_06_24T22_17_42_100Z_CH4_SingleHoused.xlsx,rubbing,148.233,1.46699999999998
All_SocIso_SH,EH250624_SocIso_4_2025_06_24T22_17_42_100Z_CH4_SingleHoused.xlsx,rubbing,161.367,1.86600000000001
All_SocIso_SH,EH250624_SocIso_4_2025_06_24T22_17_42_100Z_CH4_SingleHoused.xlsx,rubbing,167.2,1
All_SocIso_SH,EH250624_SocIso_4_2025_06_24T22_17_42_100Z_CH4_SingleHoused.xlsx,rubbing,168.233,0.933999999999997
All_SocIso_SH,EH250624_SocIso_4_2025_06_24T22_17_42_100Z_CH4_SingleHoused.xlsx,rubbing,182.033,1.23400000000001
All_SocIso_SH,EH250624_SocIso_4_2025_06_24T22_17_42_100Z_CH4_SingleHoused.xlsx,rubbing,208.333,0.967000000000013
All_SocIso_SH,EH250624_SocIso_4_2025_06_24T22_17_42_100Z_CH4_SingleHoused.xlsx,rubbing,221.567,1.96599999999998
All_SocIso_SH,EH250624_SocIso_4_2025_06_24T22_17_42_100Z_CH4_SingleHoused.xlsx,rubbing,224.1,2.93299999999999
All_SocIso_SH,EH250624_SocIso_4_2025_06_24T22_17_42_100Z_CH4_SingleHoused.xlsx,rubbing,240,2.5
All_SocIso_SH,EH250624_SocIso_4_2025_06_24T22_17_42_100Z_CH4_SingleHoused.xlsx,rubbing,267.467,3.60000000000002
All_SocIso_SH,EH250624_SocIso_4_2025_06_24T22_17_42_100Z_CH4_SingleHoused.xlsx,rubbing,296.5,0.800000000000011
All_SocIso_SH,EH250624_SocIso_4_2025_06_24T22_17_42_100Z_CH4_SingleHoused.xlsx,wing,44.967,1.3
All_SocIso_SH,EH250624_SocIso_4_Ch3_MRC.xlsx,abdominal,81.5,0.266999999999996
All_SocIso_SH,EH250624_SocIso_4_Ch3_MRC.xlsx,abdominal,82.433,0.466999999999999
All_SocIso_SH,EH250624_SocIso_4_Ch3_MRC.xlsx,class_all_grooming,0.4,2.033
All_SocIso_SH,EH250624_SocIso_4_Ch3_MRC.xlsx,class_all_grooming,15.633,2.5
All_SocIso_SH,EH250624_SocIso_4_Ch3_MRC.xlsx,class_all_grooming,24.867,1.8
All_SocIso_SH,EH250624_SocIso_4_Ch3_MRC.xlsx,class_all_grooming,27.233,1.667
All_SocIso_SH,EH250624_SocIso_4_Ch3_MRC.xlsx,class_all_grooming,63.433,2.13399999999999
All_SocIso_SH,EH250624_SocIso_4_Ch3_MRC.xlsx,class_all_grooming,67.367,1.866
All_SocIso_SH,EH250624_SocIso_4_Ch3_MRC.xlsx,class_all_grooming,71.1,4.43300000000001
All_SocIso_SH,EH250624_SocIso_4_Ch3_MRC.xlsx,class_all_grooming,75.833,1.3
All_SocIso_SH,EH250624_SocIso_4_Ch3_MRC.xlsx,class_all_grooming,77.5,2.5
All_SocIso_SH,EH250624_SocIso_4_Ch3_MRC.xlsx,class_all_grooming,80.533,0.834000000000003
All_SocIso_SH,EH250624_SocIso_4_Ch3_MRC.xlsx,class_all_grooming,81.5,0.266999999999996
All_SocIso_SH,EH250624_SocIso_4_Ch3_MRC.xlsx,class_all_grooming,81.8,0.5
All_SocIso_SH,EH250624_SocIso_4_Ch3_MRC.xlsx,class_all_grooming,82.433,0.466999999999999
All_SocIso_SH,EH250624_SocIso_4_Ch3_MRC.xlsx,class_all_grooming,82.933,4.5
All_SocIso_SH,EH250624_SocIso_4_Ch3_MRC.xlsx,class_all_grooming,88.967,0.533000000000001
All_SocIso_SH,EH250624_SocIso_4_Ch3_MRC.xlsx,class_all_grooming,89.533,0.466999999999999
All_SocIso_SH,EH250624_SocIso_4_Ch3_MRC.xlsx,class_all_grooming,90.2,0.899999999999991
All_SocIso_SH,EH250624_SocIso_4_Ch3_MRC.xlsx,class_all_grooming,96.633,1.26700000000001
All_SocIso_SH,EH250624_SocIso_4_Ch3_MRC.xlsx,class_all_grooming,101.933,1.86699999999999
All_SocIso_SH,EH250624_SocIso_4_Ch3_MRC.xlsx,class_all_grooming,103.833,0.266999999999996
All_SocIso_SH,EH250624_SocIso_4_Ch3_MRC.xlsx,class_all_grooming,108.367,3.09999999999999
All_SocIso_SH,EH250624_SocIso_4_Ch3_MRC.xlsx,class_all_grooming,121.867,2.133
All_SocIso_SH,EH250624_SocIso_4_Ch3_MRC.xlsx,class_all_grooming,124.633,3.03400000000001
All_SocIso_SH,EH250624_SocIso_4_Ch3_MRC.xlsx,class_all_grooming,127.7,0.533000000000001
All_SocIso_SH,EH250624_SocIso_4_Ch3_MRC.xlsx,class_all_grooming,151.433,1.63400000000001
All_SocIso_SH,EH250624_SocIso_4_Ch3_MRC.xlsx,class_all_grooming,153.1,0.400000000000006
All_SocIso_SH,EH250624_SocIso_4_Ch3_MRC.xlsx,class_all_grooming,153.567,0.599999999999994
All_SocIso_SH,EH250624_SocIso_4_Ch3_MRC.xlsx,class_all_grooming,154.2,2.20000000000002
All_SocIso_SH,EH250624_SocIso_4_Ch3_MRC.xlsx,class_all_grooming,156.533,0.667000000000002
All_SocIso_SH,EH250624_SocIso_4_Ch3_MRC.xlsx,class_all_grooming,157.233,0.766999999999996
All_SocIso_SH,EH250624_SocIso_4_Ch3_MRC.xlsx,class_all_grooming,158.1,0.467000000000013
All_SocIso_SH,EH250624_SocIso_4_Ch3_MRC.xlsx,class_all_grooming,158.6,0.800000000000011
All_SocIso_SH,EH250624_SocIso_4_Ch3_MRC.xlsx,class_all_grooming,159.433,0.834000000000003
All_SocIso_SH,EH250624_SocIso_4_Ch3_MRC.xlsx,class_all_grooming,160.3,0.5
All_SocIso_SH,EH250624_SocIso_4_Ch3_MRC.xlsx,class_all_grooming,160.833,0.567000000000007
All_SocIso_SH,EH250624_SocIso_4_Ch3_MRC.xlsx,class_all_grooming,161.433,0.867000000000019
All_SocIso_SH,EH250624_SocIso_4_Ch3_MRC.xlsx,class_all_grooming,214.567,2.29999999999998
All_SocIso_SH,EH250624_SocIso_4_Ch3_MRC.xlsx,class_all_grooming,217.2,2.96700000000001
All_SocIso_SH,EH250624_SocIso_4_Ch3_MRC.xlsx,class_all_grooming,220.2,2.56700000000001
All_SocIso_SH,EH250624_SocIso_4_Ch3_MRC.xlsx,class_all_grooming,222.8,0.432999999999993
All_SocIso_SH,EH250624_SocIso_4_Ch3_MRC.xlsx,class_all_grooming,223.767,2.166
All_SocIso_SH,EH250624_SocIso_4_Ch3_MRC.xlsx,class_all_grooming,226.333,3.46700000000001
All_SocIso_SH,EH250624_SocIso_4_Ch3_MRC.xlsx,class_all_grooming,230.133,0.699999999999989
All_SocIso_SH,EH250624_SocIso_4_Ch3_MRC.xlsx,class_all_grooming,231.3,1.09999999999999
All_SocIso_SH,EH250624_SocIso_4_Ch3_MRC.xlsx,class_all_grooming,232.567,3.13299999999998
All_SocIso_SH,EH250624_SocIso_4_Ch3_MRC.xlsx,class_all_grooming,286.667,3.16600000000005
All_SocIso_SH,EH250624_SocIso_4_Ch3_MRC.xlsx,head,153.1,0.400000000000006
All_SocIso_SH,EH250624_SocIso_4_Ch3_MRC.xlsx,head,154.2,2.20000000000002
All_SocIso_SH,EH250624_SocIso_4_Ch3_MRC.xlsx,head,157.233,0.766999999999996
All_SocIso_SH,EH250624_SocIso_4_Ch3_MRC.xlsx,head,158.6,0.800000000000011
All_SocIso_SH,EH250624_SocIso_4_Ch3_MRC.xlsx,head,160.3,0.5
All_SocIso_SH,EH250624_SocIso_4_Ch3_MRC.xlsx,head,161.433,0.867000000000019
All_SocIso_SH,EH250624_SocIso_4_Ch3_MRC.xlsx,rubbing,0.4,2.033
All_SocIso_SH,EH250624_SocIso_4_Ch3_MRC.xlsx,rubbing,15.633,2.5
All_SocIso_SH,EH250624_SocIso_4_Ch3_MRC.xlsx,rubbing,24.867,1.8
All_SocIso_SH,EH250624_SocIso_4_Ch3_MRC.xlsx,rubbing,27.233,1.667
All_SocIso_SH,EH250624_SocIso_4_Ch3_MRC.xlsx,rubbing,63.433,2.13399999999999
All_SocIso_SH,EH250624_SocIso_4_Ch3_MRC.xlsx,rubbing,67.367,1.866
All_SocIso_SH,EH250624_SocIso_4_Ch3_MRC.xlsx,rubbing,71.1,4.43300000000001
All_SocIso_SH,EH250624_SocIso_4_Ch3_MRC.xlsx,rubbing,75.833,1.3
All_SocIso_SH,EH250624_SocIso_4_Ch3_MRC.xlsx,rubbing,77.5,2.5
All_SocIso_SH,EH250624_SocIso_4_Ch3_MRC.xlsx,rubbing,80.533,0.834000000000003
All_SocIso_SH,EH250624_SocIso_4_Ch3_MRC.xlsx,rubbing,81.8,0.5
All_SocIso_SH,EH250624_SocIso_4_Ch3_MRC.xlsx,rubbing,89.533,0.466999999999999
All_SocIso_SH,EH250624_SocIso_4_Ch3_MRC.xlsx,rubbing,90.2,0.899999999999991
All_SocIso_SH,EH250624_SocIso_4_Ch3_MRC.xlsx,rubbing,96.633,1.26700000000001
All_SocIso_SH,EH250624_SocIso_4_Ch3_MRC.xlsx,rubbing,101.933,1.86699999999999
All_SocIso_SH,EH250624_SocIso_4_Ch3_MRC.xlsx,rubbing,103.833,0.266999999999996
All_SocIso_SH,EH250624_SocIso_4_Ch3_MRC.xlsx,rubbing,108.367,3.09999999999999
All_SocIso_SH,EH250624_SocIso_4_Ch3_MRC.xlsx,rubbing,121.867,2.133
All_SocIso_SH,EH250624_SocIso_4_Ch3_MRC.xlsx,rubbing,124.633,3.03400000000001
All_SocIso_SH,EH250624_SocIso_4_Ch3_MRC.xlsx,rubbing,127.7,0.533000000000001
All_SocIso_SH,EH250624_SocIso_4_Ch3_MRC.xlsx,rubbing,151.433,1.63400000000001
All_SocIso_SH,EH250624_SocIso_4_Ch3_MRC.xlsx,rubbing,153.567,0.599999999999994
All_SocIso_SH,EH250624_SocIso_4_Ch3_MRC.xlsx,rubbing,156.533,0.667000000000002
All_SocIso_SH,EH250624_SocIso_4_Ch3_MRC.xlsx,rubbing,158.1,0.467000000000013
All_SocIso_SH,EH250624_SocIso_4_Ch3_MRC.xlsx,rubbing,159.433,0.834000000000003
All_SocIso_SH,EH250624_SocIso_4_Ch3_MRC.xlsx,rubbing,160.833,0.567000000000007
All_SocIso_SH,EH250624_SocIso_4_Ch3_MRC.xlsx,rubbing,214.567,2.29999999999998
All_SocIso_SH,EH250624_SocIso_4_Ch3_MRC.xlsx,rubbing,217.2,2.96700000000001
All_SocIso_SH,EH250624_SocIso_4_Ch3_MRC.xlsx,rubbing,220.2,2.56700000000001
All_SocIso_SH,EH250624_SocIso_4_Ch3_MRC.xlsx,rubbing,222.8,0.432999999999993
All_SocIso_SH,EH250624_SocIso_4_Ch3_MRC.xlsx,rubbing,223.767,2.166
All_SocIso_SH,EH250624_SocIso_4_Ch3_MRC.xlsx,rubbing,226.333,3.46700000000001
All_SocIso_SH,EH250624_SocIso_4_Ch3_MRC.xlsx,rubbing,230.133,0.699999999999989
All_SocIso_SH,EH250624_SocIso_4_Ch3_MRC.xlsx,rubbing,231.3,1.09999999999999
All_SocIso_SH,EH250624_SocIso_4_Ch3_MRC.xlsx,rubbing,232.567,3.13299999999998
All_SocIso_SH,EH250624_SocIso_4_Ch3_MRC.xlsx,rubbing,286.667,3.16600000000005
All_SocIso_SH,EH250624_SocIso_4_Ch3_MRC.xlsx,wing,82.933,4.5
All_SocIso_SH,EH250624_SocIso_4_Ch3_MRC.xlsx,wing,88.967,0.533000000000001
All_SocIso_SH,EH250624_SocIso_5_Scoring_CH1_DL.xlsx,abdominal,153.4,0.432999999999993
All_SocIso_SH,EH250624_SocIso_5_Scoring_CH1_DL.xlsx,class_all_grooming,11.933,3.6
All_SocIso_SH,EH250624_SocIso_5_Scoring_CH1_DL.xlsx,class_all_grooming,36.433,2.834
All_SocIso_SH,EH250624_SocIso_5_Scoring_CH1_DL.xlsx,class_all_grooming,39.367,1.433
All_SocIso_SH,EH250624_SocIso_5_Scoring_CH1_DL.xlsx,class_all_grooming,62.633,2.534
All_SocIso_SH,EH250624_SocIso_5_Scoring_CH1_DL.xlsx,class_all_grooming,67.233,0.933999999999997
All_SocIso_SH,EH250624_SocIso_5_Scoring_CH1_DL.xlsx,class_all_grooming,68.667,1.733
All_SocIso_SH,EH250624_SocIso_5_Scoring_CH1_DL.xlsx,class_all_grooming,83.333,1.867
All_SocIso_SH,EH250624_SocIso_5_Scoring_CH1_DL.xlsx,class_all_grooming,93.367,1.46599999999999
All_SocIso_SH,EH250624_SocIso_5_Scoring_CH1_DL.xlsx,class_all_grooming,121.4,0.899999999999991
All_SocIso_SH,EH250624_SocIso_5_Scoring_CH1_DL.xlsx,class_all_grooming,123.167,0.766000000000005
All_SocIso_SH,EH250624_SocIso_5_Scoring_CH1_DL.xlsx,class_all_grooming,132.933,1.73400000000001
All_SocIso_SH,EH250624_SocIso_5_Scoring_CH1_DL.xlsx,class_all_grooming,134.7,0.867000000000019
All_SocIso_SH,EH250624_SocIso_5_Scoring_CH1_DL.xlsx,class_all_grooming,136.3,1.667
All_SocIso_SH,EH250624_SocIso_5_Scoring_CH1_DL.xlsx,class_all_grooming,143.3,2.667
All_SocIso_SH,EH250624_SocIso_5_Scoring_CH1_DL.xlsx,class_all_grooming,147.133,0.399999999999977
All_SocIso_SH,EH250624_SocIso_5_Scoring_CH1_DL.xlsx,class_all_grooming,147.567,0.566000000000003
All_SocIso_SH,EH250624_SocIso_5_Scoring_CH1_DL.xlsx,class_all_grooming,148.4,1.167
All_SocIso_SH,EH250624_SocIso_5_Scoring_CH1_DL.xlsx,class_all_grooming,149.7,2.93300000000002
All_SocIso_SH,EH250624_SocIso_5_Scoring_CH1_DL.xlsx,class_all_grooming,152.667,0.365999999999985
All_SocIso_SH,EH250624_SocIso_5_Scoring_CH1_DL.xlsx,class_all_grooming,153.4,0.432999999999993
All_SocIso_SH,EH250624_SocIso_5_Scoring_CH1_DL.xlsx,class_all_grooming,153.867,4.03300000000002
All_SocIso_SH,EH250624_SocIso_5_Scoring_CH1_DL.xlsx,class_all_grooming,159,0.532999999999987
All_SocIso_SH,EH250624_SocIso_5_Scoring_CH1_DL.xlsx,class_all_grooming,159.567,1.233
All_SocIso_SH,EH250624_SocIso_5_Scoring_CH1_DL.xlsx,class_all_grooming,160.833,0.800000000000011
All_SocIso_SH,EH250624_SocIso_5_Scoring_CH1_DL.xlsx,class_all_grooming,161.833,3.96700000000001
All_SocIso_SH,EH250624_SocIso_5_Scoring_CH1_DL.xlsx,class_all_grooming,197.367,2
All_SocIso_SH,EH250624_SocIso_5_Scoring_CH1_DL.xlsx,class_all_grooming,204.9,1.36699999999999
All_SocIso_SH,EH250624_SocIso_5_Scoring_CH1_DL.xlsx,class_all_grooming,207.367,1.666
All_SocIso_SH,EH250624_SocIso_5_Scoring_CH1_DL.xlsx,class_all_grooming,209.067,0.566000000000003
All_SocIso_SH,EH250624_SocIso_5_Scoring_CH1_DL.xlsx,class_all_grooming,224.533,2.73400000000001
All_SocIso_SH,EH250624_SocIso_5_Scoring_CH1_DL.xlsx,class_all_grooming,227.3,0.566999999999979
All_SocIso_SH,EH250624_SocIso_5_Scoring_CH1_DL.xlsx,class_all_grooming,228.2,0.332999999999998
All_SocIso_SH,EH250624_SocIso_5_Scoring_CH1_DL.xlsx,class_all_grooming,228.7,1.13300000000001
All_SocIso_SH,EH250624_SocIso_5_Scoring_CH1_DL.xlsx,class_all_grooming,229.967,0.96599999999998
All_SocIso_SH,EH250624_SocIso_5_Scoring_CH1_DL.xlsx,class_all_grooming,230.967,0.799999999999983
All_SocIso_SH,EH250624_SocIso_5_Scoring_CH1_DL.xlsx,class_all_grooming,253.467,2.13299999999998
All_SocIso_SH,EH250624_SocIso_5_Scoring_CH1_DL.xlsx,class_all_grooming,262.933,1.90000000000003
All_SocIso_SH,EH250624_SocIso_5_Scoring_CH1_DL.xlsx,class_all_grooming,269.333,4.06699999999995
All_SocIso_SH,EH250624_SocIso_5_Scoring_CH1_DL.xlsx,class_all_grooming,273.867,2.06599999999997
All_SocIso_SH,EH250624_SocIso_5_Scoring_CH1_DL.xlsx,class_all_grooming,275.967,1.233
All_SocIso_SH,EH250624_SocIso_5_Scoring_CH1_DL.xlsx,class_all_grooming,277.233,0.266999999999996
All_SocIso_SH,EH250624_SocIso_5_Scoring_CH1_DL.xlsx,class_all_grooming,277.6,1.29999999999995
All_SocIso_SH,EH250624_SocIso_5_Scoring_CH1_DL.xlsx,class_all_grooming,279.333,0.799999999999955
All_SocIso_SH,EH250624_SocIso_5_Scoring_CH1_DL.xlsx,class_all_grooming,280.167,0.466000000000008
All_SocIso_SH,EH250624_SocIso_5_Scoring_CH1_DL.xlsx,class_all_grooming,280.667,1.53300000000002
All_SocIso_SH,EH250624_SocIso_5_Scoring_CH1_DL.xlsx,class_all_grooming,282.233,0.867000000000019
All_SocIso_SH,EH250624_SocIso_5_Scoring_CH1_DL.xlsx,head,277.233,0.266999999999996
All_SocIso_SH,EH250624_SocIso_5_Scoring_CH1_DL.xlsx,head,277.6,1.29999999999995
All_SocIso_SH,EH250624_SocIso_5_Scoring_CH1_DL.xlsx,head,279.333,0.799999999999955
All_SocIso_SH,EH250624_SocIso_5_Scoring_CH1_DL.xlsx,head,280.667,1.53300000000002
All_SocIso_SH,EH250624_SocIso_5_Scoring_CH1_DL.xlsx,rubbing,11.933,3.6
All_SocIso_SH,EH250624_SocIso_5_Scoring_CH1_DL.xlsx,rubbing,36.433,2.834
All_SocIso_SH,EH250624_SocIso_5_Scoring_CH1_DL.xlsx,rubbing,39.367,1.433
All_SocIso_SH,EH250624_SocIso_5_Scoring_CH1_DL.xlsx,rubbing,67.233,0.933999999999997
All_SocIso_SH,EH250624_SocIso_5_Scoring_CH1_DL.xlsx,rubbing,68.667,1.733
All_SocIso_SH,EH250624_SocIso_5_Scoring_CH1_DL.xlsx,rubbing,93.367,1.46599999999999
All_SocIso_SH,EH250624_SocIso_5_Scoring_CH1_DL.xlsx,rubbing,121.4,0.899999999999991
All_SocIso_SH,EH250624_SocIso_5_Scoring_CH1_DL.xlsx,rubbing,123.167,0.766000000000005
All_SocIso_SH,EH250624_SocIso_5_Scoring_CH1_DL.xlsx,rubbing,134.7,0.867000000000019
All_SocIso_SH,EH250624_SocIso_5_Scoring_CH1_DL.xlsx,rubbing,136.3,1.667
All_SocIso_SH,EH250624_SocIso_5_Scoring_CH1_DL.xlsx,rubbing,143.3,2.667
All_SocIso_SH,EH250624_SocIso_5_Scoring_CH1_DL.xlsx,rubbing,147.133,0.399999999999977
All_SocIso_SH,EH250624_SocIso_5_Scoring_CH1_DL.xlsx,rubbing,147.567,0.566000000000003
All_SocIso_SH,EH250624_SocIso_5_Scoring_CH1_DL.xlsx,rubbing,148.4,1.167
All_SocIso_SH,EH250624_SocIso_5_Scoring_CH1_DL.xlsx,rubbing,149.7,2.93300000000002
All_SocIso_SH,EH250624_SocIso_5_Scoring_CH1_DL.xlsx,rubbing,152.667,0.365999999999985
All_SocIso_SH,EH250624_SocIso_5_Scoring_CH1_DL.xlsx,rubbing,159,0.532999999999987
All_SocIso_SH,EH250624_SocIso_5_Scoring_CH1_DL.xlsx,rubbing,159.567,1.233
All_SocIso_SH,EH250624_SocIso_5_Scoring_CH1_DL.xlsx,rubbing,160.833,0.800000000000011
All_SocIso_SH,EH250624_SocIso_5_Scoring_CH1_DL.xlsx,rubbing,197.367,2
All_SocIso_SH,EH250624_SocIso_5_Scoring_CH1_DL.xlsx,rubbing,204.9,1.36699999999999
All_SocIso_SH,EH250624_SocIso_5_Scoring_CH1_DL.xlsx,rubbing,207.367,1.666
All_SocIso_SH,EH250624_SocIso_5_Scoring_CH1_DL.xlsx,rubbing,209.067,0.566000000000003
All_SocIso_SH,EH250624_SocIso_5_Scoring_CH1_DL.xlsx,rubbing,227.3,0.566999999999979
All_SocIso_SH,EH250624_SocIso_5_Scoring_CH1_DL.xlsx,rubbing,228.2,0.332999999999998
All_SocIso_SH,EH250624_SocIso_5_Scoring_CH1_DL.xlsx,rubbing,228.7,1.13300000000001
All_SocIso_SH,EH250624_SocIso_5_Scoring_CH1_DL.xlsx,rubbing,229.967,0.96599999999998
All_SocIso_SH,EH250624_SocIso_5_Scoring_CH1_DL.xlsx,rubbing,230.967,0.799999999999983
All_SocIso_SH,EH250624_SocIso_5_Scoring_CH1_DL.xlsx,rubbing,253.467,2.13299999999998
All_SocIso_SH,EH250624_SocIso_5_Scoring_CH1_DL.xlsx,rubbing,262.933,1.90000000000003
All_SocIso_SH,EH250624_SocIso_5_Scoring_CH1_DL.xlsx,rubbing,269.333,4.06699999999995
All_SocIso_SH,EH250624_SocIso_5_Scoring_CH1_DL.xlsx,rubbing,273.867,2.06599999999997
All_SocIso_SH,EH250624_SocIso_5_Scoring_CH1_DL.xlsx,rubbing,275.967,1.233
All_SocIso_SH,EH250624_SocIso_5_Scoring_CH1_DL.xlsx,rubbing,280.167,0.466000000000008
All_SocIso_SH,EH250624_SocIso_5_Scoring_CH1_DL.xlsx,rubbing,282.233,0.867000000000019
All_SocIso_SH,EH250624_SocIso_5_Scoring_CH1_DL.xlsx,wing,62.633,2.534
All_SocIso_SH,EH250624_SocIso_5_Scoring_CH1_DL.xlsx,wing,83.333,1.867
All_SocIso_SH,EH250624_SocIso_5_Scoring_CH1_DL.xlsx,wing,132.933,1.73400000000001
All_SocIso_SH,EH250624_SocIso_5_Scoring_CH1_DL.xlsx,wing,153.867,4.03300000000002
All_SocIso_SH,EH250624_SocIso_5_Scoring_CH1_DL.xlsx,wing,161.833,3.96700000000001
All_SocIso_SH,EH250624_SocIso_5_Scoring_CH1_DL.xlsx,wing,224.533,2.73400000000001
All_SocIso_SH,EH250624_SocIso_5_Scoring_CH2_DL.xlsx,abdominal,0,0.5
All_SocIso_SH,EH250624_SocIso_5_Scoring_CH2_DL.xlsx,abdominal,218.133,1.39999999999998
All_SocIso_SH,EH250624_SocIso_5_Scoring_CH2_DL.xlsx,abdominal,222.567,1.93299999999999
All_SocIso_SH,EH250624_SocIso_5_Scoring_CH2_DL.xlsx,abdominal,225.6,0.733000000000004
All_SocIso_SH,EH250624_SocIso_5_Scoring_CH2_DL.xlsx,class_all_grooming,0,0.5
All_SocIso_SH,EH250624_SocIso_5_Scoring_CH2_DL.xlsx,class_all_grooming,0.533,1.534
All_SocIso_SH,EH250624_SocIso_5_Scoring_CH2_DL.xlsx,class_all_grooming,8.733,2.234
All_SocIso_SH,EH250624_SocIso_5_Scoring_CH2_DL.xlsx,class_all_grooming,14.233,2.534
All_SocIso_SH,EH250624_SocIso_5_Scoring_CH2_DL.xlsx,class_all_grooming,22.467,1.666
All_SocIso_SH,EH250624_SocIso_5_Scoring_CH2_DL.xlsx,class_all_grooming,27.433,3.034
All_SocIso_SH,EH250624_SocIso_5_Scoring_CH2_DL.xlsx,class_all_grooming,30.5,1
All_SocIso_SH,EH250624_SocIso_5_Scoring_CH2_DL.xlsx,class_all_grooming,43.2,1.833
All_SocIso_SH,EH250624_SocIso_5_Scoring_CH2_DL.xlsx,class_all_grooming,68.1,1.233
All_SocIso_SH,EH250624_SocIso_5_Scoring_CH2_DL.xlsx,class_all_grooming,69.367,0.665999999999997
All_SocIso_SH,EH250624_SocIso_5_Scoring_CH2_DL.xlsx,class_all_grooming,107.7,0.667000000000002
All_SocIso_SH,EH250624_SocIso_5_Scoring_CH2_DL.xlsx,class_all_grooming,109.133,1.634
All_SocIso_SH,EH250624_SocIso_5_Scoring_CH2_DL.xlsx,class_all_grooming,111.833,1.23399999999999
All_SocIso_SH,EH250624_SocIso_5_Scoring_CH2_DL.xlsx,class_all_grooming,144.833,2.06700000000001
All_SocIso_SH,EH250624_SocIso_5_Scoring_CH2_DL.xlsx,class_all_grooming,161.267,2.09999999999999
All_SocIso_SH,EH250624_SocIso_5_Scoring_CH2_DL.xlsx,class_all_grooming,173.733,0.86699999999999
All_SocIso_SH,EH250624_SocIso_5_Scoring_CH2_DL.xlsx,class_all_grooming,174.867,4.066
All_SocIso_SH,EH250624_SocIso_5_Scoring_CH2_DL.xlsx,class_all_grooming,179.333,4.267
All_SocIso_SH,EH250624_SocIso_5_Scoring_CH2_DL.xlsx,class_all_grooming,183.633,0.933999999999997
All_SocIso_SH,EH250624_SocIso_5_Scoring_CH2_DL.xlsx,class_all_grooming,184.733,7.90000000000001
All_SocIso_SH,EH250624_SocIso_5_Scoring_CH2_DL.xlsx,class_all_grooming,192.667,0.532999999999987
All_SocIso_SH,EH250624_SocIso_5_Scoring_CH2_DL.xlsx,class_all_grooming,196.867,0.900000000000006
All_SocIso_SH,EH250624_SocIso_5_Scoring_CH2_DL.xlsx,class_all_grooming,206.4,2.267
All_SocIso_SH,EH250624_SocIso_5_Scoring_CH2_DL.xlsx,class_all_grooming,209.6,2.06700000000001
All_SocIso_SH,EH250624_SocIso_5_Scoring_CH2_DL.xlsx,class_all_grooming,211.7,1.03300000000002
All_SocIso_SH,EH250624_SocIso_5_Scoring_CH2_DL.xlsx,class_all_grooming,216.433,1.30000000000001
All_SocIso_SH,EH250624_SocIso_5_Scoring_CH2_DL.xlsx,class_all_grooming,218.133,1.39999999999998
All_SocIso_SH,EH250624_SocIso_5_Scoring_CH2_DL.xlsx,class_all_grooming,219.567,1.19999999999999
All_SocIso_SH,EH250624_SocIso_5_Scoring_CH2_DL.xlsx,class_all_grooming,220.8,1.19999999999999
All_SocIso_SH,EH250624_SocIso_5_Scoring_CH2_DL.xlsx,class_all_grooming,222.567,1.93299999999999
All_SocIso_SH,EH250624_SocIso_5_Scoring_CH2_DL.xlsx,class_all_grooming,224.533,0.700000000000017
All_SocIso_SH,EH250624_SocIso_5_Scoring_CH2_DL.xlsx,class_all_grooming,225.6,0.733000000000004
All_SocIso_SH,EH250624_SocIso_5_Scoring_CH2_DL.xlsx,class_all_grooming,226.367,1.40000000000001
All_SocIso_SH,EH250624_SocIso_5_Scoring_CH2_DL.xlsx,class_all_grooming,227.8,2.03299999999999
All_SocIso_SH,EH250624_SocIso_5_Scoring_CH2_DL.xlsx,class_all_grooming,229.867,1.13300000000001
All_SocIso_SH,EH250624_SocIso_5_Scoring_CH2_DL.xlsx,class_all_grooming,231.3,0.832999999999998
All_SocIso_SH,EH250624_SocIso_5_Scoring_CH2_DL.xlsx,class_all_grooming,232.167,2.233
All_SocIso_SH,EH250624_SocIso_5_Scoring_CH2_DL.xlsx,class_all_grooming,235.633,1.06699999999998
All_SocIso_SH,EH250624_SocIso_5_Scoring_CH2_DL.xlsx,class_all_grooming,237.233,2.79999999999998
All_SocIso_SH,EH250624_SocIso_5_Scoring_CH2_DL.xlsx,class_all_grooming,240.067,1.36599999999999
All_SocIso_SH,EH250624_SocIso_5_Scoring_CH2_DL.xlsx,class_all_grooming,247.633,0.199999999999989
All_SocIso_SH,EH250624_SocIso_5_Scoring_CH2_DL.xlsx,class_all_grooming,247.967,2.76599999999999
All_SocIso_SH,EH250624_SocIso_5_Scoring_CH2_DL.xlsx,class_all_grooming,251.133,1.96699999999998
All_SocIso_SH,EH250624_SocIso_5_Scoring_CH2_DL.xlsx,class_all_grooming,281.033,1.66699999999997
All_SocIso_SH,EH250624_SocIso_5_Scoring_CH2_DL.xlsx,class_all_grooming,282.733,1.10000000000002
All_SocIso_SH,EH250624_SocIso_5_Scoring_CH2_DL.xlsx,class_all_grooming,283.9,1.80000000000001
All_SocIso_SH,EH250624_SocIso_5_Scoring_CH2_DL.xlsx,class_all_grooming,285.733,0.933999999999969
All_SocIso_SH,EH250624_SocIso_5_Scoring_CH2_DL.xlsx,class_all_grooming,286.7,0.699999999999989
All_SocIso_SH,EH250624_SocIso_5_Scoring_CH2_DL.xlsx,class_all_grooming,287.433,0.400000000000034
All_SocIso_SH,EH250624_SocIso_5_Scoring_CH2_DL.xlsx,class_all_grooming,287.867,0.932999999999993
All_SocIso_SH,EH250624_SocIso_5_Scoring_CH2_DL.xlsx,class_all_grooming,288.967,0.665999999999997
All_SocIso_SH,EH250624_SocIso_5_Scoring_CH2_DL.xlsx,class_all_grooming,289.767,0.699999999999989
All_SocIso_SH,EH250624_SocIso_5_Scoring_CH2_DL.xlsx,head,282.733,1.10000000000002
All_SocIso_SH,EH250624_SocIso_5_Scoring_CH2_DL.xlsx,head,283.9,1.80000000000001
All_SocIso_SH,EH250624_SocIso_5_Scoring_CH2_DL.xlsx,head,286.7,0.699999999999989
All_SocIso_SH,EH250624_SocIso_5_Scoring_CH2_DL.xlsx,head,287.867,0.932999999999993
All_SocIso_SH,EH250624_SocIso_5_Scoring_CH2_DL.xlsx,head,288.967,0.665999999999997
All_SocIso_SH,EH250624_SocIso_5_Scoring_CH2_DL.xlsx,head,289.767,0.699999999999989
All_SocIso_SH,EH250624_SocIso_5_Scoring_CH2_DL.xlsx,rubbing,0.533,1.534
All_SocIso_SH,EH250624_SocIso_5_Scoring_CH2_DL.xlsx,rubbing,8.733,2.234
All_SocIso_SH,EH250624_SocIso_5_Scoring_CH2_DL.xlsx,rubbing,14.233,2.534
All_SocIso_SH,EH250624_SocIso_5_Scoring_CH2_DL.xlsx,rubbing,22.467,1.666
All_SocIso_SH,EH250624_SocIso_5_Scoring_CH2_DL.xlsx,rubbing,27.433,3.034
All_SocIso_SH,EH250624_SocIso_5_Scoring_CH2_DL.xlsx,rubbing,30.5,1
All_SocIso_SH,EH250624_SocIso_5_Scoring_CH2_DL.xlsx,rubbing,43.2,1.833
All_SocIso_SH,EH250624_SocIso_5_Scoring_CH2_DL.xlsx,rubbing,68.1,1.233
All_SocIso_SH,EH250624_SocIso_5_Scoring_CH2_DL.xlsx,rubbing,69.367,0.665999999999997
All_SocIso_SH,EH250624_SocIso_5_Scoring_CH2_DL.xlsx,rubbing,107.7,0.667000000000002
All_SocIso_SH,EH250624_SocIso_5_Scoring_CH2_DL.xlsx,rubbing,109.133,1.634
All_SocIso_SH,EH250624_SocIso_5_Scoring_CH2_DL.xlsx,rubbing,111.833,1.23399999999999
All_SocIso_SH,EH250624_SocIso_5_Scoring_CH2_DL.xlsx,rubbing,144.833,2.06700000000001
All_SocIso_SH,EH250624_SocIso_5_Scoring_CH2_DL.xlsx,rubbing,161.267,2.09999999999999
All_SocIso_SH,EH250624_SocIso_5_Scoring_CH2_DL.xlsx,rubbing,173.733,0.86699999999999
All_SocIso_SH,EH250624_SocIso_5_Scoring_CH2_DL.xlsx,rubbing,174.867,4.066
All_SocIso_SH,EH250624_SocIso_5_Scoring_CH2_DL.xlsx,rubbing,183.633,0.933999999999997
All_SocIso_SH,EH250624_SocIso_5_Scoring_CH2_DL.xlsx,rubbing,196.867,0.900000000000006
All_SocIso_SH,EH250624_SocIso_5_Scoring_CH2_DL.xlsx,rubbing,206.4,2.267
All_SocIso_SH,EH250624_SocIso_5_Scoring_CH2_DL.xlsx,rubbing,209.6,2.06700000000001
All_SocIso_SH,EH250624_SocIso_5_Scoring_CH2_DL.xlsx,rubbing,211.7,1.03300000000002
All_SocIso_SH,EH250624_SocIso_5_Scoring_CH2_DL.xlsx,rubbing,216.433,1.30000000000001
All_SocIso_SH,EH250624_SocIso_5_Scoring_CH2_DL.xlsx,rubbing,220.8,1.19999999999999
All_SocIso_SH,EH250624_SocIso_5_Scoring_CH2_DL.xlsx,rubbing,224.533,0.700000000000017
All_SocIso_SH,EH250624_SocIso_5_Scoring_CH2_DL.xlsx,rubbing,229.867,1.13300000000001
All_SocIso_SH,EH250624_SocIso_5_Scoring_CH2_DL.xlsx,rubbing,235.633,1.06699999999998
All_SocIso_SH,EH250624_SocIso_5_Scoring_CH2_DL.xlsx,rubbing,240.067,1.36599999999999
All_SocIso_SH,EH250624_SocIso_5_Scoring_CH2_DL.xlsx,rubbing,247.633,0.199999999999989
All_SocIso_SH,EH250624_SocIso_5_Scoring_CH2_DL.xlsx,rubbing,247.967,2.76599999999999
All_SocIso_SH,EH250624_SocIso_5_Scoring_CH2_DL.xlsx,rubbing,251.133,1.96699999999998
All_SocIso_SH,EH250624_SocIso_5_Scoring_CH2_DL.xlsx,rubbing,281.033,1.66699999999997
All_SocIso_SH,EH250624_SocIso_5_Scoring_CH2_DL.xlsx,rubbing,285.733,0.933999999999969
All_SocIso_SH,EH250624_SocIso_5_Scoring_CH2_DL.xlsx,rubbing,287.433,0.400000000000034
All_SocIso_SH,EH250624_SocIso_5_Scoring_CH2_DL.xlsx,thorax,192.667,0.532999999999987
All_SocIso_SH,EH250624_SocIso_5_Scoring_CH2_DL.xlsx,thorax,227.8,2.03299999999999
All_SocIso_SH,EH250624_SocIso_5_Scoring_CH2_DL.xlsx,thorax,232.167,2.233
All_SocIso_SH,EH250624_SocIso_5_Scoring_CH2_DL.xlsx,thorax,237.233,2.79999999999998
All_SocIso_SH,EH250624_SocIso_5_Scoring_CH2_DL.xlsx,wing,179.333,4.267
All_SocIso_SH,EH250624_SocIso_5_Scoring_CH2_DL.xlsx,wing,184.733,7.90000000000001
All_SocIso_SH,EH250624_SocIso_5_Scoring_CH2_DL.xlsx,wing,219.567,1.19999999999999
All_SocIso_SH,EH250624_SocIso_5_Scoring_CH2_DL.xlsx,wing,226.367,1.40000000000001
All_SocIso_SH,EH250624_SocIso_5_Scoring_CH2_DL.xlsx,wing,231.3,0.832999999999998
All_SocIso_SH,EH250624_SocIso_6_2025_06_24T22_50_24_476Z_CH4_SingleHoused.xlsx,class_all_grooming,0,0.5
All_SocIso_SH,EH250624_SocIso_6_2025_06_24T22_50_24_476Z_CH4_SingleHoused.xlsx,class_all_grooming,13.9,3.033
All_SocIso_SH,EH250624_SocIso_6_2025_06_24T22_50_24_476Z_CH4_SingleHoused.xlsx,class_all_grooming,16.967,0.333000000000002
All_SocIso_SH,EH250624_SocIso_6_2025_06_24T22_50_24_476Z_CH4_SingleHoused.xlsx,class_all_grooming,17.333,1.1
All_SocIso_SH,EH250624_SocIso_6_2025_06_24T22_50_24_476Z_CH4_SingleHoused.xlsx,class_all_grooming,40.6,0.567
All_SocIso_SH,EH250624_SocIso_6_2025_06_24T22_50_24_476Z_CH4_SingleHoused.xlsx,class_all_grooming,64.733,2.967
All_SocIso_SH,EH250624_SocIso_6_2025_06_24T22_50_24_476Z_CH4_SingleHoused.xlsx,class_all_grooming,77.167,1.93299999999999
All_SocIso_SH,EH250624_SocIso_6_2025_06_24T22_50_24_476Z_CH4_SingleHoused.xlsx,class_all_grooming,79.833,0.600000000000009
All_SocIso_SH,EH250624_SocIso_6_2025_06_24T22_50_24_476Z_CH4_SingleHoused.xlsx,class_all_grooming,80.8,2.10000000000001
All_SocIso_SH,EH250624_SocIso_6_2025_06_24T22_50_24_476Z_CH4_SingleHoused.xlsx,class_all_grooming,106.067,3.90000000000001
All_SocIso_SH,EH250624_SocIso_6_2025_06_24T22_50_24_476Z_CH4_SingleHoused.xlsx,class_all_grooming,110,0.466999999999999
All_SocIso_SH,EH250624_SocIso_6_2025_06_24T22_50_24_476Z_CH4_SingleHoused.xlsx,class_all_grooming,131.967,1.36599999999999
All_SocIso_SH,EH250624_SocIso_6_2025_06_24T22_50_24_476Z_CH4_SingleHoused.xlsx,class_all_grooming,138.133,5.56699999999998
All_SocIso_SH,EH250624_SocIso_6_2025_06_24T22_50_24_476Z_CH4_SingleHoused.xlsx,class_all_grooming,154.833,2.69999999999999
All_SocIso_SH,EH250624_SocIso_6_2025_06_24T22_50_24_476Z_CH4_SingleHoused.xlsx,class_all_grooming,193.267,0.900000000000006
All_SocIso_SH,EH250624_SocIso_6_2025_06_24T22_50_24_476Z_CH4_SingleHoused.xlsx,class_all_grooming,198.033,3.46700000000001
All_SocIso_SH,EH250624_SocIso_6_2025_06_24T22_50_24_476Z_CH4_SingleHoused.xlsx,class_all_grooming,201.533,0.167000000000002
All_SocIso_SH,EH250624_SocIso_6_2025_06_24T22_50_24_476Z_CH4_SingleHoused.xlsx,class_all_grooming,201.733,2
All_SocIso_SH,EH250624_SocIso_6_2025_06_24T22_50_24_476Z_CH4_SingleHoused.xlsx,class_all_grooming,211.233,1.767
All_SocIso_SH,EH250624_SocIso_6_2025_06_24T22_50_24_476Z_CH4_SingleHoused.xlsx,class_all_grooming,219,1.06700000000001
All_SocIso_SH,EH250624_SocIso_6_2025_06_24T22_50_24_476Z_CH4_SingleHoused.xlsx,class_all_grooming,220.367,1.833
All_SocIso_SH,EH250624_SocIso_6_2025_06_24T22_50_24_476Z_CH4_SingleHoused.xlsx,class_all_grooming,236,0.932999999999993
All_SocIso_SH,EH250624_SocIso_6_2025_06_24T22_50_24_476Z_CH4_SingleHoused.xlsx,class_all_grooming,236.967,0.5
All_SocIso_SH,EH250624_SocIso_6_2025_06_24T22_50_24_476Z_CH4_SingleHoused.xlsx,class_all_grooming,237.5,1.13300000000001
All_SocIso_SH,EH250624_SocIso_6_2025_06_24T22_50_24_476Z_CH4_SingleHoused.xlsx,class_all_grooming,238.667,0.733000000000004
All_SocIso_SH,EH250624_SocIso_6_2025_06_24T22_50_24_476Z_CH4_SingleHoused.xlsx,class_all_grooming,255.633,1.49999999999997
All_SocIso_SH,EH250624_SocIso_6_2025_06_24T22_50_24_476Z_CH4_SingleHoused.xlsx,class_all_grooming,262.067,2.43299999999999
All_SocIso_SH,EH250624_SocIso_6_2025_06_24T22_50_24_476Z_CH4_SingleHoused.xlsx,head,16.967,0.333000000000002
All_SocIso_SH,EH250624_SocIso_6_2025_06_24T22_50_24_476Z_CH4_SingleHoused.xlsx,head,110,0.466999999999999
All_SocIso_SH,EH250624_SocIso_6_2025_06_24T22_50_24_476Z_CH4_SingleHoused.xlsx,head,201.533,0.167000000000002
All_SocIso_SH,EH250624_SocIso_6_2025_06_24T22_50_24_476Z_CH4_SingleHoused.xlsx,rubbing,0,0.5
All_SocIso_SH,EH250624_SocIso_6_2025_06_24T22_50_24_476Z_CH4_SingleHoused.xlsx,rubbing,13.9,3.033
All_SocIso_SH,EH250624_SocIso_6_2025_06_24T22_50_24_476Z_CH4_SingleHoused.xlsx,rubbing,17.333,1.1
All_SocIso_SH,EH250624_SocIso_6_2025_06_24T22_50_24_476Z_CH4_SingleHoused.xlsx,rubbing,40.6,0.567
All_SocIso_SH,EH250624_SocIso_6_2025_06_24T22_50_24_476Z_CH4_SingleHoused.xlsx,rubbing,64.733,2.967
All_SocIso_SH,EH250624_SocIso_6_2025_06_24T22_50_24_476Z_CH4_SingleHoused.xlsx,rubbing,77.167,1.93299999999999
All_SocIso_SH,EH250624_SocIso_6_2025_06_24T22_50_24_476Z_CH4_SingleHoused.xlsx,rubbing,79.833,0.600000000000009
All_SocIso_SH,EH250624_SocIso_6_2025_06_24T22_50_24_476Z_CH4_SingleHoused.xlsx,rubbing,80.8,2.10000000000001
All_SocIso_SH,EH250624_SocIso_6_2025_06_24T22_50_24_476Z_CH4_SingleHoused.xlsx,rubbing,106.067,3.90000000000001
All_SocIso_SH,EH250624_SocIso_6_2025_06_24T22_50_24_476Z_CH4_SingleHoused.xlsx,rubbing,131.967,1.36599999999999
All_SocIso_SH,EH250624_SocIso_6_2025_06_24T22_50_24_476Z_CH4_SingleHoused.xlsx,rubbing,138.133,5.56699999999998
All_SocIso_SH,EH250624_SocIso_6_2025_06_24T22_50_24_476Z_CH4_SingleHoused.xlsx,rubbing,154.833,2.69999999999999
All_SocIso_SH,EH250624_SocIso_6_2025_06_24T22_50_24_476Z_CH4_SingleHoused.xlsx,rubbing,193.267,0.900000000000006
All_SocIso_SH,EH250624_SocIso_6_2025_06_24T22_50_24_476Z_CH4_SingleHoused.xlsx,rubbing,198.033,3.46700000000001
All_SocIso_SH,EH250624_SocIso_6_2025_06_24T22_50_24_476Z_CH4_SingleHoused.xlsx,rubbing,201.733,2
All_SocIso_SH,EH250624_SocIso_6_2025_06_24T22_50_24_476Z_CH4_SingleHoused.xlsx,rubbing,211.233,1.767
All_SocIso_SH,EH250624_SocIso_6_2025_06_24T22_50_24_476Z_CH4_SingleHoused.xlsx,rubbing,219,1.06700000000001
All_SocIso_SH,EH250624_SocIso_6_2025_06_24T22_50_24_476Z_CH4_SingleHoused.xlsx,rubbing,220.367,1.833
All_SocIso_SH,EH250624_SocIso_6_2025_06_24T22_50_24_476Z_CH4_SingleHoused.xlsx,rubbing,236,0.932999999999993
All_SocIso_SH,EH250624_SocIso_6_2025_06_24T22_50_24_476Z_CH4_SingleHoused.xlsx,rubbing,236.967,0.5
All_SocIso_SH,EH250624_SocIso_6_2025_06_24T22_50_24_476Z_CH4_SingleHoused.xlsx,rubbing,237.5,1.13300000000001
All_SocIso_SH,EH250624_SocIso_6_2025_06_24T22_50_24_476Z_CH4_SingleHoused.xlsx,rubbing,238.667,0.733000000000004
All_SocIso_SH,EH250624_SocIso_6_2025_06_24T22_50_24_476Z_CH4_SingleHoused.xlsx,rubbing,255.633,1.49999999999997
All_SocIso_SH,EH250624_SocIso_6_2025_06_24T22_50_24_476Z_CH4_SingleHoused.xlsx,rubbing,262.067,2.43299999999999
All_SocIso_SH,EH250624_SocIso_6_Ch3_MRC.xlsx,abdominal,280.7,0.66700000000003
All_SocIso_SH,EH250624_SocIso_6_Ch3_MRC.xlsx,abdominal,281.967,0.800000000000011
All_SocIso_SH,EH250624_SocIso_6_Ch3_MRC.xlsx,class_all_grooming,6.2,1.2
All_SocIso_SH,EH250624_SocIso_6_Ch3_MRC.xlsx,class_all_grooming,15.633,0.467000000000002
All_SocIso_SH,EH250624_SocIso_6_Ch3_MRC.xlsx,class_all_grooming,17.767,0.632999999999999
All_SocIso_SH,EH250624_SocIso_6_Ch3_MRC.xlsx,class_all_grooming,18.5,1.933
All_SocIso_SH,EH250624_SocIso_6_Ch3_MRC.xlsx,class_all_grooming,27.8,1.467
All_SocIso_SH,EH250624_SocIso_6_Ch3_MRC.xlsx,class_all_grooming,39.533,2.5
All_SocIso_SH,EH250624_SocIso_6_Ch3_MRC.xlsx,class_all_grooming,42.5,4.267
All_SocIso_SH,EH250624_SocIso_6_Ch3_MRC.xlsx,class_all_grooming,46.967,1.866
All_SocIso_SH,EH250624_SocIso_6_Ch3_MRC.xlsx,class_all_grooming,49.033,0.699999999999996
All_SocIso_SH,EH250624_SocIso_6_Ch3_MRC.xlsx,class_all_grooming,49.767,2.266
All_SocIso_SH,EH250624_SocIso_6_Ch3_MRC.xlsx,class_all_grooming,52.2,2.7
All_SocIso_SH,EH250624_SocIso_6_Ch3_MRC.xlsx,class_all_grooming,55.2,1.967
All_SocIso_SH,EH250624_SocIso_6_Ch3_MRC.xlsx,class_all_grooming,57.2,1.5
All_SocIso_SH,EH250624_SocIso_6_Ch3_MRC.xlsx,class_all_grooming,67.867,1.566
All_SocIso_SH,EH250624_SocIso_6_Ch3_MRC.xlsx,class_all_grooming,70.2,1.09999999999999
All_SocIso_SH,EH250624_SocIso_6_Ch3_MRC.xlsx,class_all_grooming,71.533,1.3
All_SocIso_SH,EH250624_SocIso_6_Ch3_MRC.xlsx,class_all_grooming,72.867,1.89999999999999
All_SocIso_SH,EH250624_SocIso_6_Ch3_MRC.xlsx,class_all_grooming,74.8,1.733
All_SocIso_SH,EH250624_SocIso_6_Ch3_MRC.xlsx,class_all_grooming,76.567,0.733000000000004
All_SocIso_SH,EH250624_SocIso_6_Ch3_MRC.xlsx,class_all_grooming,77.333,0.900000000000006
All_SocIso_SH,EH250624_SocIso_6_Ch3_MRC.xlsx,class_all_grooming,102.3,1.733
All_SocIso_SH,EH250624_SocIso_6_Ch3_MRC.xlsx,class_all_grooming,106.067,1.566
All_SocIso_SH,EH250624_SocIso_6_Ch3_MRC.xlsx,class_all_grooming,108.133,1.26700000000001
All_SocIso_SH,EH250624_SocIso_6_Ch3_MRC.xlsx,class_all_grooming,109.8,1.733
All_SocIso_SH,EH250624_SocIso_6_Ch3_MRC.xlsx,class_all_grooming,111.567,0.600000000000009
All_SocIso_SH,EH250624_SocIso_6_Ch3_MRC.xlsx,class_all_grooming,112.5,1.3
All_SocIso_SH,EH250624_SocIso_6_Ch3_MRC.xlsx,class_all_grooming,113.833,0.367000000000004
All_SocIso_SH,EH250624_SocIso_6_Ch3_MRC.xlsx,class_all_grooming,123.7,0.966999999999999
All_SocIso_SH,EH250624_SocIso_6_Ch3_MRC.xlsx,class_all_grooming,148.6,2.20000000000002
All_SocIso_SH,EH250624_SocIso_6_Ch3_MRC.xlsx,class_all_grooming,152.6,1.13300000000001
All_SocIso_SH,EH250624_SocIso_6_Ch3_MRC.xlsx,class_all_grooming,173.9,1.09999999999999
All_SocIso_SH,EH250624_SocIso_6_Ch3_MRC.xlsx,class_all_grooming,175.333,4.434
All_SocIso_SH,EH250624_SocIso_6_Ch3_MRC.xlsx,class_all_grooming,186.1,1.233
All_SocIso_SH,EH250624_SocIso_6_Ch3_MRC.xlsx,class_all_grooming,187.533,2.36700000000002
All_SocIso_SH,EH250624_SocIso_6_Ch3_MRC.xlsx,class_all_grooming,190.1,0.867000000000019
All_SocIso_SH,EH250624_SocIso_6_Ch3_MRC.xlsx,class_all_grooming,191,0.766999999999996
All_SocIso_SH,EH250624_SocIso_6_Ch3_MRC.xlsx,class_all_grooming,201.2,1.63300000000001
All_SocIso_SH,EH250624_SocIso_6_Ch3_MRC.xlsx,class_all_grooming,226.767,1.566
All_SocIso_SH,EH250624_SocIso_6_Ch3_MRC.xlsx,class_all_grooming,228.9,4.63299999999998
All_SocIso_SH,EH250624_SocIso_6_Ch3_MRC.xlsx,class_all_grooming,233.767,4.43299999999999
All_SocIso_SH,EH250624_SocIso_6_Ch3_MRC.xlsx,class_all_grooming,238.233,0.734000000000009
All_SocIso_SH,EH250624_SocIso_6_Ch3_MRC.xlsx,class_all_grooming,239.133,0.399999999999977
All_SocIso_SH,EH250624_SocIso_6_Ch3_MRC.xlsx,class_all_grooming,239.667,0.900000000000006
All_SocIso_SH,EH250624_SocIso_6_Ch3_MRC.xlsx,class_all_grooming,240.6,0.967000000000013
All_SocIso_SH,EH250624_SocIso_6_Ch3_MRC.xlsx,class_all_grooming,241.6,0.700000000000017
All_SocIso_SH,EH250624_SocIso_6_Ch3_MRC.xlsx,class_all_grooming,242.333,0.567000000000007
All_SocIso_SH,EH250624_SocIso_6_Ch3_MRC.xlsx,class_all_grooming,243.067,0.699999999999989
All_SocIso_SH,EH250624_SocIso_6_Ch3_MRC.xlsx,class_all_grooming,243.767,1.59999999999999
All_SocIso_SH,EH250624_SocIso_6_Ch3_MRC.xlsx,class_all_grooming,245.4,0.699999999999989
All_SocIso_SH,EH250624_SocIso_6_Ch3_MRC.xlsx,class_all_grooming,269.1,2.03299999999996
All_SocIso_SH,EH250624_SocIso_6_Ch3_MRC.xlsx,class_all_grooming,271.7,8.96699999999998
All_SocIso_SH,EH250624_SocIso_6_Ch3_MRC.xlsx,class_all_grooming,280.7,0.66700000000003
All_SocIso_SH,EH250624_SocIso_6_Ch3_MRC.xlsx,class_all_grooming,281.4,0.533000000000015
All_SocIso_SH,EH250624_SocIso_6_Ch3_MRC.xlsx,class_all_grooming,281.967,0.800000000000011
All_SocIso_SH,EH250624_SocIso_6_Ch3_MRC.xlsx,class_all_grooming,282.8,3.233
All_SocIso_SH,EH250624_SocIso_6_Ch3_MRC.xlsx,class_all_grooming,286.067,1.233
All_SocIso_SH,EH250624_SocIso_6_Ch3_MRC.xlsx,class_all_grooming,290.633,1.16700000000003
All_SocIso_SH,EH250624_SocIso_6_Ch3_MRC.xlsx,head,74.8,1.733
All_SocIso_SH,EH250624_SocIso_6_Ch3_MRC.xlsx,head,77.333,0.900000000000006
All_SocIso_SH,EH250624_SocIso_6_Ch3_MRC.xlsx,head,238.233,0.734000000000009
All_SocIso_SH,EH250624_SocIso_6_Ch3_MRC.xlsx,head,239.133,0.399999999999977
All_SocIso_SH,EH250624_SocIso_6_Ch3_MRC.xlsx,head,240.6,0.967000000000013
All_SocIso_SH,EH250624_SocIso_6_Ch3_MRC.xlsx,head,242.333,0.567000000000007
All_SocIso_SH,EH250624_SocIso_6_Ch3_MRC.xlsx,head,243.067,0.699999999999989
All_SocIso_SH,EH250624_SocIso_6_Ch3_MRC.xlsx,head,245.4,0.699999999999989
All_SocIso_SH,EH250624_SocIso_6_Ch3_MRC.xlsx,rubbing,6.2,1.2
All_SocIso_SH,EH250624_SocIso_6_Ch3_MRC.xlsx,rubbing,15.633,0.467000000000002
All_SocIso_SH,EH250624_SocIso_6_Ch3_MRC.xlsx,rubbing,17.767,0.632999999999999
All_SocIso_SH,EH250624_SocIso_6_Ch3_MRC.xlsx,rubbing,18.5,1.933
All_SocIso_SH,EH250624_SocIso_6_Ch3_MRC.xlsx,rubbing,27.8,1.467
All_SocIso_SH,EH250624_SocIso_6_Ch3_MRC.xlsx,rubbing,39.533,2.5
All_SocIso_SH,EH250624_SocIso_6_Ch3_MRC.xlsx,rubbing,42.5,4.267
All_SocIso_SH,EH250624_SocIso_6_Ch3_MRC.xlsx,rubbing,49.033,0.699999999999996
All_SocIso_SH,EH250624_SocIso_6_Ch3_MRC.xlsx,rubbing,55.2,1.967
All_SocIso_SH,EH250624_SocIso_6_Ch3_MRC.xlsx,rubbing,57.2,1.5
All_SocIso_SH,EH250624_SocIso_6_Ch3_MRC.xlsx,rubbing,67.867,1.566
All_SocIso_SH,EH250624_SocIso_6_Ch3_MRC.xlsx,rubbing,70.2,1.09999999999999
All_SocIso_SH,EH250624_SocIso_6_Ch3_MRC.xlsx,rubbing,71.533,1.3
All_SocIso_SH,EH250624_SocIso_6_Ch3_MRC.xlsx,rubbing,72.867,1.89999999999999
All_SocIso_SH,EH250624_SocIso_6_Ch3_MRC.xlsx,rubbing,76.567,0.733000000000004
All_SocIso_SH,EH250624_SocIso_6_Ch3_MRC.xlsx,rubbing,102.3,1.733
All_SocIso_SH,EH250624_SocIso_6_Ch3_MRC.xlsx,rubbing,106.067,1.566
All_SocIso_SH,EH250624_SocIso_6_Ch3_MRC.xlsx,rubbing,108.133,1.26700000000001
All_SocIso_SH,EH250624_SocIso_6_Ch3_MRC.xlsx,rubbing,109.8,1.733
All_SocIso_SH,EH250624_SocIso_6_Ch3_MRC.xlsx,rubbing,111.567,0.600000000000009
All_SocIso_SH,EH250624_SocIso_6_Ch3_MRC.xlsx,rubbing,112.5,1.3
All_SocIso_SH,EH250624_SocIso_6_Ch3_MRC.xlsx,rubbing,113.833,0.367000000000004
All_SocIso_SH,EH250624_SocIso_6_Ch3_MRC.xlsx,rubbing,123.7,0.966999999999999
All_SocIso_SH,EH250624_SocIso_6_Ch3_MRC.xlsx,rubbing,148.6,2.20000000000002
All_SocIso_SH,EH250624_SocIso_6_Ch3_MRC.xlsx,rubbing,152.6,1.13300000000001
All_SocIso_SH,EH250624_SocIso_6_Ch3_MRC.xlsx,rubbing,173.9,1.09999999999999
All_SocIso_SH,EH250624_SocIso_6_Ch3_MRC.xlsx,rubbing,175.333,4.434
All_SocIso_SH,EH250624_SocIso_6_Ch3_MRC.xlsx,rubbing,186.1,1.233
All_SocIso_SH,EH250624_SocIso_6_Ch3_MRC.xlsx,rubbing,187.533,2.36700000000002
All_SocIso_SH,EH250624_SocIso_6_Ch3_MRC.xlsx,rubbing,190.1,0.867000000000019
All_SocIso_SH,EH250624_SocIso_6_Ch3_MRC.xlsx,rubbing,191,0.766999999999996
All_SocIso_SH,EH250624_SocIso_6_Ch3_MRC.xlsx,rubbing,201.2,1.63300000000001
All_SocIso_SH,EH250624_SocIso_6_Ch3_MRC.xlsx,rubbing,226.767,1.566
All_SocIso_SH,EH250624_SocIso_6_Ch3_MRC.xlsx,rubbing,228.9,4.63299999999998
All_SocIso_SH,EH250624_SocIso_6_Ch3_MRC.xlsx,rubbing,233.767,4.43299999999999
All_SocIso_SH,EH250624_SocIso_6_Ch3_MRC.xlsx,rubbing,239.667,0.900000000000006
All_SocIso_SH,EH250624_SocIso_6_Ch3_MRC.xlsx,rubbing,241.6,0.700000000000017
All_SocIso_SH,EH250624_SocIso_6_Ch3_MRC.xlsx,rubbing,243.767,1.59999999999999
All_SocIso_SH,EH250624_SocIso_6_Ch3_MRC.xlsx,rubbing,269.1,2.03299999999996
All_SocIso_SH,EH250624_SocIso_6_Ch3_MRC.xlsx,rubbing,271.7,8.96699999999998
All_SocIso_SH,EH250624_SocIso_6_Ch3_MRC.xlsx,rubbing,281.4,0.533000000000015
All_SocIso_SH,EH250624_SocIso_6_Ch3_MRC.xlsx,rubbing,286.067,1.233
All_SocIso_SH,EH250624_SocIso_6_Ch3_MRC.xlsx,rubbing,290.633,1.16700000000003
All_SocIso_SH,EH250624_SocIso_6_Ch3_MRC.xlsx,wing,46.967,1.866
All_SocIso_SH,EH250624_SocIso_6_Ch3_MRC.xlsx,wing,49.767,2.266
All_SocIso_SH,EH250624_SocIso_6_Ch3_MRC.xlsx,wing,52.2,2.7
All_SocIso_SH,EH250624_SocIso_6_Ch3_MRC.xlsx,wing,282.8,3.233
All_SocIso_GH,EH250416_SocIso_1_Scoring_CH3_DL.xlsx,class_all_grooming,2.7,1.667
All_SocIso_GH,EH250416_SocIso_1_Scoring_CH3_DL.xlsx,class_all_grooming,17.8,0.733000000000001
All_SocIso_GH,EH250416_SocIso_1_Scoring_CH3_DL.xlsx,class_all_grooming,28.567,2.433
All_SocIso_GH,EH250416_SocIso_1_Scoring_CH3_DL.xlsx,class_all_grooming,31.133,2
All_SocIso_GH,EH250416_SocIso_1_Scoring_CH3_DL.xlsx,class_all_grooming,52.4,1.6
All_SocIso_GH,EH250416_SocIso_1_Scoring_CH3_DL.xlsx,class_all_grooming,54.4,2.167
All_SocIso_GH,EH250416_SocIso_1_Scoring_CH3_DL.xlsx,class_all_grooming,57.067,4.2
All_SocIso_GH,EH250416_SocIso_1_Scoring_CH3_DL.xlsx,class_all_grooming,61.633,2.034
All_SocIso_GH,EH250416_SocIso_1_Scoring_CH3_DL.xlsx,class_all_grooming,63.733,1.867
All_SocIso_GH,EH250416_SocIso_1_Scoring_CH3_DL.xlsx,class_all_grooming,65.633,1.73400000000001
All_SocIso_GH,EH250416_SocIso_1_Scoring_CH3_DL.xlsx,class_all_grooming,67.467,1.866
All_SocIso_GH,EH250416_SocIso_1_Scoring_CH3_DL.xlsx,class_all_grooming,69.367,1.59999999999999
All_SocIso_GH,EH250416_SocIso_1_Scoring_CH3_DL.xlsx,class_all_grooming,71.033,0.433999999999997
All_SocIso_GH,EH250416_SocIso_1_Scoring_CH3_DL.xlsx,class_all_grooming,71.5,0.433000000000007
All_SocIso_GH,EH250416_SocIso_1_Scoring_CH3_DL.xlsx,class_all_grooming,98.6,0.63300000000001
All_SocIso_GH,EH250416_SocIso_1_Scoring_CH3_DL.xlsx,class_all_grooming,116,0.933000000000007
All_SocIso_GH,EH250416_SocIso_1_Scoring_CH3_DL.xlsx,class_all_grooming,117.233,2.23399999999999
All_SocIso_GH,EH250416_SocIso_1_Scoring_CH3_DL.xlsx,class_all_grooming,119.833,0.167000000000002
All_SocIso_GH,EH250416_SocIso_1_Scoring_CH3_DL.xlsx,head,71.033,0.433999999999997
All_SocIso_GH,EH250416_SocIso_1_Scoring_CH3_DL.xlsx,rubbing,2.7,1.667
All_SocIso_GH,EH250416_SocIso_1_Scoring_CH3_DL.xlsx,rubbing,17.8,0.733000000000001
All_SocIso_GH,EH250416_SocIso_1_Scoring_CH3_DL.xlsx,rubbing,28.567,2.433
All_SocIso_GH,EH250416_SocIso_1_Scoring_CH3_DL.xlsx,rubbing,31.133,2
All_SocIso_GH,EH250416_SocIso_1_Scoring_CH3_DL.xlsx,rubbing,52.4,1.6
All_SocIso_GH,EH250416_SocIso_1_Scoring_CH3_DL.xlsx,rubbing,54.4,2.167
All_SocIso_GH,EH250416_SocIso_1_Scoring_CH3_DL.xlsx,rubbing,57.067,4.2
All_SocIso_GH,EH250416_SocIso_1_Scoring_CH3_DL.xlsx,rubbing,61.633,2.034
All_SocIso_GH,EH250416_SocIso_1_Scoring_CH3_DL.xlsx,rubbing,63.733,1.867
All_SocIso_GH,EH250416_SocIso_1_Scoring_CH3_DL.xlsx,rubbing,65.633,1.73400000000001
All_SocIso_GH,EH250416_SocIso_1_Scoring_CH3_DL.xlsx,rubbing,67.467,1.866
All_SocIso_GH,EH250416_SocIso_1_Scoring_CH3_DL.xlsx,rubbing,69.367,1.59999999999999
All_SocIso_GH,EH250416_SocIso_1_Scoring_CH3_DL.xlsx,rubbing,71.5,0.433000000000007
All_SocIso_GH,EH250416_SocIso_1_Scoring_CH3_DL.xlsx,rubbing,98.6,0.63300000000001
All_SocIso_GH,EH250416_SocIso_1_Scoring_CH3_DL.xlsx,rubbing,116,0.933000000000007
All_SocIso_GH,EH250416_SocIso_1_Scoring_CH3_DL.xlsx,rubbing,117.233,2.23399999999999
All_SocIso_GH,EH250416_SocIso_1_Scoring_CH3_DL.xlsx,rubbing,119.833,0.167000000000002
All_SocIso_GH,EH250416_SocIso_1_Scoring_CH4_DL.xlsx,abdominal,6.067,1.2
All_SocIso_GH,EH250416_SocIso_1_Scoring_CH4_DL.xlsx,abdominal,8.8,1.633
All_SocIso_GH,EH250416_SocIso_1_Scoring_CH4_DL.xlsx,abdominal,11.633,2.2
All_SocIso_GH,EH250416_SocIso_1_Scoring_CH4_DL.xlsx,abdominal,16.533,1.934
All_SocIso_GH,EH250416_SocIso_1_Scoring_CH4_DL.xlsx,abdominal,21.1,2.567
All_SocIso_GH,EH250416_SocIso_1_Scoring_CH4_DL.xlsx,abdominal,28.367,0.565999999999999
All_SocIso_GH,EH250416_SocIso_1_Scoring_CH4_DL.xlsx,abdominal,100.5,0.332999999999998
All_SocIso_GH,EH250416_SocIso_1_Scoring_CH4_DL.xlsx,abdominal,102.367,0.832999999999998
All_SocIso_GH,EH250416_SocIso_1_Scoring_CH4_DL.xlsx,abdominal,104.3,1.2
All_SocIso_GH,EH250416_SocIso_1_Scoring_CH4_DL.xlsx,abdominal,111.5,0.266999999999996
All_SocIso_GH,EH250416_SocIso_1_Scoring_CH4_DL.xlsx,class_all_grooming,0,0.433
All_SocIso_GH,EH250416_SocIso_1_Scoring_CH4_DL.xlsx,class_all_grooming,0.8,0.4
All_SocIso_GH,EH250416_SocIso_1_Scoring_CH4_DL.xlsx,class_all_grooming,1.3,3.267
All_SocIso_GH,EH250416_SocIso_1_Scoring_CH4_DL.xlsx,class_all_grooming,4.6,1.133
All_SocIso_GH,EH250416_SocIso_1_Scoring_CH4_DL.xlsx,class_all_grooming,6.067,1.2
All_SocIso_GH,EH250416_SocIso_1_Scoring_CH4_DL.xlsx,class_all_grooming,7.333,1.3
All_SocIso_GH,EH250416_SocIso_1_Scoring_CH4_DL.xlsx,class_all_grooming,8.8,1.633
All_SocIso_GH,EH250416_SocIso_1_Scoring_CH4_DL.xlsx,class_all_grooming,10.467,0.965999999999999
All_SocIso_GH,EH250416_SocIso_1_Scoring_CH4_DL.xlsx,class_all_grooming,11.633,2.2
All_SocIso_GH,EH250416_SocIso_1_Scoring_CH4_DL.xlsx,class_all_grooming,13.9,2.4
All_SocIso_GH,EH250416_SocIso_1_Scoring_CH4_DL.xlsx,class_all_grooming,16.533,1.934
All_SocIso_GH,EH250416_SocIso_1_Scoring_CH4_DL.xlsx,class_all_grooming,18.733,2.134
All_SocIso_GH,EH250416_SocIso_1_Scoring_CH4_DL.xlsx,class_all_grooming,21.1,2.567
All_SocIso_GH,EH250416_SocIso_1_Scoring_CH4_DL.xlsx,class_all_grooming,23.933,1.2
All_SocIso_GH,EH250416_SocIso_1_Scoring_CH4_DL.xlsx,class_all_grooming,25.133,0.334
All_SocIso_GH,EH250416_SocIso_1_Scoring_CH4_DL.xlsx,class_all_grooming,25.567,2.4
All_SocIso_GH,EH250416_SocIso_1_Scoring_CH4_DL.xlsx,class_all_grooming,28.367,0.565999999999999
All_SocIso_GH,EH250416_SocIso_1_Scoring_CH4_DL.xlsx,class_all_grooming,29,2.867
All_SocIso_GH,EH250416_SocIso_1_Scoring_CH4_DL.xlsx,class_all_grooming,90.833,1.434
All_SocIso_GH,EH250416_SocIso_1_Scoring_CH4_DL.xlsx,class_all_grooming,92.367,1.133
All_SocIso_GH,EH250416_SocIso_1_Scoring_CH4_DL.xlsx,class_all_grooming,93.567,1.13300000000001
All_SocIso_GH,EH250416_SocIso_1_Scoring_CH4_DL.xlsx,class_all_grooming,97.267,2.8
All_SocIso_GH,EH250416_SocIso_1_Scoring_CH4_DL.xlsx,class_all_grooming,100.5,0.332999999999998
All_SocIso_GH,EH250416_SocIso_1_Scoring_CH4_DL.xlsx,class_all_grooming,100.833,1.167
All_SocIso_GH,EH250416_SocIso_1_Scoring_CH4_DL.xlsx,class_all_grooming,102.367,0.832999999999998
All_SocIso_GH,EH250416_SocIso_1_Scoring_CH4_DL.xlsx,class_all_grooming,103.233,0.700000000000003
All_SocIso_GH,EH250416_SocIso_1_Scoring_CH4_DL.xlsx,class_all_grooming,104.3,1.2
All_SocIso_GH,EH250416_SocIso_1_Scoring_CH4_DL.xlsx,class_all_grooming,105.567,2.96600000000001
All_SocIso_GH,EH250416_SocIso_1_Scoring_CH4_DL.xlsx,class_all_grooming,108.633,2.467
All_SocIso_GH,EH250416_SocIso_1_Scoring_CH4_DL.xlsx,class_all_grooming,111.5,0.266999999999996
All_SocIso_GH,EH250416_SocIso_1_Scoring_CH4_DL.xlsx,class_all_grooming,111.9,2.833
All_SocIso_GH,EH250416_SocIso_1_Scoring_CH4_DL.xlsx,class_all_grooming,114.767,5.16600000000001
All_SocIso_GH,EH250416_SocIso_1_Scoring_CH4_DL.xlsx,rubbing,0,0.433
All_SocIso_GH,EH250416_SocIso_1_Scoring_CH4_DL.xlsx,rubbing,4.6,1.133
All_SocIso_GH,EH250416_SocIso_1_Scoring_CH4_DL.xlsx,rubbing,7.333,1.3
All_SocIso_GH,EH250416_SocIso_1_Scoring_CH4_DL.xlsx,rubbing,10.467,0.965999999999999
All_SocIso_GH,EH250416_SocIso_1_Scoring_CH4_DL.xlsx,rubbing,13.9,2.4
All_SocIso_GH,EH250416_SocIso_1_Scoring_CH4_DL.xlsx,rubbing,18.733,2.134
All_SocIso_GH,EH250416_SocIso_1_Scoring_CH4_DL.xlsx,rubbing,25.567,2.4
All_SocIso_GH,EH250416_SocIso_1_Scoring_CH4_DL.xlsx,rubbing,90.833,1.434
All_SocIso_GH,EH250416_SocIso_1_Scoring_CH4_DL.xlsx,rubbing,92.367,1.133
All_SocIso_GH,EH250416_SocIso_1_Scoring_CH4_DL.xlsx,rubbing,93.567,1.13300000000001
All_SocIso_GH,EH250416_SocIso_1_Scoring_CH4_DL.xlsx,rubbing,97.267,2.8
All_SocIso_GH,EH250416_SocIso_1_Scoring_CH4_DL.xlsx,rubbing,100.833,1.167
All_SocIso_GH,EH250416_SocIso_1_Scoring_CH4_DL.xlsx,rubbing,103.233,0.700000000000003
All_SocIso_GH,EH250416_SocIso_1_Scoring_CH4_DL.xlsx,rubbing,105.567,2.96600000000001
All_SocIso_GH,EH250416_SocIso_1_Scoring_CH4_DL.xlsx,rubbing,108.633,2.467
All_SocIso_GH,EH250416_SocIso_1_Scoring_CH4_DL.xlsx,rubbing,111.9,2.833
All_SocIso_GH,EH250416_SocIso_1_Scoring_CH4_DL.xlsx,rubbing,114.767,5.16600000000001
All_SocIso_GH,EH250416_SocIso_1_Scoring_CH4_DL.xlsx,thorax,23.933,1.2
All_SocIso_GH,EH250416_SocIso_1_Scoring_CH4_DL.xlsx,thorax,29,2.867
All_SocIso_GH,EH250416_SocIso_1_Scoring_CH4_DL.xlsx,wing,0.8,0.4
All_SocIso_GH,EH250416_SocIso_1_Scoring_CH4_DL.xlsx,wing,1.3,3.267
All_SocIso_GH,EH250416_SocIso_1_Scoring_CH4_DL.xlsx,wing,25.133,0.334
All_SocIso_GH,EH250416_SocIso_2_2025_04_16T20_48_48_004Z_CH4_Scoring_CR.xlsx,abdominal,17.233,0.434000000000001
All_SocIso_GH,EH250416_SocIso_2_2025_04_16T20_48_48_004Z_CH4_Scoring_CR.xlsx,abdominal,31.2,0.266999999999999
All_SocIso_GH,EH250416_SocIso_2_2025_04_16T20_48_48_004Z_CH4_Scoring_CR.xlsx,abdominal,89.9,1.467
All_SocIso_GH,EH250416_SocIso_2_2025_04_16T20_48_48_004Z_CH4_Scoring_CR.xlsx,abdominal,99.933,0.599999999999994
All_SocIso_GH,EH250416_SocIso_2_2025_04_16T20_48_48_004Z_CH4_Scoring_CR.xlsx,abdominal,167,0.567000000000007
All_SocIso_GH,EH250416_SocIso_2_2025_04_16T20_48_48_004Z_CH4_Scoring_CR.xlsx,abdominal,287.133,0.334000000000003
All_SocIso_GH,EH250416_SocIso_2_2025_04_16T20_48_48_004Z_CH4_Scoring_CR.xlsx,class_all_grooming,0,0.6
All_SocIso_GH,EH250416_SocIso_2_2025_04_16T20_48_48_004Z_CH4_Scoring_CR.xlsx,class_all_grooming,3.7,1.167
All_SocIso_GH,EH250416_SocIso_2_2025_04_16T20_48_48_004Z_CH4_Scoring_CR.xlsx,class_all_grooming,4.9,1.533
All_SocIso_GH,EH250416_SocIso_2_2025_04_16T20_48_48_004Z_CH4_Scoring_CR.xlsx,class_all_grooming,6.467,0.933000000000001
All_SocIso_GH,EH250416_SocIso_2_2025_04_16T20_48_48_004Z_CH4_Scoring_CR.xlsx,class_all_grooming,7.433,0.6
All_SocIso_GH,EH250416_SocIso_2_2025_04_16T20_48_48_004Z_CH4_Scoring_CR.xlsx,class_all_grooming,8.067,0.366
All_SocIso_GH,EH250416_SocIso_2_2025_04_16T20_48_48_004Z_CH4_Scoring_CR.xlsx,class_all_grooming,8.467,0.699999999999999
All_SocIso_GH,EH250416_SocIso_2_2025_04_16T20_48_48_004Z_CH4_Scoring_CR.xlsx,class_all_grooming,9.2,0.533000000000001
All_SocIso_GH,EH250416_SocIso_2_2025_04_16T20_48_48_004Z_CH4_Scoring_CR.xlsx,class_all_grooming,9.967,0.4
All_SocIso_GH,EH250416_SocIso_2_2025_04_16T20_48_48_004Z_CH4_Scoring_CR.xlsx,class_all_grooming,10.4,1.067
All_SocIso_GH,EH250416_SocIso_2_2025_04_16T20_48_48_004Z_CH4_Scoring_CR.xlsx,class_all_grooming,11.533,0.467000000000001
All_SocIso_GH,EH250416_SocIso_2_2025_04_16T20_48_48_004Z_CH4_Scoring_CR.xlsx,class_all_grooming,12.033,1
All_SocIso_GH,EH250416_SocIso_2_2025_04_16T20_48_48_004Z_CH4_Scoring_CR.xlsx,class_all_grooming,13.067,1.133
All_SocIso_GH,EH250416_SocIso_2_2025_04_16T20_48_48_004Z_CH4_Scoring_CR.xlsx,class_all_grooming,17.233,0.434000000000001
All_SocIso_GH,EH250416_SocIso_2_2025_04_16T20_48_48_004Z_CH4_Scoring_CR.xlsx,class_all_grooming,17.7,0.766999999999999
All_SocIso_GH,EH250416_SocIso_2_2025_04_16T20_48_48_004Z_CH4_Scoring_CR.xlsx,class_all_grooming,21.5,1.733
All_SocIso_GH,EH250416_SocIso_2_2025_04_16T20_48_48_004Z_CH4_Scoring_CR.xlsx,class_all_grooming,23.267,0.5
All_SocIso_GH,EH250416_SocIso_2_2025_04_16T20_48_48_004Z_CH4_Scoring_CR.xlsx,class_all_grooming,31.2,0.266999999999999
All_SocIso_GH,EH250416_SocIso_2_2025_04_16T20_48_48_004Z_CH4_Scoring_CR.xlsx,class_all_grooming,31.5,1.7
All_SocIso_GH,EH250416_SocIso_2_2025_04_16T20_48_48_004Z_CH4_Scoring_CR.xlsx,class_all_grooming,33.9,2.233
All_SocIso_GH,EH250416_SocIso_2_2025_04_16T20_48_48_004Z_CH4_Scoring_CR.xlsx,class_all_grooming,36.167,0.699999999999996
All_SocIso_GH,EH250416_SocIso_2_2025_04_16T20_48_48_004Z_CH4_Scoring_CR.xlsx,class_all_grooming,41.7,4
All_SocIso_GH,EH250416_SocIso_2_2025_04_16T20_48_48_004Z_CH4_Scoring_CR.xlsx,class_all_grooming,60.633,2
All_SocIso_GH,EH250416_SocIso_2_2025_04_16T20_48_48_004Z_CH4_Scoring_CR.xlsx,class_all_grooming,62.667,0.933
All_SocIso_GH,EH250416_SocIso_2_2025_04_16T20_48_48_004Z_CH4_Scoring_CR.xlsx,class_all_grooming,89.9,1.467
All_SocIso_GH,EH250416_SocIso_2_2025_04_16T20_48_48_004Z_CH4_Scoring_CR.xlsx,class_all_grooming,91.4,1.89999999999999
All_SocIso_GH,EH250416_SocIso_2_2025_04_16T20_48_48_004Z_CH4_Scoring_CR.xlsx,class_all_grooming,99.933,0.599999999999994
All_SocIso_GH,EH250416_SocIso_2_2025_04_16T20_48_48_004Z_CH4_Scoring_CR.xlsx,class_all_grooming,112.667,4.733
All_SocIso_GH,EH250416_SocIso_2_2025_04_16T20_48_48_004Z_CH4_Scoring_CR.xlsx,class_all_grooming,117.867,1.5
All_SocIso_GH,EH250416_SocIso_2_2025_04_16T20_48_48_004Z_CH4_Scoring_CR.xlsx,class_all_grooming,119.733,1.59999999999999
All_SocIso_GH,EH250416_SocIso_2_2025_04_16T20_48_48_004Z_CH4_Scoring_CR.xlsx,class_all_grooming,121.367,2.69999999999999
All_SocIso_GH,EH250416_SocIso_2_2025_04_16T20_48_48_004Z_CH4_Scoring_CR.xlsx,class_all_grooming,124.133,2.26700000000001
All_SocIso_GH,EH250416_SocIso_2_2025_04_16T20_48_48_004Z_CH4_Scoring_CR.xlsx,class_all_grooming,126.5,1.267
All_SocIso_GH,EH250416_SocIso_2_2025_04_16T20_48_48_004Z_CH4_Scoring_CR.xlsx,class_all_grooming,127.967,2.96599999999999
All_SocIso_GH,EH250416_SocIso_2_2025_04_16T20_48_48_004Z_CH4_Scoring_CR.xlsx,class_all_grooming,130.967,0.632999999999981
All_SocIso_GH,EH250416_SocIso_2_2025_04_16T20_48_48_004Z_CH4_Scoring_CR.xlsx,class_all_grooming,131.633,0.266999999999996
All_SocIso_GH,EH250416_SocIso_2_2025_04_16T20_48_48_004Z_CH4_Scoring_CR.xlsx,class_all_grooming,131.933,0.433999999999997
All_SocIso_GH,EH250416_SocIso_2_2025_04_16T20_48_48_004Z_CH4_Scoring_CR.xlsx,class_all_grooming,132.4,0.5
All_SocIso_GH,EH250416_SocIso_2_2025_04_16T20_48_48_004Z_CH4_Scoring_CR.xlsx,class_all_grooming,133.033,0.634000000000015
All_SocIso_GH,EH250416_SocIso_2_2025_04_16T20_48_48_004Z_CH4_Scoring_CR.xlsx,class_all_grooming,133.7,0.933000000000021
All_SocIso_GH,EH250416_SocIso_2_2025_04_16T20_48_48_004Z_CH4_Scoring_CR.xlsx,class_all_grooming,134.667,1
All_SocIso_GH,EH250416_SocIso_2_2025_04_16T20_48_48_004Z_CH4_Scoring_CR.xlsx,class_all_grooming,135.7,1.06700000000001
All_SocIso_GH,EH250416_SocIso_2_2025_04_16T20_48_48_004Z_CH4_Scoring_CR.xlsx,class_all_grooming,136.8,1.23299999999998
All_SocIso_GH,EH250416_SocIso_2_2025_04_16T20_48_48_004Z_CH4_Scoring_CR.xlsx,class_all_grooming,138.1,0.900000000000006
All_SocIso_GH,EH250416_SocIso_2_2025_04_16T20_48_48_004Z_CH4_Scoring_CR.xlsx,class_all_grooming,139.033,0.700000000000017
All_SocIso_GH,EH250416_SocIso_2_2025_04_16T20_48_48_004Z_CH4_Scoring_CR.xlsx,class_all_grooming,140.7,1.5
All_SocIso_GH,EH250416_SocIso_2_2025_04_16T20_48_48_004Z_CH4_Scoring_CR.xlsx,class_all_grooming,142.233,0.36699999999999
All_SocIso_GH,EH250416_SocIso_2_2025_04_16T20_48_48_004Z_CH4_Scoring_CR.xlsx,class_all_grooming,143,0.599999999999994
All_SocIso_GH,EH250416_SocIso_2_2025_04_16T20_48_48_004Z_CH4_Scoring_CR.xlsx,class_all_grooming,143.633,0.466999999999985
All_SocIso_GH,EH250416_SocIso_2_2025_04_16T20_48_48_004Z_CH4_Scoring_CR.xlsx,class_all_grooming,144.467,1.666
All_SocIso_GH,EH250416_SocIso_2_2025_04_16T20_48_48_004Z_CH4_Scoring_CR.xlsx,class_all_grooming,146.167,0.566000000000003
All_SocIso_GH,EH250416_SocIso_2_2025_04_16T20_48_48_004Z_CH4_Scoring_CR.xlsx,class_all_grooming,147.133,2.934
All_SocIso_GH,EH250416_SocIso_2_2025_04_16T20_48_48_004Z_CH4_Scoring_CR.xlsx,class_all_grooming,150.1,0.766999999999996
All_SocIso_GH,EH250416_SocIso_2_2025_04_16T20_48_48_004Z_CH4_Scoring_CR.xlsx,class_all_grooming,151.333,1.63400000000001
All_SocIso_GH,EH250416_SocIso_2_2025_04_16T20_48_48_004Z_CH4_Scoring_CR.xlsx,class_all_grooming,153.967,4.333
All_SocIso_GH,EH250416_SocIso_2_2025_04_16T20_48_48_004Z_CH4_Scoring_CR.xlsx,class_all_grooming,158.767,1.566
All_SocIso_GH,EH250416_SocIso_2_2025_04_16T20_48_48_004Z_CH4_Scoring_CR.xlsx,class_all_grooming,160.367,0.566000000000003
All_SocIso_GH,EH250416_SocIso_2_2025_04_16T20_48_48_004Z_CH4_Scoring_CR.xlsx,class_all_grooming,163.433,0.53400000000002
All_SocIso_GH,EH250416_SocIso_2_2025_04_16T20_48_48_004Z_CH4_Scoring_CR.xlsx,class_all_grooming,164.8,1.23299999999998
All_SocIso_GH,EH250416_SocIso_2_2025_04_16T20_48_48_004Z_CH4_Scoring_CR.xlsx,class_all_grooming,166.067,0.5
All_SocIso_GH,EH250416_SocIso_2_2025_04_16T20_48_48_004Z_CH4_Scoring_CR.xlsx,class_all_grooming,167,0.567000000000007
All_SocIso_GH,EH250416_SocIso_2_2025_04_16T20_48_48_004Z_CH4_Scoring_CR.xlsx,class_all_grooming,167.6,0.733000000000004
All_SocIso_GH,EH250416_SocIso_2_2025_04_16T20_48_48_004Z_CH4_Scoring_CR.xlsx,class_all_grooming,168.833,2.03399999999999
All_SocIso_GH,EH250416_SocIso_2_2025_04_16T20_48_48_004Z_CH4_Scoring_CR.xlsx,class_all_grooming,170.9,0.466999999999985
All_SocIso_GH,EH250416_SocIso_2_2025_04_16T20_48_48_004Z_CH4_Scoring_CR.xlsx,class_all_grooming,201.533,3.96700000000001
All_SocIso_GH,EH250416_SocIso_2_2025_04_16T20_48_48_004Z_CH4_Scoring_CR.xlsx,class_all_grooming,207.833,1.90000000000001
All_SocIso_GH,EH250416_SocIso_2_2025_04_16T20_48_48_004Z_CH4_Scoring_CR.xlsx,class_all_grooming,211.7,2.13300000000001
All_SocIso_GH,EH250416_SocIso_2_2025_04_16T20_48_48_004Z_CH4_Scoring_CR.xlsx,class_all_grooming,214.333,2.86699999999999
All_SocIso_GH,EH250416_SocIso_2_2025_04_16T20_48_48_004Z_CH4_Scoring_CR.xlsx,class_all_grooming,217.467,2.19999999999999
All_SocIso_GH,EH250416_SocIso_2_2025_04_16T20_48_48_004Z_CH4_Scoring_CR.xlsx,class_all_grooming,220.033,0.5
All_SocIso_GH,EH250416_SocIso_2_2025_04_16T20_48_48_004Z_CH4_Scoring_CR.xlsx,class_all_grooming,220.667,1.066
All_SocIso_GH,EH250416_SocIso_2_2025_04_16T20_48_48_004Z_CH4_Scoring_CR.xlsx,class_all_grooming,221.767,0.366000000000014
All_SocIso_GH,EH250416_SocIso_2_2025_04_16T20_48_48_004Z_CH4_Scoring_CR.xlsx,class_all_grooming,222.433,0.667000000000002
All_SocIso_GH,EH250416_SocIso_2_2025_04_16T20_48_48_004Z_CH4_Scoring_CR.xlsx,class_all_grooming,223.133,1.39999999999998
All_SocIso_GH,EH250416_SocIso_2_2025_04_16T20_48_48_004Z_CH4_Scoring_CR.xlsx,class_all_grooming,224.567,0.566000000000003
All_SocIso_GH,EH250416_SocIso_2_2025_04_16T20_48_48_004Z_CH4_Scoring_CR.xlsx,class_all_grooming,225.167,0.765999999999991
All_SocIso_GH,EH250416_SocIso_2_2025_04_16T20_48_48_004Z_CH4_Scoring_CR.xlsx,class_all_grooming,226.2,0.467000000000013
All_SocIso_GH,EH250416_SocIso_2_2025_04_16T20_48_48_004Z_CH4_Scoring_CR.xlsx,class_all_grooming,226.8,1.36699999999999
All_SocIso_GH,EH250416_SocIso_2_2025_04_16T20_48_48_004Z_CH4_Scoring_CR.xlsx,class_all_grooming,228.2,0.5
All_SocIso_GH,EH250416_SocIso_2_2025_04_16T20_48_48_004Z_CH4_Scoring_CR.xlsx,class_all_grooming,229.1,0.567000000000007
All_SocIso_GH,EH250416_SocIso_2_2025_04_16T20_48_48_004Z_CH4_Scoring_CR.xlsx,class_all_grooming,229.833,1.267
All_SocIso_GH,EH250416_SocIso_2_2025_04_16T20_48_48_004Z_CH4_Scoring_CR.xlsx,class_all_grooming,231.133,1.267
All_SocIso_GH,EH250416_SocIso_2_2025_04_16T20_48_48_004Z_CH4_Scoring_CR.xlsx,class_all_grooming,233.233,1.09999999999999
All_SocIso_GH,EH250416_SocIso_2_2025_04_16T20_48_48_004Z_CH4_Scoring_CR.xlsx,class_all_grooming,234.367,1.13300000000001
All_SocIso_GH,EH250416_SocIso_2_2025_04_16T20_48_48_004Z_CH4_Scoring_CR.xlsx,class_all_grooming,235.533,0.434000000000026
All_SocIso_GH,EH250416_SocIso_2_2025_04_16T20_48_48_004Z_CH4_Scoring_CR.xlsx,class_all_grooming,236.233,0.466999999999985
All_SocIso_GH,EH250416_SocIso_2_2025_04_16T20_48_48_004Z_CH4_Scoring_CR.xlsx,class_all_grooming,236.733,1.934
All_SocIso_GH,EH250416_SocIso_2_2025_04_16T20_48_48_004Z_CH4_Scoring_CR.xlsx,class_all_grooming,238.7,1
All_SocIso_GH,EH250416_SocIso_2_2025_04_16T20_48_48_004Z_CH4_Scoring_CR.xlsx,class_all_grooming,240.533,0.434000000000026
All_SocIso_GH,EH250416_SocIso_2_2025_04_16T20_48_48_004Z_CH4_Scoring_CR.xlsx,class_all_grooming,241.133,0.533999999999992
All_SocIso_GH,EH250416_SocIso_2_2025_04_16T20_48_48_004Z_CH4_Scoring_CR.xlsx,class_all_grooming,241.7,1.167
All_SocIso_GH,EH250416_SocIso_2_2025_04_16T20_48_48_004Z_CH4_Scoring_CR.xlsx,class_all_grooming,242.9,0.599999999999994
All_SocIso_GH,EH250416_SocIso_2_2025_04_16T20_48_48_004Z_CH4_Scoring_CR.xlsx,class_all_grooming,243.867,1
All_SocIso_GH,EH250416_SocIso_2_2025_04_16T20_48_48_004Z_CH4_Scoring_CR.xlsx,class_all_grooming,245.2,0.800000000000011
All_SocIso_GH,EH250416_SocIso_2_2025_04_16T20_48_48_004Z_CH4_Scoring_CR.xlsx,class_all_grooming,246.033,1.334
All_SocIso_GH,EH250416_SocIso_2_2025_04_16T20_48_48_004Z_CH4_Scoring_CR.xlsx,class_all_grooming,247.4,0.400000000000006
All_SocIso_GH,EH250416_SocIso_2_2025_04_16T20_48_48_004Z_CH4_Scoring_CR.xlsx,class_all_grooming,248.3,0.632999999999981
All_SocIso_GH,EH250416_SocIso_2_2025_04_16T20_48_48_004Z_CH4_Scoring_CR.xlsx,class_all_grooming,249.3,1.09999999999999
All_SocIso_GH,EH250416_SocIso_2_2025_04_16T20_48_48_004Z_CH4_Scoring_CR.xlsx,class_all_grooming,250.767,1.09999999999999
All_SocIso_GH,EH250416_SocIso_2_2025_04_16T20_48_48_004Z_CH4_Scoring_CR.xlsx,class_all_grooming,251.9,0.567000000000007
All_SocIso_GH,EH250416_SocIso_2_2025_04_16T20_48_48_004Z_CH4_Scoring_CR.xlsx,class_all_grooming,252.767,0.566000000000003
All_SocIso_GH,EH250416_SocIso_2_2025_04_16T20_48_48_004Z_CH4_Scoring_CR.xlsx,class_all_grooming,254.467,1.43299999999999
All_SocIso_GH,EH250416_SocIso_2_2025_04_16T20_48_48_004Z_CH4_Scoring_CR.xlsx,class_all_grooming,256.433,0.834000000000003
All_SocIso_GH,EH250416_SocIso_2_2025_04_16T20_48_48_004Z_CH4_Scoring_CR.xlsx,class_all_grooming,257.867,0.733000000000004
All_SocIso_GH,EH250416_SocIso_2_2025_04_16T20_48_48_004Z_CH4_Scoring_CR.xlsx,class_all_grooming,259.233,1.73399999999998
All_SocIso_GH,EH250416_SocIso_2_2025_04_16T20_48_48_004Z_CH4_Scoring_CR.xlsx,class_all_grooming,261.367,1.166
All_SocIso_GH,EH250416_SocIso_2_2025_04_16T20_48_48_004Z_CH4_Scoring_CR.xlsx,class_all_grooming,262.667,0.900000000000034
All_SocIso_GH,EH250416_SocIso_2_2025_04_16T20_48_48_004Z_CH4_Scoring_CR.xlsx,class_all_grooming,263.6,1.233
All_SocIso_GH,EH250416_SocIso_2_2025_04_16T20_48_48_004Z_CH4_Scoring_CR.xlsx,class_all_grooming,265.167,0.733000000000004
All_SocIso_GH,EH250416_SocIso_2_2025_04_16T20_48_48_004Z_CH4_Scoring_CR.xlsx,class_all_grooming,266.367,1.59999999999997
All_SocIso_GH,EH250416_SocIso_2_2025_04_16T20_48_48_004Z_CH4_Scoring_CR.xlsx,class_all_grooming,268.333,1.19999999999999
All_SocIso_GH,EH250416_SocIso_2_2025_04_16T20_48_48_004Z_CH4_Scoring_CR.xlsx,class_all_grooming,269.567,0.665999999999997
All_SocIso_GH,EH250416_SocIso_2_2025_04_16T20_48_48_004Z_CH4_Scoring_CR.xlsx,class_all_grooming,270.667,0.700000000000045
All_SocIso_GH,EH250416_SocIso_2_2025_04_16T20_48_48_004Z_CH4_Scoring_CR.xlsx,class_all_grooming,271.733,1.53399999999999
All_SocIso_GH,EH250416_SocIso_2_2025_04_16T20_48_48_004Z_CH4_Scoring_CR.xlsx,class_all_grooming,273.3,0.733000000000004
All_SocIso_GH,EH250416_SocIso_2_2025_04_16T20_48_48_004Z_CH4_Scoring_CR.xlsx,class_all_grooming,274.067,1
All_SocIso_GH,EH250416_SocIso_2_2025_04_16T20_48_48_004Z_CH4_Scoring_CR.xlsx,class_all_grooming,275.433,0.66700000000003
All_SocIso_GH,EH250416_SocIso_2_2025_04_16T20_48_48_004Z_CH4_Scoring_CR.xlsx,class_all_grooming,276.533,0.533999999999992
All_SocIso_GH,EH250416_SocIso_2_2025_04_16T20_48_48_004Z_CH4_Scoring_CR.xlsx,class_all_grooming,277.233,1.30000000000001
All_SocIso_GH,EH250416_SocIso_2_2025_04_16T20_48_48_004Z_CH4_Scoring_CR.xlsx,class_all_grooming,278.8,0.666999999999973
All_SocIso_GH,EH250416_SocIso_2_2025_04_16T20_48_48_004Z_CH4_Scoring_CR.xlsx,class_all_grooming,281.667,1.233
All_SocIso_GH,EH250416_SocIso_2_2025_04_16T20_48_48_004Z_CH4_Scoring_CR.xlsx,class_all_grooming,282.933,0.567000000000007
All_SocIso_GH,EH250416_SocIso_2_2025_04_16T20_48_48_004Z_CH4_Scoring_CR.xlsx,class_all_grooming,284.133,1.70000000000005
All_SocIso_GH,EH250416_SocIso_2_2025_04_16T20_48_48_004Z_CH4_Scoring_CR.xlsx,class_all_grooming,285.967,0.699999999999989
All_SocIso_GH,EH250416_SocIso_2_2025_04_16T20_48_48_004Z_CH4_Scoring_CR.xlsx,class_all_grooming,287.133,0.334000000000003
All_SocIso_GH,EH250416_SocIso_2_2025_04_16T20_48_48_004Z_CH4_Scoring_CR.xlsx,class_all_grooming,287.533,3.39999999999998
All_SocIso_GH,EH250416_SocIso_2_2025_04_16T20_48_48_004Z_CH4_Scoring_CR.xlsx,class_all_grooming,290.967,0.800000000000011
All_SocIso_GH,EH250416_SocIso_2_2025_04_16T20_48_48_004Z_CH4_Scoring_CR.xlsx,class_all_grooming,292.167,1.76600000000002
All_SocIso_GH,EH250416_SocIso_2_2025_04_16T20_48_48_004Z_CH4_Scoring_CR.xlsx,class_all_grooming,293.967,0.800000000000011
All_SocIso_GH,EH250416_SocIso_2_2025_04_16T20_48_48_004Z_CH4_Scoring_CR.xlsx,class_all_grooming,294.8,1.96699999999998
All_SocIso_GH,EH250416_SocIso_2_2025_04_16T20_48_48_004Z_CH4_Scoring_CR.xlsx,class_all_grooming,297.133,0.600000000000023
All_SocIso_GH,EH250416_SocIso_2_2025_04_16T20_48_48_004Z_CH4_Scoring_CR.xlsx,class_all_grooming,298.533,1.46699999999998
All_SocIso_GH,EH250416_SocIso_2_2025_04_16T20_48_48_004Z_CH4_Scoring_CR.xlsx,head,6.467,0.933000000000001
All_SocIso_GH,EH250416_SocIso_2_2025_04_16T20_48_48_004Z_CH4_Scoring_CR.xlsx,head,8.067,0.366
All_SocIso_GH,EH250416_SocIso_2_2025_04_16T20_48_48_004Z_CH4_Scoring_CR.xlsx,head,9.2,0.533000000000001
All_SocIso_GH,EH250416_SocIso_2_2025_04_16T20_48_48_004Z_CH4_Scoring_CR.xlsx,head,9.967,0.4
All_SocIso_GH,EH250416_SocIso_2_2025_04_16T20_48_48_004Z_CH4_Scoring_CR.xlsx,head,11.533,0.467000000000001
All_SocIso_GH,EH250416_SocIso_2_2025_04_16T20_48_48_004Z_CH4_Scoring_CR.xlsx,head,13.067,1.133
All_SocIso_GH,EH250416_SocIso_2_2025_04_16T20_48_48_004Z_CH4_Scoring_CR.xlsx,head,131.633,0.266999999999996
All_SocIso_GH,EH250416_SocIso_2_2025_04_16T20_48_48_004Z_CH4_Scoring_CR.xlsx,head,132.4,0.5
All_SocIso_GH,EH250416_SocIso_2_2025_04_16T20_48_48_004Z_CH4_Scoring_CR.xlsx,head,133.033,0.634000000000015
All_SocIso_GH,EH250416_SocIso_2_2025_04_16T20_48_48_004Z_CH4_Scoring_CR.xlsx,head,134.667,1
All_SocIso_GH,EH250416_SocIso_2_2025_04_16T20_48_48_004Z_CH4_Scoring_CR.xlsx,head,136.8,1.23299999999998
All_SocIso_GH,EH250416_SocIso_2_2025_04_16T20_48_48_004Z_CH4_Scoring_CR.xlsx,head,139.033,0.700000000000017
All_SocIso_GH,EH250416_SocIso_2_2025_04_16T20_48_48_004Z_CH4_Scoring_CR.xlsx,head,220.033,0.5
All_SocIso_GH,EH250416_SocIso_2_2025_04_16T20_48_48_004Z_CH4_Scoring_CR.xlsx,head,221.767,0.366000000000014
All_SocIso_GH,EH250416_SocIso_2_2025_04_16T20_48_48_004Z_CH4_Scoring_CR.xlsx,head,222.433,0.667000000000002
All_SocIso_GH,EH250416_SocIso_2_2025_04_16T20_48_48_004Z_CH4_Scoring_CR.xlsx,head,224.567,0.566000000000003
All_SocIso_GH,EH250416_SocIso_2_2025_04_16T20_48_48_004Z_CH4_Scoring_CR.xlsx,head,226.2,0.467000000000013
All_SocIso_GH,EH250416_SocIso_2_2025_04_16T20_48_48_004Z_CH4_Scoring_CR.xlsx,head,228.2,0.5
All_SocIso_GH,EH250416_SocIso_2_2025_04_16T20_48_48_004Z_CH4_Scoring_CR.xlsx,head,229.1,0.567000000000007
All_SocIso_GH,EH250416_SocIso_2_2025_04_16T20_48_48_004Z_CH4_Scoring_CR.xlsx,head,229.833,1.267
All_SocIso_GH,EH250416_SocIso_2_2025_04_16T20_48_48_004Z_CH4_Scoring_CR.xlsx,head,233.233,1.09999999999999
All_SocIso_GH,EH250416_SocIso_2_2025_04_16T20_48_48_004Z_CH4_Scoring_CR.xlsx,head,235.533,0.434000000000026
All_SocIso_GH,EH250416_SocIso_2_2025_04_16T20_48_48_004Z_CH4_Scoring_CR.xlsx,head,236.233,0.466999999999985
All_SocIso_GH,EH250416_SocIso_2_2025_04_16T20_48_48_004Z_CH4_Scoring_CR.xlsx,head,238.7,1
All_SocIso_GH,EH250416_SocIso_2_2025_04_16T20_48_48_004Z_CH4_Scoring_CR.xlsx,head,240.533,0.434000000000026
All_SocIso_GH,EH250416_SocIso_2_2025_04_16T20_48_48_004Z_CH4_Scoring_CR.xlsx,head,241.133,0.533999999999992
All_SocIso_GH,EH250416_SocIso_2_2025_04_16T20_48_48_004Z_CH4_Scoring_CR.xlsx,head,242.9,0.599999999999994
All_SocIso_GH,EH250416_SocIso_2_2025_04_16T20_48_48_004Z_CH4_Scoring_CR.xlsx,head,243.867,1
All_SocIso_GH,EH250416_SocIso_2_2025_04_16T20_48_48_004Z_CH4_Scoring_CR.xlsx,head,245.2,0.800000000000011
All_SocIso_GH,EH250416_SocIso_2_2025_04_16T20_48_48_004Z_CH4_Scoring_CR.xlsx,head,247.4,0.400000000000006
All_SocIso_GH,EH250416_SocIso_2_2025_04_16T20_48_48_004Z_CH4_Scoring_CR.xlsx,head,248.3,0.632999999999981
All_SocIso_GH,EH250416_SocIso_2_2025_04_16T20_48_48_004Z_CH4_Scoring_CR.xlsx,head,249.3,1.09999999999999
All_SocIso_GH,EH250416_SocIso_2_2025_04_16T20_48_48_004Z_CH4_Scoring_CR.xlsx,head,251.9,0.567000000000007
All_SocIso_GH,EH250416_SocIso_2_2025_04_16T20_48_48_004Z_CH4_Scoring_CR.xlsx,head,252.767,0.566000000000003
All_SocIso_GH,EH250416_SocIso_2_2025_04_16T20_48_48_004Z_CH4_Scoring_CR.xlsx,head,254.467,1.43299999999999
All_SocIso_GH,EH250416_SocIso_2_2025_04_16T20_48_48_004Z_CH4_Scoring_CR.xlsx,head,256.433,0.834000000000003
All_SocIso_GH,EH250416_SocIso_2_2025_04_16T20_48_48_004Z_CH4_Scoring_CR.xlsx,head,257.867,0.733000000000004
All_SocIso_GH,EH250416_SocIso_2_2025_04_16T20_48_48_004Z_CH4_Scoring_CR.xlsx,head,259.233,1.73399999999998
All_SocIso_GH,EH250416_SocIso_2_2025_04_16T20_48_48_004Z_CH4_Scoring_CR.xlsx,head,261.367,1.166
All_SocIso_GH,EH250416_SocIso_2_2025_04_16T20_48_48_004Z_CH4_Scoring_CR.xlsx,head,263.6,1.233
All_SocIso_GH,EH250416_SocIso_2_2025_04_16T20_48_48_004Z_CH4_Scoring_CR.xlsx,head,265.167,0.733000000000004
All_SocIso_GH,EH250416_SocIso_2_2025_04_16T20_48_48_004Z_CH4_Scoring_CR.xlsx,head,266.367,1.59999999999997
All_SocIso_GH,EH250416_SocIso_2_2025_04_16T20_48_48_004Z_CH4_Scoring_CR.xlsx,head,269.567,0.665999999999997
All_SocIso_GH,EH250416_SocIso_2_2025_04_16T20_48_48_004Z_CH4_Scoring_CR.xlsx,head,270.667,0.700000000000045
All_SocIso_GH,EH250416_SocIso_2_2025_04_16T20_48_48_004Z_CH4_Scoring_CR.xlsx,head,273.3,0.733000000000004
All_SocIso_GH,EH250416_SocIso_2_2025_04_16T20_48_48_004Z_CH4_Scoring_CR.xlsx,head,275.433,0.66700000000003
All_SocIso_GH,EH250416_SocIso_2_2025_04_16T20_48_48_004Z_CH4_Scoring_CR.xlsx,head,276.533,0.533999999999992
All_SocIso_GH,EH250416_SocIso_2_2025_04_16T20_48_48_004Z_CH4_Scoring_CR.xlsx,head,278.8,0.666999999999973
All_SocIso_GH,EH250416_SocIso_2_2025_04_16T20_48_48_004Z_CH4_Scoring_CR.xlsx,rubbing,0,0.6
All_SocIso_GH,EH250416_SocIso_2_2025_04_16T20_48_48_004Z_CH4_Scoring_CR.xlsx,rubbing,3.7,1.167
All_SocIso_GH,EH250416_SocIso_2_2025_04_16T20_48_48_004Z_CH4_Scoring_CR.xlsx,rubbing,4.9,1.533
All_SocIso_GH,EH250416_SocIso_2_2025_04_16T20_48_48_004Z_CH4_Scoring_CR.xlsx,rubbing,7.433,0.6
All_SocIso_GH,EH250416_SocIso_2_2025_04_16T20_48_48_004Z_CH4_Scoring_CR.xlsx,rubbing,8.467,0.699999999999999
All_SocIso_GH,EH250416_SocIso_2_2025_04_16T20_48_48_004Z_CH4_Scoring_CR.xlsx,rubbing,10.4,1.067
All_SocIso_GH,EH250416_SocIso_2_2025_04_16T20_48_48_004Z_CH4_Scoring_CR.xlsx,rubbing,12.033,1
All_SocIso_GH,EH250416_SocIso_2_2025_04_16T20_48_48_004Z_CH4_Scoring_CR.xlsx,rubbing,17.7,0.766999999999999
All_SocIso_GH,EH250416_SocIso_2_2025_04_16T20_48_48_004Z_CH4_Scoring_CR.xlsx,rubbing,23.267,0.5
All_SocIso_GH,EH250416_SocIso_2_2025_04_16T20_48_48_004Z_CH4_Scoring_CR.xlsx,rubbing,36.167,0.699999999999996
All_SocIso_GH,EH250416_SocIso_2_2025_04_16T20_48_48_004Z_CH4_Scoring_CR.xlsx,rubbing,41.7,4
All_SocIso_GH,EH250416_SocIso_2_2025_04_16T20_48_48_004Z_CH4_Scoring_CR.xlsx,rubbing,60.633,2
All_SocIso_GH,EH250416_SocIso_2_2025_04_16T20_48_48_004Z_CH4_Scoring_CR.xlsx,rubbing,62.667,0.933
All_SocIso_GH,EH250416_SocIso_2_2025_04_16T20_48_48_004Z_CH4_Scoring_CR.xlsx,rubbing,91.4,1.89999999999999
All_SocIso_GH,EH250416_SocIso_2_2025_04_16T20_48_48_004Z_CH4_Scoring_CR.xlsx,rubbing,112.667,4.733
All_SocIso_GH,EH250416_SocIso_2_2025_04_16T20_48_48_004Z_CH4_Scoring_CR.xlsx,rubbing,117.867,1.5
All_SocIso_GH,EH250416_SocIso_2_2025_04_16T20_48_48_004Z_CH4_Scoring_CR.xlsx,rubbing,119.733,1.59999999999999
All_SocIso_GH,EH250416_SocIso_2_2025_04_16T20_48_48_004Z_CH4_Scoring_CR.xlsx,rubbing,121.367,2.69999999999999
All_SocIso_GH,EH250416_SocIso_2_2025_04_16T20_48_48_004Z_CH4_Scoring_CR.xlsx,rubbing,124.133,2.26700000000001
All_SocIso_GH,EH250416_SocIso_2_2025_04_16T20_48_48_004Z_CH4_Scoring_CR.xlsx,rubbing,126.5,1.267
All_SocIso_GH,EH250416_SocIso_2_2025_04_16T20_48_48_004Z_CH4_Scoring_CR.xlsx,rubbing,127.967,2.96599999999999
All_SocIso_GH,EH250416_SocIso_2_2025_04_16T20_48_48_004Z_CH4_Scoring_CR.xlsx,rubbing,130.967,0.632999999999981
All_SocIso_GH,EH250416_SocIso_2_2025_04_16T20_48_48_004Z_CH4_Scoring_CR.xlsx,rubbing,131.933,0.433999999999997
All_SocIso_GH,EH250416_SocIso_2_2025_04_16T20_48_48_004Z_CH4_Scoring_CR.xlsx,rubbing,133.7,0.933000000000021
All_SocIso_GH,EH250416_SocIso_2_2025_04_16T20_48_48_004Z_CH4_Scoring_CR.xlsx,rubbing,135.7,1.06700000000001
All_SocIso_GH,EH250416_SocIso_2_2025_04_16T20_48_48_004Z_CH4_Scoring_CR.xlsx,rubbing,138.1,0.900000000000006
All_SocIso_GH,EH250416_SocIso_2_2025_04_16T20_48_48_004Z_CH4_Scoring_CR.xlsx,rubbing,142.233,0.36699999999999
All_SocIso_GH,EH250416_SocIso_2_2025_04_16T20_48_48_004Z_CH4_Scoring_CR.xlsx,rubbing,143.633,0.466999999999985
All_SocIso_GH,EH250416_SocIso_2_2025_04_16T20_48_48_004Z_CH4_Scoring_CR.xlsx,rubbing,146.167,0.566000000000003
All_SocIso_GH,EH250416_SocIso_2_2025_04_16T20_48_48_004Z_CH4_Scoring_CR.xlsx,rubbing,150.1,0.766999999999996
All_SocIso_GH,EH250416_SocIso_2_2025_04_16T20_48_48_004Z_CH4_Scoring_CR.xlsx,rubbing,160.367,0.566000000000003
All_SocIso_GH,EH250416_SocIso_2_2025_04_16T20_48_48_004Z_CH4_Scoring_CR.xlsx,rubbing,163.433,0.53400000000002
All_SocIso_GH,EH250416_SocIso_2_2025_04_16T20_48_48_004Z_CH4_Scoring_CR.xlsx,rubbing,166.067,0.5
All_SocIso_GH,EH250416_SocIso_2_2025_04_16T20_48_48_004Z_CH4_Scoring_CR.xlsx,rubbing,167.6,0.733000000000004
All_SocIso_GH,EH250416_SocIso_2_2025_04_16T20_48_48_004Z_CH4_Scoring_CR.xlsx,rubbing,201.533,3.96700000000001
All_SocIso_GH,EH250416_SocIso_2_2025_04_16T20_48_48_004Z_CH4_Scoring_CR.xlsx,rubbing,207.833,1.90000000000001
All_SocIso_GH,EH250416_SocIso_2_2025_04_16T20_48_48_004Z_CH4_Scoring_CR.xlsx,rubbing,211.7,2.13300000000001
All_SocIso_GH,EH250416_SocIso_2_2025_04_16T20_48_48_004Z_CH4_Scoring_CR.xlsx,rubbing,214.333,2.86699999999999
All_SocIso_GH,EH250416_SocIso_2_2025_04_16T20_48_48_004Z_CH4_Scoring_CR.xlsx,rubbing,217.467,2.19999999999999
All_SocIso_GH,EH250416_SocIso_2_2025_04_16T20_48_48_004Z_CH4_Scoring_CR.xlsx,rubbing,220.667,1.066
All_SocIso_GH,EH250416_SocIso_2_2025_04_16T20_48_48_004Z_CH4_Scoring_CR.xlsx,rubbing,223.133,1.39999999999998
All_SocIso_GH,EH250416_SocIso_2_2025_04_16T20_48_48_004Z_CH4_Scoring_CR.xlsx,rubbing,225.167,0.765999999999991
All_SocIso_GH,EH250416_SocIso_2_2025_04_16T20_48_48_004Z_CH4_Scoring_CR.xlsx,rubbing,226.8,1.36699999999999
All_SocIso_GH,EH250416_SocIso_2_2025_04_16T20_48_48_004Z_CH4_Scoring_CR.xlsx,rubbing,231.133,1.267
All_SocIso_GH,EH250416_SocIso_2_2025_04_16T20_48_48_004Z_CH4_Scoring_CR.xlsx,rubbing,234.367,1.13300000000001
All_SocIso_GH,EH250416_SocIso_2_2025_04_16T20_48_48_004Z_CH4_Scoring_CR.xlsx,rubbing,236.733,1.934
All_SocIso_GH,EH250416_SocIso_2_2025_04_16T20_48_48_004Z_CH4_Scoring_CR.xlsx,rubbing,241.7,1.167
All_SocIso_GH,EH250416_SocIso_2_2025_04_16T20_48_48_004Z_CH4_Scoring_CR.xlsx,rubbing,246.033,1.334
All_SocIso_GH,EH250416_SocIso_2_2025_04_16T20_48_48_004Z_CH4_Scoring_CR.xlsx,rubbing,250.767,1.09999999999999
All_SocIso_GH,EH250416_SocIso_2_2025_04_16T20_48_48_004Z_CH4_Scoring_CR.xlsx,rubbing,262.667,0.900000000000034
All_SocIso_GH,EH250416_SocIso_2_2025_04_16T20_48_48_004Z_CH4_Scoring_CR.xlsx,rubbing,268.333,1.19999999999999
All_SocIso_GH,EH250416_SocIso_2_2025_04_16T20_48_48_004Z_CH4_Scoring_CR.xlsx,rubbing,271.733,1.53399999999999
All_SocIso_GH,EH250416_SocIso_2_2025_04_16T20_48_48_004Z_CH4_Scoring_CR.xlsx,rubbing,274.067,1
All_SocIso_GH,EH250416_SocIso_2_2025_04_16T20_48_48_004Z_CH4_Scoring_CR.xlsx,rubbing,277.233,1.30000000000001
All_SocIso_GH,EH250416_SocIso_2_2025_04_16T20_48_48_004Z_CH4_Scoring_CR.xlsx,rubbing,282.933,0.567000000000007
All_SocIso_GH,EH250416_SocIso_2_2025_04_16T20_48_48_004Z_CH4_Scoring_CR.xlsx,rubbing,285.967,0.699999999999989
All_SocIso_GH,EH250416_SocIso_2_2025_04_16T20_48_48_004Z_CH4_Scoring_CR.xlsx,rubbing,290.967,0.800000000000011
All_SocIso_GH,EH250416_SocIso_2_2025_04_16T20_48_48_004Z_CH4_Scoring_CR.xlsx,rubbing,297.133,0.600000000000023
All_SocIso_GH,EH250416_SocIso_2_2025_04_16T20_48_48_004Z_CH4_Scoring_CR.xlsx,thorax,170.9,0.466999999999985
All_SocIso_GH,EH250416_SocIso_2_2025_04_16T20_48_48_004Z_CH4_Scoring_CR.xlsx,thorax,293.967,0.800000000000011
All_SocIso_GH,EH250416_SocIso_2_2025_04_16T20_48_48_004Z_CH4_Scoring_CR.xlsx,wing,21.5,1.733
All_SocIso_GH,EH250416_SocIso_2_2025_04_16T20_48_48_004Z_CH4_Scoring_CR.xlsx,wing,31.5,1.7
All_SocIso_GH,EH250416_SocIso_2_2025_04_16T20_48_48_004Z_CH4_Scoring_CR.xlsx,wing,33.9,2.233
All_SocIso_GH,EH250416_SocIso_2_2025_04_16T20_48_48_004Z_CH4_Scoring_CR.xlsx,wing,140.7,1.5
All_SocIso_GH,EH250416_SocIso_2_2025_04_16T20_48_48_004Z_CH4_Scoring_CR.xlsx,wing,143,0.599999999999994
All_SocIso_GH,EH250416_SocIso_2_2025_04_16T20_48_48_004Z_CH4_Scoring_CR.xlsx,wing,144.467,1.666
All_SocIso_GH,EH250416_SocIso_2_2025_04_16T20_48_48_004Z_CH4_Scoring_CR.xlsx,wing,147.133,2.934
All_SocIso_GH,EH250416_SocIso_2_2025_04_16T20_48_48_004Z_CH4_Scoring_CR.xlsx,wing,151.333,1.63400000000001
All_SocIso_GH,EH250416_SocIso_2_2025_04_16T20_48_48_004Z_CH4_Scoring_CR.xlsx,wing,153.967,4.333
All_SocIso_GH,EH250416_SocIso_2_2025_04_16T20_48_48_004Z_CH4_Scoring_CR.xlsx,wing,158.767,1.566
All_SocIso_GH,EH250416_SocIso_2_2025_04_16T20_48_48_004Z_CH4_Scoring_CR.xlsx,wing,164.8,1.23299999999998
All_SocIso_GH,EH250416_SocIso_2_2025_04_16T20_48_48_004Z_CH4_Scoring_CR.xlsx,wing,168.833,2.03399999999999
All_SocIso_GH,EH250416_SocIso_2_2025_04_16T20_48_48_004Z_CH4_Scoring_CR.xlsx,wing,281.667,1.233
All_SocIso_GH,EH250416_SocIso_2_2025_04_16T20_48_48_004Z_CH4_Scoring_CR.xlsx,wing,284.133,1.70000000000005
All_SocIso_GH,EH250416_SocIso_2_2025_04_16T20_48_48_004Z_CH4_Scoring_CR.xlsx,wing,287.533,3.39999999999998
All_SocIso_GH,EH250416_SocIso_2_2025_04_16T20_48_48_004Z_CH4_Scoring_CR.xlsx,wing,292.167,1.76600000000002
All_SocIso_GH,EH250416_SocIso_2_2025_04_16T20_48_48_004Z_CH4_Scoring_CR.xlsx,wing,294.8,1.96699999999998
All_SocIso_GH,EH250416_SocIso_2_2025_04_16T20_48_48_004Z_CH4_Scoring_CR.xlsx,wing,298.533,1.46699999999998
All_SocIso_GH,EH250416_SocIso_3_Ch4_MRC.xlsx,abdominal,134.1,0.599999999999994
All_SocIso_GH,EH250416_SocIso_3_Ch4_MRC.xlsx,abdominal,135.6,2.80000000000001
All_SocIso_GH,EH250416_SocIso_3_Ch4_MRC.xlsx,abdominal,161,0.36699999999999
All_SocIso_GH,EH250416_SocIso_3_Ch4_MRC.xlsx,abdominal,233.567,0.632999999999981
All_SocIso_GH,EH250416_SocIso_3_Ch4_MRC.xlsx,class_all_grooming,28.567,2.166
All_SocIso_GH,EH250416_SocIso_3_Ch4_MRC.xlsx,class_all_grooming,43.333,1.7
All_SocIso_GH,EH250416_SocIso_3_Ch4_MRC.xlsx,class_all_grooming,70,1.267
All_SocIso_GH,EH250416_SocIso_3_Ch4_MRC.xlsx,class_all_grooming,75,3.033
All_SocIso_GH,EH250416_SocIso_3_Ch4_MRC.xlsx,class_all_grooming,105.1,3.167
All_SocIso_GH,EH250416_SocIso_3_Ch4_MRC.xlsx,class_all_grooming,114.467,1.666
All_SocIso_GH,EH250416_SocIso_3_Ch4_MRC.xlsx,class_all_grooming,118.1,1.43300000000001
All_SocIso_GH,EH250416_SocIso_3_Ch4_MRC.xlsx,class_all_grooming,120.1,1.7
All_SocIso_GH,EH250416_SocIso_3_Ch4_MRC.xlsx,class_all_grooming,125.967,0.966000000000008
All_SocIso_GH,EH250416_SocIso_3_Ch4_MRC.xlsx,class_all_grooming,129.3,3.53299999999999
All_SocIso_GH,EH250416_SocIso_3_Ch4_MRC.xlsx,class_all_grooming,133.267,0.566000000000003
All_SocIso_GH,EH250416_SocIso_3_Ch4_MRC.xlsx,class_all_grooming,134.1,0.599999999999994
All_SocIso_GH,EH250416_SocIso_3_Ch4_MRC.xlsx,class_all_grooming,134.733,0.667000000000002
All_SocIso_GH,EH250416_SocIso_3_Ch4_MRC.xlsx,class_all_grooming,135.6,2.80000000000001
All_SocIso_GH,EH250416_SocIso_3_Ch4_MRC.xlsx,class_all_grooming,138.433,2
All_SocIso_GH,EH250416_SocIso_3_Ch4_MRC.xlsx,class_all_grooming,140.967,6.166
All_SocIso_GH,EH250416_SocIso_3_Ch4_MRC.xlsx,class_all_grooming,147.467,5.833
All_SocIso_GH,EH250416_SocIso_3_Ch4_MRC.xlsx,class_all_grooming,153.6,3.86700000000002
All_SocIso_GH,EH250416_SocIso_3_Ch4_MRC.xlsx,class_all_grooming,159.6,1.233
All_SocIso_GH,EH250416_SocIso_3_Ch4_MRC.xlsx,class_all_grooming,161,0.36699999999999
All_SocIso_GH,EH250416_SocIso_3_Ch4_MRC.xlsx,class_all_grooming,161.4,2.36699999999999
All_SocIso_GH,EH250416_SocIso_3_Ch4_MRC.xlsx,class_all_grooming,163.8,0.732999999999976
All_SocIso_GH,EH250416_SocIso_3_Ch4_MRC.xlsx,class_all_grooming,164.767,14.5
All_SocIso_GH,EH250416_SocIso_3_Ch4_MRC.xlsx,class_all_grooming,180.4,3.53299999999999
All_SocIso_GH,EH250416_SocIso_3_Ch4_MRC.xlsx,class_all_grooming,184.633,6.79999999999998
All_SocIso_GH,EH250416_SocIso_3_Ch4_MRC.xlsx,class_all_grooming,191.467,4.86599999999999
All_SocIso_GH,EH250416_SocIso_3_Ch4_MRC.xlsx,class_all_grooming,196.367,0.733000000000004
All_SocIso_GH,EH250416_SocIso_3_Ch4_MRC.xlsx,class_all_grooming,197.333,8.23400000000001
All_SocIso_GH,EH250416_SocIso_3_Ch4_MRC.xlsx,class_all_grooming,205.6,2.06700000000001
All_SocIso_GH,EH250416_SocIso_3_Ch4_MRC.xlsx,class_all_grooming,207.667,1.36599999999999
All_SocIso_GH,EH250416_SocIso_3_Ch4_MRC.xlsx,class_all_grooming,209.3,12.367
All_SocIso_GH,EH250416_SocIso_3_Ch4_MRC.xlsx,class_all_grooming,221.7,1.93300000000002
All_SocIso_GH,EH250416_SocIso_3_Ch4_MRC.xlsx,class_all_grooming,224.7,6.333
All_SocIso_GH,EH250416_SocIso_3_Ch4_MRC.xlsx,class_all_grooming,231.067,0.566000000000003
All_SocIso_GH,EH250416_SocIso_3_Ch4_MRC.xlsx,class_all_grooming,231.833,1.59999999999999
All_SocIso_GH,EH250416_SocIso_3_Ch4_MRC.xlsx,class_all_grooming,233.567,0.632999999999981
All_SocIso_GH,EH250416_SocIso_3_Ch4_MRC.xlsx,class_all_grooming,234.233,1.03399999999999
All_SocIso_GH,EH250416_SocIso_3_Ch4_MRC.xlsx,class_all_grooming,235.333,0.86699999999999
All_SocIso_GH,EH250416_SocIso_3_Ch4_MRC.xlsx,class_all_grooming,236.233,0.533999999999992
All_SocIso_GH,EH250416_SocIso_3_Ch4_MRC.xlsx,class_all_grooming,236.933,8.30000000000001
All_SocIso_GH,EH250416_SocIso_3_Ch4_MRC.xlsx,class_all_grooming,246.167,3.63300000000001
All_SocIso_GH,EH250416_SocIso_3_Ch4_MRC.xlsx,class_all_grooming,249.833,5.09999999999999
All_SocIso_GH,EH250416_SocIso_3_Ch4_MRC.xlsx,class_all_grooming,254.967,1.29999999999998
All_SocIso_GH,EH250416_SocIso_3_Ch4_MRC.xlsx,class_all_grooming,256.9,1.13300000000004
All_SocIso_GH,EH250416_SocIso_3_Ch4_MRC.xlsx,class_all_grooming,258.4,9
All_SocIso_GH,EH250416_SocIso_3_Ch4_MRC.xlsx,class_all_grooming,267.433,1.16700000000003
All_SocIso_GH,EH250416_SocIso_3_Ch4_MRC.xlsx,class_all_grooming,268.8,0.666999999999973
All_SocIso_GH,EH250416_SocIso_3_Ch4_MRC.xlsx,class_all_grooming,269.5,0.5
All_SocIso_GH,EH250416_SocIso_3_Ch4_MRC.xlsx,class_all_grooming,270.033,0.866999999999962
All_SocIso_GH,EH250416_SocIso_3_Ch4_MRC.xlsx,class_all_grooming,270.933,2.16700000000003
All_SocIso_GH,EH250416_SocIso_3_Ch4_MRC.xlsx,class_all_grooming,273.533,1.06700000000001
All_SocIso_GH,EH250416_SocIso_3_Ch4_MRC.xlsx,class_all_grooming,274.633,4.06700000000001
All_SocIso_GH,EH250416_SocIso_3_Ch4_MRC.xlsx,class_all_grooming,278.733,0.567000000000007
All_SocIso_GH,EH250416_SocIso_3_Ch4_MRC.xlsx,class_all_grooming,279.333,1.73399999999998
All_SocIso_GH,EH250416_SocIso_3_Ch4_MRC.xlsx,class_all_grooming,281.533,0.800000000000011
All_SocIso_GH,EH250416_SocIso_3_Ch4_MRC.xlsx,class_all_grooming,282.367,1.19999999999999
All_SocIso_GH,EH250416_SocIso_3_Ch4_MRC.xlsx,class_all_grooming,283.6,1
All_SocIso_GH,EH250416_SocIso_3_Ch4_MRC.xlsx,class_all_grooming,285.133,0.634000000000015
All_SocIso_GH,EH250416_SocIso_3_Ch4_MRC.xlsx,class_all_grooming,286.4,1.30000000000001
All_SocIso_GH,EH250416_SocIso_3_Ch4_MRC.xlsx,class_all_grooming,287.733,0.73399999999998
All_SocIso_GH,EH250416_SocIso_3_Ch4_MRC.xlsx,class_all_grooming,288.967,0.733000000000004
All_SocIso_GH,EH250416_SocIso_3_Ch4_MRC.xlsx,class_all_grooming,290.1,0.56699999999995
All_SocIso_GH,EH250416_SocIso_3_Ch4_MRC.xlsx,class_all_grooming,290.7,1.83300000000003
All_SocIso_GH,EH250416_SocIso_3_Ch4_MRC.xlsx,class_all_grooming,292.567,1.53300000000002
All_SocIso_GH,EH250416_SocIso_3_Ch4_MRC.xlsx,class_all_grooming,294.133,0.467000000000041
All_SocIso_GH,EH250416_SocIso_3_Ch4_MRC.xlsx,class_all_grooming,294.633,0.900000000000034
All_SocIso_GH,EH250416_SocIso_3_Ch4_MRC.xlsx,class_all_grooming,296.6,0.733000000000004
All_SocIso_GH,EH250416_SocIso_3_Ch4_MRC.xlsx,class_all_grooming,297.433,0.466999999999985
All_SocIso_GH,EH250416_SocIso_3_Ch4_MRC.xlsx,class_all_grooming,298.867,1.13299999999998
All_SocIso_GH,EH250416_SocIso_3_Ch4_MRC.xlsx,head,267.433,1.16700000000003
All_SocIso_GH,EH250416_SocIso_3_Ch4_MRC.xlsx,head,269.5,0.5
All_SocIso_GH,EH250416_SocIso_3_Ch4_MRC.xlsx,head,270.933,2.16700000000003
All_SocIso_GH,EH250416_SocIso_3_Ch4_MRC.xlsx,head,274.633,4.06700000000001
All_SocIso_GH,EH250416_SocIso_3_Ch4_MRC.xlsx,head,279.333,1.73399999999998
All_SocIso_GH,EH250416_SocIso_3_Ch4_MRC.xlsx,head,281.533,0.800000000000011
All_SocIso_GH,EH250416_SocIso_3_Ch4_MRC.xlsx,head,283.6,1
All_SocIso_GH,EH250416_SocIso_3_Ch4_MRC.xlsx,head,285.133,0.634000000000015
All_SocIso_GH,EH250416_SocIso_3_Ch4_MRC.xlsx,head,287.733,0.73399999999998
All_SocIso_GH,EH250416_SocIso_3_Ch4_MRC.xlsx,head,288.967,0.733000000000004
All_SocIso_GH,EH250416_SocIso_3_Ch4_MRC.xlsx,head,290.1,0.56699999999995
All_SocIso_GH,EH250416_SocIso_3_Ch4_MRC.xlsx,head,292.567,1.53300000000002
All_SocIso_GH,EH250416_SocIso_3_Ch4_MRC.xlsx,head,294.633,0.900000000000034
All_SocIso_GH,EH250416_SocIso_3_Ch4_MRC.xlsx,head,296.6,0.733000000000004
All_SocIso_GH,EH250416_SocIso_3_Ch4_MRC.xlsx,head,297.433,0.466999999999985
All_SocIso_GH,EH250416_SocIso_3_Ch4_MRC.xlsx,head,298.867,1.13299999999998
All_SocIso_GH,EH250416_SocIso_3_Ch4_MRC.xlsx,rubbing,28.567,2.166
All_SocIso_GH,EH250416_SocIso_3_Ch4_MRC.xlsx,rubbing,43.333,1.7
All_SocIso_GH,EH250416_SocIso_3_Ch4_MRC.xlsx,rubbing,70,1.267
All_SocIso_GH,EH250416_SocIso_3_Ch4_MRC.xlsx,rubbing,75,3.033
All_SocIso_GH,EH250416_SocIso_3_Ch4_MRC.xlsx,rubbing,105.1,3.167
All_SocIso_GH,EH250416_SocIso_3_Ch4_MRC.xlsx,rubbing,114.467,1.666
All_SocIso_GH,EH250416_SocIso_3_Ch4_MRC.xlsx,rubbing,118.1,1.43300000000001
All_SocIso_GH,EH250416_SocIso_3_Ch4_MRC.xlsx,rubbing,120.1,1.7
All_SocIso_GH,EH250416_SocIso_3_Ch4_MRC.xlsx,rubbing,125.967,0.966000000000008
All_SocIso_GH,EH250416_SocIso_3_Ch4_MRC.xlsx,rubbing,129.3,3.53299999999999
All_SocIso_GH,EH250416_SocIso_3_Ch4_MRC.xlsx,rubbing,133.267,0.566000000000003
All_SocIso_GH,EH250416_SocIso_3_Ch4_MRC.xlsx,rubbing,134.733,0.667000000000002
All_SocIso_GH,EH250416_SocIso_3_Ch4_MRC.xlsx,rubbing,138.433,2
All_SocIso_GH,EH250416_SocIso_3_Ch4_MRC.xlsx,rubbing,140.967,6.166
All_SocIso_GH,EH250416_SocIso_3_Ch4_MRC.xlsx,rubbing,147.467,5.833
All_SocIso_GH,EH250416_SocIso_3_Ch4_MRC.xlsx,rubbing,153.6,3.86700000000002
All_SocIso_GH,EH250416_SocIso_3_Ch4_MRC.xlsx,rubbing,159.6,1.233
All_SocIso_GH,EH250416_SocIso_3_Ch4_MRC.xlsx,rubbing,163.8,0.732999999999976
All_SocIso_GH,EH250416_SocIso_3_Ch4_MRC.xlsx,rubbing,180.4,3.53299999999999
All_SocIso_GH,EH250416_SocIso_3_Ch4_MRC.xlsx,rubbing,196.367,0.733000000000004
All_SocIso_GH,EH250416_SocIso_3_Ch4_MRC.xlsx,rubbing,207.667,1.36599999999999
All_SocIso_GH,EH250416_SocIso_3_Ch4_MRC.xlsx,rubbing,231.067,0.566000000000003
All_SocIso_GH,EH250416_SocIso_3_Ch4_MRC.xlsx,rubbing,231.833,1.59999999999999
All_SocIso_GH,EH250416_SocIso_3_Ch4_MRC.xlsx,rubbing,234.233,1.03399999999999
All_SocIso_GH,EH250416_SocIso_3_Ch4_MRC.xlsx,rubbing,236.233,0.533999999999992
All_SocIso_GH,EH250416_SocIso_3_Ch4_MRC.xlsx,rubbing,246.167,3.63300000000001
All_SocIso_GH,EH250416_SocIso_3_Ch4_MRC.xlsx,rubbing,249.833,5.09999999999999
All_SocIso_GH,EH250416_SocIso_3_Ch4_MRC.xlsx,rubbing,254.967,1.29999999999998
All_SocIso_GH,EH250416_SocIso_3_Ch4_MRC.xlsx,rubbing,256.9,1.13300000000004
All_SocIso_GH,EH250416_SocIso_3_Ch4_MRC.xlsx,rubbing,258.4,9
All_SocIso_GH,EH250416_SocIso_3_Ch4_MRC.xlsx,rubbing,268.8,0.666999999999973
All_SocIso_GH,EH250416_SocIso_3_Ch4_MRC.xlsx,rubbing,270.033,0.866999999999962
All_SocIso_GH,EH250416_SocIso_3_Ch4_MRC.xlsx,rubbing,273.533,1.06700000000001
All_SocIso_GH,EH250416_SocIso_3_Ch4_MRC.xlsx,rubbing,278.733,0.567000000000007
All_SocIso_GH,EH250416_SocIso_3_Ch4_MRC.xlsx,rubbing,282.367,1.19999999999999
All_SocIso_GH,EH250416_SocIso_3_Ch4_MRC.xlsx,rubbing,286.4,1.30000000000001
All_SocIso_GH,EH250416_SocIso_3_Ch4_MRC.xlsx,rubbing,290.7,1.83300000000003
All_SocIso_GH,EH250416_SocIso_3_Ch4_MRC.xlsx,rubbing,294.133,0.467000000000041
All_SocIso_GH,EH250416_SocIso_3_Ch4_MRC.xlsx,thorax,191.467,4.86599999999999
All_SocIso_GH,EH250416_SocIso_3_Ch4_MRC.xlsx,thorax,205.6,2.06700000000001
All_SocIso_GH,EH250416_SocIso_3_Ch4_MRC.xlsx,thorax,209.3,12.367
All_SocIso_GH,EH250416_SocIso_3_Ch4_MRC.xlsx,thorax,236.933,8.30000000000001
All_SocIso_GH,EH250416_SocIso_3_Ch4_MRC.xlsx,wing,161.4,2.36699999999999
All_SocIso_GH,EH250416_SocIso_3_Ch4_MRC.xlsx,wing,164.767,14.5
All_SocIso_GH,EH250416_SocIso_3_Ch4_MRC.xlsx,wing,184.633,6.79999999999998
All_SocIso_GH,EH250416_SocIso_3_Ch4_MRC.xlsx,wing,197.333,8.23400000000001
All_SocIso_GH,EH250416_SocIso_3_Ch4_MRC.xlsx,wing,221.7,1.93300000000002
All_SocIso_GH,EH250416_SocIso_3_Ch4_MRC.xlsx,wing,224.7,6.333
All_SocIso_GH,EH250416_SocIso_3_Ch4_MRC.xlsx,wing,235.333,0.86699999999999
All_SocIso_GH,EH250416_SocIso_3_Scoring_CH3_DL.xlsx,abdominal,168.2,0.867000000000019
All_SocIso_GH,EH250416_SocIso_3_Scoring_CH3_DL.xlsx,class_all_grooming,50.3,1.633
All_SocIso_GH,EH250416_SocIso_3_Scoring_CH3_DL.xlsx,class_all_grooming,74.967,2.26600000000001
All_SocIso_GH,EH250416_SocIso_3_Scoring_CH3_DL.xlsx,class_all_grooming,80.5,7.56699999999999
All_SocIso_GH,EH250416_SocIso_3_Scoring_CH3_DL.xlsx,class_all_grooming,95.867,1.39999999999999
All_SocIso_GH,EH250416_SocIso_3_Scoring_CH3_DL.xlsx,class_all_grooming,124.167,3.566
All_SocIso_GH,EH250416_SocIso_3_Scoring_CH3_DL.xlsx,class_all_grooming,160.533,7.03400000000002
All_SocIso_GH,EH250416_SocIso_3_Scoring_CH3_DL.xlsx,class_all_grooming,168.2,0.867000000000019
All_SocIso_GH,EH250416_SocIso_3_Scoring_CH3_DL.xlsx,class_all_grooming,169.1,1.733
All_SocIso_GH,EH250416_SocIso_3_Scoring_CH3_DL.xlsx,class_all_grooming,170.867,0.866000000000014
All_SocIso_GH,EH250416_SocIso_3_Scoring_CH3_DL.xlsx,class_all_grooming,171.767,0.566000000000003
All_SocIso_GH,EH250416_SocIso_3_Scoring_CH3_DL.xlsx,class_all_grooming,172.667,0.5
All_SocIso_GH,EH250416_SocIso_3_Scoring_CH3_DL.xlsx,class_all_grooming,173.3,0.532999999999987
All_SocIso_GH,EH250416_SocIso_3_Scoring_CH3_DL.xlsx,class_all_grooming,173.967,0.699999999999989
All_SocIso_GH,EH250416_SocIso_3_Scoring_CH3_DL.xlsx,class_all_grooming,174.733,2.59999999999999
All_SocIso_GH,EH250416_SocIso_3_Scoring_CH3_DL.xlsx,class_all_grooming,177.367,0.63300000000001
All_SocIso_GH,EH250416_SocIso_3_Scoring_CH3_DL.xlsx,class_all_grooming,178.3,3.09999999999999
All_SocIso_GH,EH250416_SocIso_3_Scoring_CH3_DL.xlsx,class_all_grooming,181.433,0.400000000000006
All_SocIso_GH,EH250416_SocIso_3_Scoring_CH3_DL.xlsx,class_all_grooming,182.1,1.13300000000001
All_SocIso_GH,EH250416_SocIso_3_Scoring_CH3_DL.xlsx,class_all_grooming,183.733,4.56700000000001
All_SocIso_GH,EH250416_SocIso_3_Scoring_CH3_DL.xlsx,class_all_grooming,191.3,0.632999999999981
All_SocIso_GH,EH250416_SocIso_3_Scoring_CH3_DL.xlsx,class_all_grooming,193.4,0.400000000000006
All_SocIso_GH,EH250416_SocIso_3_Scoring_CH3_DL.xlsx,class_all_grooming,193.833,0.667000000000002
All_SocIso_GH,EH250416_SocIso_3_Scoring_CH3_DL.xlsx,class_all_grooming,194.533,0.434000000000026
All_SocIso_GH,EH250416_SocIso_3_Scoring_CH3_DL.xlsx,class_all_grooming,195.667,0.165999999999997
All_SocIso_GH,EH250416_SocIso_3_Scoring_CH3_DL.xlsx,class_all_grooming,195.867,0.800000000000011
All_SocIso_GH,EH250416_SocIso_3_Scoring_CH3_DL.xlsx,class_all_grooming,196.7,0.832999999999998
All_SocIso_GH,EH250416_SocIso_3_Scoring_CH3_DL.xlsx,class_all_grooming,197.8,0.799999999999983
All_SocIso_GH,EH250416_SocIso_3_Scoring_CH3_DL.xlsx,class_all_grooming,198.633,0.933999999999997
All_SocIso_GH,EH250416_SocIso_3_Scoring_CH3_DL.xlsx,class_all_grooming,199.6,0.832999999999998
All_SocIso_GH,EH250416_SocIso_3_Scoring_CH3_DL.xlsx,class_all_grooming,200.7,0.767000000000024
All_SocIso_GH,EH250416_SocIso_3_Scoring_CH3_DL.xlsx,class_all_grooming,214.9,2.93299999999999
All_SocIso_GH,EH250416_SocIso_3_Scoring_CH3_DL.xlsx,class_all_grooming,274.867,0.83299999999997
All_SocIso_GH,EH250416_SocIso_3_Scoring_CH3_DL.xlsx,head,191.3,0.632999999999981
All_SocIso_GH,EH250416_SocIso_3_Scoring_CH3_DL.xlsx,head,193.4,0.400000000000006
All_SocIso_GH,EH250416_SocIso_3_Scoring_CH3_DL.xlsx,head,194.533,0.434000000000026
All_SocIso_GH,EH250416_SocIso_3_Scoring_CH3_DL.xlsx,head,195.667,0.165999999999997
All_SocIso_GH,EH250416_SocIso_3_Scoring_CH3_DL.xlsx,head,196.7,0.832999999999998
All_SocIso_GH,EH250416_SocIso_3_Scoring_CH3_DL.xlsx,head,197.8,0.799999999999983
All_SocIso_GH,EH250416_SocIso_3_Scoring_CH3_DL.xlsx,head,199.6,0.832999999999998
All_SocIso_GH,EH250416_SocIso_3_Scoring_CH3_DL.xlsx,head,200.7,0.767000000000024
All_SocIso_GH,EH250416_SocIso_3_Scoring_CH3_DL.xlsx,rubbing,50.3,1.633
All_SocIso_GH,EH250416_SocIso_3_Scoring_CH3_DL.xlsx,rubbing,74.967,2.26600000000001
All_SocIso_GH,EH250416_SocIso_3_Scoring_CH3_DL.xlsx,rubbing,80.5,7.56699999999999
All_SocIso_GH,EH250416_SocIso_3_Scoring_CH3_DL.xlsx,rubbing,95.867,1.39999999999999
All_SocIso_GH,EH250416_SocIso_3_Scoring_CH3_DL.xlsx,rubbing,124.167,3.566
All_SocIso_GH,EH250416_SocIso_3_Scoring_CH3_DL.xlsx,rubbing,160.533,7.03400000000002
All_SocIso_GH,EH250416_SocIso_3_Scoring_CH3_DL.xlsx,rubbing,169.1,1.733
All_SocIso_GH,EH250416_SocIso_3_Scoring_CH3_DL.xlsx,rubbing,171.767,0.566000000000003
All_SocIso_GH,EH250416_SocIso_3_Scoring_CH3_DL.xlsx,rubbing,173.3,0.532999999999987
All_SocIso_GH,EH250416_SocIso_3_Scoring_CH3_DL.xlsx,rubbing,173.967,0.699999999999989
All_SocIso_GH,EH250416_SocIso_3_Scoring_CH3_DL.xlsx,rubbing,177.367,0.63300000000001
All_SocIso_GH,EH250416_SocIso_3_Scoring_CH3_DL.xlsx,rubbing,181.433,0.400000000000006
All_SocIso_GH,EH250416_SocIso_3_Scoring_CH3_DL.xlsx,rubbing,193.833,0.667000000000002
All_SocIso_GH,EH250416_SocIso_3_Scoring_CH3_DL.xlsx,rubbing,195.867,0.800000000000011
All_SocIso_GH,EH250416_SocIso_3_Scoring_CH3_DL.xlsx,rubbing,198.633,0.933999999999997
All_SocIso_GH,EH250416_SocIso_3_Scoring_CH3_DL.xlsx,rubbing,214.9,2.93299999999999
All_SocIso_GH,EH250416_SocIso_3_Scoring_CH3_DL.xlsx,rubbing,274.867,0.83299999999997
All_SocIso_GH,EH250416_SocIso_3_Scoring_CH3_DL.xlsx,wing,170.867,0.866000000000014
All_SocIso_GH,EH250416_SocIso_3_Scoring_CH3_DL.xlsx,wing,172.667,0.5
All_SocIso_GH,EH250416_SocIso_3_Scoring_CH3_DL.xlsx,wing,174.733,2.59999999999999
All_SocIso_GH,EH250416_SocIso_3_Scoring_CH3_DL.xlsx,wing,178.3,3.09999999999999
All_SocIso_GH,EH250416_SocIso_3_Scoring_CH3_DL.xlsx,wing,182.1,1.13300000000001
All_SocIso_GH,EH250416_SocIso_3_Scoring_CH3_DL.xlsx,wing,183.733,4.56700000000001
All_SocIso_GH,EH250416_SocIso_4_Ch3_MRC.xlsx,abdominal,2.1,0.233
All_SocIso_GH,EH250416_SocIso_4_Ch3_MRC.xlsx,abdominal,7.6,0.333
All_SocIso_GH,EH250416_SocIso_4_Ch3_MRC.xlsx,abdominal,61.967,0.765999999999998
All_SocIso_GH,EH250416_SocIso_4_Ch3_MRC.xlsx,abdominal,64.567,1.36600000000001
All_SocIso_GH,EH250416_SocIso_4_Ch3_MRC.xlsx,abdominal,200.967,0.765999999999991
All_SocIso_GH,EH250416_SocIso_4_Ch3_MRC.xlsx,class_all_grooming,0.033,1.467
All_SocIso_GH,EH250416_SocIso_4_Ch3_MRC.xlsx,class_all_grooming,2.1,0.233
All_SocIso_GH,EH250416_SocIso_4_Ch3_MRC.xlsx,class_all_grooming,2.367,2.9
All_SocIso_GH,EH250416_SocIso_4_Ch3_MRC.xlsx,class_all_grooming,5.3,0.7
All_SocIso_GH,EH250416_SocIso_4_Ch3_MRC.xlsx,class_all_grooming,6.5,0.667
All_SocIso_GH,EH250416_SocIso_4_Ch3_MRC.xlsx,class_all_grooming,7.6,0.333
All_SocIso_GH,EH250416_SocIso_4_Ch3_MRC.xlsx,class_all_grooming,7.967,1.633
All_SocIso_GH,EH250416_SocIso_4_Ch3_MRC.xlsx,class_all_grooming,9.633,0.834000000000001
All_SocIso_GH,EH250416_SocIso_4_Ch3_MRC.xlsx,class_all_grooming,11.167,4.466
All_SocIso_GH,EH250416_SocIso_4_Ch3_MRC.xlsx,class_all_grooming,15.833,0.534000000000001
All_SocIso_GH,EH250416_SocIso_4_Ch3_MRC.xlsx,class_all_grooming,16.4,1.133
All_SocIso_GH,EH250416_SocIso_4_Ch3_MRC.xlsx,class_all_grooming,17.567,0.166
All_SocIso_GH,EH250416_SocIso_4_Ch3_MRC.xlsx,class_all_grooming,17.767,0.800000000000001
All_SocIso_GH,EH250416_SocIso_4_Ch3_MRC.xlsx,class_all_grooming,18.667,0.532999999999998
All_SocIso_GH,EH250416_SocIso_4_Ch3_MRC.xlsx,class_all_grooming,19.4,0.600000000000001
All_SocIso_GH,EH250416_SocIso_4_Ch3_MRC.xlsx,class_all_grooming,20.033,1.667
All_SocIso_GH,EH250416_SocIso_4_Ch3_MRC.xlsx,class_all_grooming,21.733,0.334
All_SocIso_GH,EH250416_SocIso_4_Ch3_MRC.xlsx,class_all_grooming,22.1,1.067
All_SocIso_GH,EH250416_SocIso_4_Ch3_MRC.xlsx,class_all_grooming,23.2,0.567
All_SocIso_GH,EH250416_SocIso_4_Ch3_MRC.xlsx,class_all_grooming,24.233,0.334
All_SocIso_GH,EH250416_SocIso_4_Ch3_MRC.xlsx,class_all_grooming,24.867,0.565999999999999
All_SocIso_GH,EH250416_SocIso_4_Ch3_MRC.xlsx,class_all_grooming,25.633,0.434000000000001
All_SocIso_GH,EH250416_SocIso_4_Ch3_MRC.xlsx,class_all_grooming,26.1,1.167
All_SocIso_GH,EH250416_SocIso_4_Ch3_MRC.xlsx,class_all_grooming,27.3,0.300000000000001
All_SocIso_GH,EH250416_SocIso_4_Ch3_MRC.xlsx,class_all_grooming,28,0.567
All_SocIso_GH,EH250416_SocIso_4_Ch3_MRC.xlsx,class_all_grooming,29.533,1.267
All_SocIso_GH,EH250416_SocIso_4_Ch3_MRC.xlsx,class_all_grooming,30.967,0.566000000000003
All_SocIso_GH,EH250416_SocIso_4_Ch3_MRC.xlsx,class_all_grooming,31.567,1.233
All_SocIso_GH,EH250416_SocIso_4_Ch3_MRC.xlsx,class_all_grooming,35.8,0.5
All_SocIso_GH,EH250416_SocIso_4_Ch3_MRC.xlsx,class_all_grooming,36.667,0.533000000000001
All_SocIso_GH,EH250416_SocIso_4_Ch3_MRC.xlsx,class_all_grooming,37.5,0.466999999999999
All_SocIso_GH,EH250416_SocIso_4_Ch3_MRC.xlsx,class_all_grooming,38.133,0.466999999999999
All_SocIso_GH,EH250416_SocIso_4_Ch3_MRC.xlsx,class_all_grooming,38.9,0.367000000000004
All_SocIso_GH,EH250416_SocIso_4_Ch3_MRC.xlsx,class_all_grooming,39.3,1.2
All_SocIso_GH,EH250416_SocIso_4_Ch3_MRC.xlsx,class_all_grooming,40.7,0.5
All_SocIso_GH,EH250416_SocIso_4_Ch3_MRC.xlsx,class_all_grooming,41.533,1.567
All_SocIso_GH,EH250416_SocIso_4_Ch3_MRC.xlsx,class_all_grooming,56.167,0.600000000000001
All_SocIso_GH,EH250416_SocIso_4_Ch3_MRC.xlsx,class_all_grooming,60.4,1.033
All_SocIso_GH,EH250416_SocIso_4_Ch3_MRC.xlsx,class_all_grooming,61.967,0.765999999999998
All_SocIso_GH,EH250416_SocIso_4_Ch3_MRC.xlsx,class_all_grooming,62.767,1.433
All_SocIso_GH,EH250416_SocIso_4_Ch3_MRC.xlsx,class_all_grooming,64.567,1.36600000000001
All_SocIso_GH,EH250416_SocIso_4_Ch3_MRC.xlsx,class_all_grooming,65.967,0.733000000000004
All_SocIso_GH,EH250416_SocIso_4_Ch3_MRC.xlsx,class_all_grooming,68.167,2.26600000000001
All_SocIso_GH,EH250416_SocIso_4_Ch3_MRC.xlsx,class_all_grooming,70.833,0.534000000000006
All_SocIso_GH,EH250416_SocIso_4_Ch3_MRC.xlsx,class_all_grooming,71.933,2
All_SocIso_GH,EH250416_SocIso_4_Ch3_MRC.xlsx,class_all_grooming,73.967,0.866
All_SocIso_GH,EH250416_SocIso_4_Ch3_MRC.xlsx,class_all_grooming,174.367,1.833
All_SocIso_GH,EH250416_SocIso_4_Ch3_MRC.xlsx,class_all_grooming,176.6,1.56700000000001
All_SocIso_GH,EH250416_SocIso_4_Ch3_MRC.xlsx,class_all_grooming,178.6,1.93299999999999
All_SocIso_GH,EH250416_SocIso_4_Ch3_MRC.xlsx,class_all_grooming,180.733,0.466999999999985
All_SocIso_GH,EH250416_SocIso_4_Ch3_MRC.xlsx,class_all_grooming,181.4,0.632999999999981
All_SocIso_GH,EH250416_SocIso_4_Ch3_MRC.xlsx,class_all_grooming,182.2,3.80000000000001
All_SocIso_GH,EH250416_SocIso_4_Ch3_MRC.xlsx,class_all_grooming,186.7,2.80000000000001
All_SocIso_GH,EH250416_SocIso_4_Ch3_MRC.xlsx,class_all_grooming,189.967,1.73299999999998
All_SocIso_GH,EH250416_SocIso_4_Ch3_MRC.xlsx,class_all_grooming,192,0.300000000000011
All_SocIso_GH,EH250416_SocIso_4_Ch3_MRC.xlsx,class_all_grooming,192.333,2.59999999999999
All_SocIso_GH,EH250416_SocIso_4_Ch3_MRC.xlsx,class_all_grooming,198.967,0.665999999999997
All_SocIso_GH,EH250416_SocIso_4_Ch3_MRC.xlsx,class_all_grooming,200.2,0.5
All_SocIso_GH,EH250416_SocIso_4_Ch3_MRC.xlsx,class_all_grooming,200.967,0.765999999999991
All_SocIso_GH,EH250416_SocIso_4_Ch3_MRC.xlsx,class_all_grooming,201.767,1.70000000000002
All_SocIso_GH,EH250416_SocIso_4_Ch3_MRC.xlsx,class_all_grooming,203.5,1.13300000000001
All_SocIso_GH,EH250416_SocIso_4_Ch3_MRC.xlsx,class_all_grooming,204.9,2.46699999999998
All_SocIso_GH,EH250416_SocIso_4_Ch3_MRC.xlsx,class_all_grooming,207.4,0.733000000000004
All_SocIso_GH,EH250416_SocIso_4_Ch3_MRC.xlsx,class_all_grooming,208.433,1.834
All_SocIso_GH,EH250416_SocIso_4_Ch3_MRC.xlsx,class_all_grooming,210.3,0.766999999999996
All_SocIso_GH,EH250416_SocIso_4_Ch3_MRC.xlsx,class_all_grooming,211.333,7.86699999999999
All_SocIso_GH,EH250416_SocIso_4_Ch3_MRC.xlsx,class_all_grooming,219.233,0.834000000000003
All_SocIso_GH,EH250416_SocIso_4_Ch3_MRC.xlsx,class_all_grooming,220.867,0.63300000000001
All_SocIso_GH,EH250416_SocIso_4_Ch3_MRC.xlsx,class_all_grooming,258.733,0.867000000000019
All_SocIso_GH,EH250416_SocIso_4_Ch3_MRC.xlsx,class_all_grooming,259.867,0.83299999999997
All_SocIso_GH,EH250416_SocIso_4_Ch3_MRC.xlsx,class_all_grooming,291.2,1.16700000000003
All_SocIso_GH,EH250416_SocIso_4_Ch3_MRC.xlsx,class_all_grooming,292.6,0.599999999999966
All_SocIso_GH,EH250416_SocIso_4_Ch3_MRC.xlsx,head,15.833,0.534000000000001
All_SocIso_GH,EH250416_SocIso_4_Ch3_MRC.xlsx,head,17.567,0.166
All_SocIso_GH,EH250416_SocIso_4_Ch3_MRC.xlsx,head,18.667,0.532999999999998
All_SocIso_GH,EH250416_SocIso_4_Ch3_MRC.xlsx,head,19.4,0.600000000000001
All_SocIso_GH,EH250416_SocIso_4_Ch3_MRC.xlsx,head,21.733,0.334
All_SocIso_GH,EH250416_SocIso_4_Ch3_MRC.xlsx,head,23.2,0.567
All_SocIso_GH,EH250416_SocIso_4_Ch3_MRC.xlsx,head,24.233,0.334
All_SocIso_GH,EH250416_SocIso_4_Ch3_MRC.xlsx,head,24.867,0.565999999999999
All_SocIso_GH,EH250416_SocIso_4_Ch3_MRC.xlsx,head,25.633,0.434000000000001
All_SocIso_GH,EH250416_SocIso_4_Ch3_MRC.xlsx,head,27.3,0.300000000000001
All_SocIso_GH,EH250416_SocIso_4_Ch3_MRC.xlsx,head,28,0.567
All_SocIso_GH,EH250416_SocIso_4_Ch3_MRC.xlsx,head,30.967,0.566000000000003
All_SocIso_GH,EH250416_SocIso_4_Ch3_MRC.xlsx,head,35.8,0.5
All_SocIso_GH,EH250416_SocIso_4_Ch3_MRC.xlsx,head,36.667,0.533000000000001
All_SocIso_GH,EH250416_SocIso_4_Ch3_MRC.xlsx,head,37.5,0.466999999999999
All_SocIso_GH,EH250416_SocIso_4_Ch3_MRC.xlsx,head,38.133,0.466999999999999
All_SocIso_GH,EH250416_SocIso_4_Ch3_MRC.xlsx,head,38.9,0.367000000000004
All_SocIso_GH,EH250416_SocIso_4_Ch3_MRC.xlsx,head,40.7,0.5
All_SocIso_GH,EH250416_SocIso_4_Ch3_MRC.xlsx,head,41.533,1.567
All_SocIso_GH,EH250416_SocIso_4_Ch3_MRC.xlsx,head,181.4,0.632999999999981
All_SocIso_GH,EH250416_SocIso_4_Ch3_MRC.xlsx,head,192,0.300000000000011
All_SocIso_GH,EH250416_SocIso_4_Ch3_MRC.xlsx,rubbing,0.033,1.467
All_SocIso_GH,EH250416_SocIso_4_Ch3_MRC.xlsx,rubbing,5.3,0.7
All_SocIso_GH,EH250416_SocIso_4_Ch3_MRC.xlsx,rubbing,6.5,0.667
All_SocIso_GH,EH250416_SocIso_4_Ch3_MRC.xlsx,rubbing,9.633,0.834000000000001
All_SocIso_GH,EH250416_SocIso_4_Ch3_MRC.xlsx,rubbing,11.167,4.466
All_SocIso_GH,EH250416_SocIso_4_Ch3_MRC.xlsx,rubbing,16.4,1.133
All_SocIso_GH,EH250416_SocIso_4_Ch3_MRC.xlsx,rubbing,17.767,0.800000000000001
All_SocIso_GH,EH250416_SocIso_4_Ch3_MRC.xlsx,rubbing,20.033,1.667
All_SocIso_GH,EH250416_SocIso_4_Ch3_MRC.xlsx,rubbing,22.1,1.067
All_SocIso_GH,EH250416_SocIso_4_Ch3_MRC.xlsx,rubbing,26.1,1.167
All_SocIso_GH,EH250416_SocIso_4_Ch3_MRC.xlsx,rubbing,29.533,1.267
All_SocIso_GH,EH250416_SocIso_4_Ch3_MRC.xlsx,rubbing,31.567,1.233
All_SocIso_GH,EH250416_SocIso_4_Ch3_MRC.xlsx,rubbing,39.3,1.2
All_SocIso_GH,EH250416_SocIso_4_Ch3_MRC.xlsx,rubbing,56.167,0.600000000000001
All_SocIso_GH,EH250416_SocIso_4_Ch3_MRC.xlsx,rubbing,60.4,1.033
All_SocIso_GH,EH250416_SocIso_4_Ch3_MRC.xlsx,rubbing,62.767,1.433
All_SocIso_GH,EH250416_SocIso_4_Ch3_MRC.xlsx,rubbing,65.967,0.733000000000004
All_SocIso_GH,EH250416_SocIso_4_Ch3_MRC.xlsx,rubbing,73.967,0.866
All_SocIso_GH,EH250416_SocIso_4_Ch3_MRC.xlsx,rubbing,174.367,1.833
All_SocIso_GH,EH250416_SocIso_4_Ch3_MRC.xlsx,rubbing,176.6,1.56700000000001
All_SocIso_GH,EH250416_SocIso_4_Ch3_MRC.xlsx,rubbing,178.6,1.93299999999999
All_SocIso_GH,EH250416_SocIso_4_Ch3_MRC.xlsx,rubbing,180.733,0.466999999999985
All_SocIso_GH,EH250416_SocIso_4_Ch3_MRC.xlsx,rubbing,182.2,3.80000000000001
All_SocIso_GH,EH250416_SocIso_4_Ch3_MRC.xlsx,rubbing,186.7,2.80000000000001
All_SocIso_GH,EH250416_SocIso_4_Ch3_MRC.xlsx,rubbing,189.967,1.73299999999998
All_SocIso_GH,EH250416_SocIso_4_Ch3_MRC.xlsx,rubbing,192.333,2.59999999999999
All_SocIso_GH,EH250416_SocIso_4_Ch3_MRC.xlsx,rubbing,198.967,0.665999999999997
All_SocIso_GH,EH250416_SocIso_4_Ch3_MRC.xlsx,rubbing,200.2,0.5
All_SocIso_GH,EH250416_SocIso_4_Ch3_MRC.xlsx,rubbing,203.5,1.13300000000001
All_SocIso_GH,EH250416_SocIso_4_Ch3_MRC.xlsx,rubbing,207.4,0.733000000000004
All_SocIso_GH,EH250416_SocIso_4_Ch3_MRC.xlsx,rubbing,210.3,0.766999999999996
All_SocIso_GH,EH250416_SocIso_4_Ch3_MRC.xlsx,rubbing,219.233,0.834000000000003
All_SocIso_GH,EH250416_SocIso_4_Ch3_MRC.xlsx,rubbing,220.867,0.63300000000001
All_SocIso_GH,EH250416_SocIso_4_Ch3_MRC.xlsx,rubbing,258.733,0.867000000000019
All_SocIso_GH,EH250416_SocIso_4_Ch3_MRC.xlsx,rubbing,259.867,0.83299999999997
All_SocIso_GH,EH250416_SocIso_4_Ch3_MRC.xlsx,rubbing,291.2,1.16700000000003
All_SocIso_GH,EH250416_SocIso_4_Ch3_MRC.xlsx,rubbing,292.6,0.599999999999966
All_SocIso_GH,EH250416_SocIso_4_Ch3_MRC.xlsx,wing,2.367,2.9
All_SocIso_GH,EH250416_SocIso_4_Ch3_MRC.xlsx,wing,7.967,1.633
All_SocIso_GH,EH250416_SocIso_4_Ch3_MRC.xlsx,wing,68.167,2.26600000000001
All_SocIso_GH,EH250416_SocIso_4_Ch3_MRC.xlsx,wing,70.833,0.534000000000006
All_SocIso_GH,EH250416_SocIso_4_Ch3_MRC.xlsx,wing,71.933,2
All_SocIso_GH,EH250416_SocIso_4_Ch3_MRC.xlsx,wing,201.767,1.70000000000002
All_SocIso_GH,EH250416_SocIso_4_Ch3_MRC.xlsx,wing,204.9,2.46699999999998
All_SocIso_GH,EH250416_SocIso_4_Ch3_MRC.xlsx,wing,208.433,1.834
All_SocIso_GH,EH250416_SocIso_4_Ch3_MRC.xlsx,wing,211.333,7.86699999999999
All_SocIso_GH,EH250416_SocIso_4_Ch4_MRC.xlsx,abdominal,33.333,0.267000000000003
All_SocIso_GH,EH250416_SocIso_4_Ch4_MRC.xlsx,abdominal,43.433,0.433999999999997
All_SocIso_GH,EH250416_SocIso_4_Ch4_MRC.xlsx,class_all_grooming,0.267,0.8
All_SocIso_GH,EH250416_SocIso_4_Ch4_MRC.xlsx,class_all_grooming,1.1,0.667
All_SocIso_GH,EH250416_SocIso_4_Ch4_MRC.xlsx,class_all_grooming,2.333,0.867
All_SocIso_GH,EH250416_SocIso_4_Ch4_MRC.xlsx,class_all_grooming,3.233,0.667
All_SocIso_GH,EH250416_SocIso_4_Ch4_MRC.xlsx,class_all_grooming,3.933,1.6
All_SocIso_GH,EH250416_SocIso_4_Ch4_MRC.xlsx,class_all_grooming,5.567,0.6
All_SocIso_GH,EH250416_SocIso_4_Ch4_MRC.xlsx,class_all_grooming,6.233,1.4
All_SocIso_GH,EH250416_SocIso_4_Ch4_MRC.xlsx,class_all_grooming,7.667,1.3
All_SocIso_GH,EH250416_SocIso_4_Ch4_MRC.xlsx,class_all_grooming,9,0.6
All_SocIso_GH,EH250416_SocIso_4_Ch4_MRC.xlsx,class_all_grooming,9.633,1.234
All_SocIso_GH,EH250416_SocIso_4_Ch4_MRC.xlsx,class_all_grooming,11.733,4.4
All_SocIso_GH,EH250416_SocIso_4_Ch4_MRC.xlsx,class_all_grooming,16.933,0.699999999999999
All_SocIso_GH,EH250416_SocIso_4_Ch4_MRC.xlsx,class_all_grooming,18.333,11.4
All_SocIso_GH,EH250416_SocIso_4_Ch4_MRC.xlsx,class_all_grooming,30.3,1.233
All_SocIso_GH,EH250416_SocIso_4_Ch4_MRC.xlsx,class_all_grooming,31.933,0.734000000000002
All_SocIso_GH,EH250416_SocIso_4_Ch4_MRC.xlsx,class_all_grooming,33.333,0.267000000000003
All_SocIso_GH,EH250416_SocIso_4_Ch4_MRC.xlsx,class_all_grooming,33.633,0.533999999999999
All_SocIso_GH,EH250416_SocIso_4_Ch4_MRC.xlsx,class_all_grooming,34.833,6.534
All_SocIso_GH,EH250416_SocIso_4_Ch4_MRC.xlsx,class_all_grooming,42.133,1.034
All_SocIso_GH,EH250416_SocIso_4_Ch4_MRC.xlsx,class_all_grooming,43.433,0.433999999999997
All_SocIso_GH,EH250416_SocIso_4_Ch4_MRC.xlsx,class_all_grooming,43.9,2.4
All_SocIso_GH,EH250416_SocIso_4_Ch4_MRC.xlsx,class_all_grooming,46.333,0.834000000000003
All_SocIso_GH,EH250416_SocIso_4_Ch4_MRC.xlsx,class_all_grooming,47.767,3.46599999999999
All_SocIso_GH,EH250416_SocIso_4_Ch4_MRC.xlsx,class_all_grooming,51.267,0.965999999999994
All_SocIso_GH,EH250416_SocIso_4_Ch4_MRC.xlsx,class_all_grooming,52.433,2.034
All_SocIso_GH,EH250416_SocIso_4_Ch4_MRC.xlsx,class_all_grooming,54.5,1
All_SocIso_GH,EH250416_SocIso_4_Ch4_MRC.xlsx,class_all_grooming,55.7,8.03299999999999
All_SocIso_GH,EH250416_SocIso_4_Ch4_MRC.xlsx,class_all_grooming,63.767,0.332999999999991
All_SocIso_GH,EH250416_SocIso_4_Ch4_MRC.xlsx,class_all_grooming,67.6,0.667000000000002
All_SocIso_GH,EH250416_SocIso_4_Ch4_MRC.xlsx,class_all_grooming,68.7,9.033
All_SocIso_GH,EH250416_SocIso_4_Ch4_MRC.xlsx,class_all_grooming,79.133,1.90000000000001
All_SocIso_GH,EH250416_SocIso_4_Ch4_MRC.xlsx,class_all_grooming,81.267,1.3
All_SocIso_GH,EH250416_SocIso_4_Ch4_MRC.xlsx,class_all_grooming,82.6,4
All_SocIso_GH,EH250416_SocIso_4_Ch4_MRC.xlsx,class_all_grooming,86.633,0.76700000000001
All_SocIso_GH,EH250416_SocIso_4_Ch4_MRC.xlsx,class_all_grooming,87.7,8.89999999999999
All_SocIso_GH,EH250416_SocIso_4_Ch4_MRC.xlsx,class_all_grooming,96.633,1.10000000000001
All_SocIso_GH,EH250416_SocIso_4_Ch4_MRC.xlsx,class_all_grooming,98.2,0.667000000000002
All_SocIso_GH,EH250416_SocIso_4_Ch4_MRC.xlsx,class_all_grooming,99.667,2.7
All_SocIso_GH,EH250416_SocIso_4_Ch4_MRC.xlsx,class_all_grooming,102.6,1.26700000000001
All_SocIso_GH,EH250416_SocIso_4_Ch4_MRC.xlsx,class_all_grooming,104.7,0.966999999999999
All_SocIso_GH,EH250416_SocIso_4_Ch4_MRC.xlsx,class_all_grooming,106,3.59999999999999
All_SocIso_GH,EH250416_SocIso_4_Ch4_MRC.xlsx,class_all_grooming,110.033,1.23399999999999
All_SocIso_GH,EH250416_SocIso_4_Ch4_MRC.xlsx,class_all_grooming,121.4,3.39999999999999
All_SocIso_GH,EH250416_SocIso_4_Ch4_MRC.xlsx,class_all_grooming,125.3,3.23299999999999
All_SocIso_GH,EH250416_SocIso_4_Ch4_MRC.xlsx,class_all_grooming,151.767,1.43299999999999
All_SocIso_GH,EH250416_SocIso_4_Ch4_MRC.xlsx,class_all_grooming,154.033,6.10000000000002
All_SocIso_GH,EH250416_SocIso_4_Ch4_MRC.xlsx,class_all_grooming,160.167,2.30000000000001
All_SocIso_GH,EH250416_SocIso_4_Ch4_MRC.xlsx,class_all_grooming,162.5,29.599
All_SocIso_GH,EH250416_SocIso_4_Ch4_MRC.xlsx,class_all_grooming,192.1,0.26600000000002
All_SocIso_GH,EH250416_SocIso_4_Ch4_MRC.xlsx,class_all_grooming,192.367,33.533
All_SocIso_GH,EH250416_SocIso_4_Ch4_MRC.xlsx,class_all_grooming,225.933,9.20000000000002
All_SocIso_GH,EH250416_SocIso_4_Ch4_MRC.xlsx,class_all_grooming,237,13.267
All_SocIso_GH,EH250416_SocIso_4_Ch4_MRC.xlsx,class_all_grooming,251,2.767
All_SocIso_GH,EH250416_SocIso_4_Ch4_MRC.xlsx,class_all_grooming,253.8,32.033
All_SocIso_GH,EH250416_SocIso_4_Ch4_MRC.xlsx,class_all_grooming,286.367,3.63299999999998
All_SocIso_GH,EH250416_SocIso_4_Ch4_MRC.xlsx,class_all_grooming,292.8,1.36699999999996
All_SocIso_GH,EH250416_SocIso_4_Ch4_MRC.xlsx,head,0.267,0.8
All_SocIso_GH,EH250416_SocIso_4_Ch4_MRC.xlsx,head,2.333,0.867
All_SocIso_GH,EH250416_SocIso_4_Ch4_MRC.xlsx,head,3.933,1.6
All_SocIso_GH,EH250416_SocIso_4_Ch4_MRC.xlsx,head,7.667,1.3
All_SocIso_GH,EH250416_SocIso_4_Ch4_MRC.xlsx,head,9,0.6
All_SocIso_GH,EH250416_SocIso_4_Ch4_MRC.xlsx,head,160.167,2.30000000000001
All_SocIso_GH,EH250416_SocIso_4_Ch4_MRC.xlsx,head,192.1,0.26600000000002
All_SocIso_GH,EH250416_SocIso_4_Ch4_MRC.xlsx,rubbing,1.1,0.667
All_SocIso_GH,EH250416_SocIso_4_Ch4_MRC.xlsx,rubbing,3.233,0.667
All_SocIso_GH,EH250416_SocIso_4_Ch4_MRC.xlsx,rubbing,5.567,0.6
All_SocIso_GH,EH250416_SocIso_4_Ch4_MRC.xlsx,rubbing,6.233,1.4
All_SocIso_GH,EH250416_SocIso_4_Ch4_MRC.xlsx,rubbing,9.633,1.234
All_SocIso_GH,EH250416_SocIso_4_Ch4_MRC.xlsx,rubbing,16.933,0.699999999999999
All_SocIso_GH,EH250416_SocIso_4_Ch4_MRC.xlsx,rubbing,30.3,1.233
All_SocIso_GH,EH250416_SocIso_4_Ch4_MRC.xlsx,rubbing,31.933,0.734000000000002
All_SocIso_GH,EH250416_SocIso_4_Ch4_MRC.xlsx,rubbing,33.633,0.533999999999999
All_SocIso_GH,EH250416_SocIso_4_Ch4_MRC.xlsx,rubbing,34.833,6.534
All_SocIso_GH,EH250416_SocIso_4_Ch4_MRC.xlsx,rubbing,42.133,1.034
All_SocIso_GH,EH250416_SocIso_4_Ch4_MRC.xlsx,rubbing,46.333,0.834000000000003
All_SocIso_GH,EH250416_SocIso_4_Ch4_MRC.xlsx,rubbing,51.267,0.965999999999994
All_SocIso_GH,EH250416_SocIso_4_Ch4_MRC.xlsx,rubbing,54.5,1
All_SocIso_GH,EH250416_SocIso_4_Ch4_MRC.xlsx,rubbing,63.767,0.332999999999991
All_SocIso_GH,EH250416_SocIso_4_Ch4_MRC.xlsx,rubbing,67.6,0.667000000000002
All_SocIso_GH,EH250416_SocIso_4_Ch4_MRC.xlsx,rubbing,68.7,9.033
All_SocIso_GH,EH250416_SocIso_4_Ch4_MRC.xlsx,rubbing,79.133,1.90000000000001
All_SocIso_GH,EH250416_SocIso_4_Ch4_MRC.xlsx,rubbing,81.267,1.3
All_SocIso_GH,EH250416_SocIso_4_Ch4_MRC.xlsx,rubbing,86.633,0.76700000000001
All_SocIso_GH,EH250416_SocIso_4_Ch4_MRC.xlsx,rubbing,96.633,1.10000000000001
All_SocIso_GH,EH250416_SocIso_4_Ch4_MRC.xlsx,rubbing,98.2,0.667000000000002
All_SocIso_GH,EH250416_SocIso_4_Ch4_MRC.xlsx,rubbing,102.6,1.26700000000001
All_SocIso_GH,EH250416_SocIso_4_Ch4_MRC.xlsx,rubbing,110.033,1.23399999999999
All_SocIso_GH,EH250416_SocIso_4_Ch4_MRC.xlsx,rubbing,121.4,3.39999999999999
All_SocIso_GH,EH250416_SocIso_4_Ch4_MRC.xlsx,rubbing,125.3,3.23299999999999
All_SocIso_GH,EH250416_SocIso_4_Ch4_MRC.xlsx,rubbing,151.767,1.43299999999999
All_SocIso_GH,EH250416_SocIso_4_Ch4_MRC.xlsx,rubbing,154.033,6.10000000000002
All_SocIso_GH,EH250416_SocIso_4_Ch4_MRC.xlsx,rubbing,162.5,29.599
All_SocIso_GH,EH250416_SocIso_4_Ch4_MRC.xlsx,rubbing,192.367,33.533
All_SocIso_GH,EH250416_SocIso_4_Ch4_MRC.xlsx,rubbing,225.933,9.20000000000002
All_SocIso_GH,EH250416_SocIso_4_Ch4_MRC.xlsx,rubbing,237,13.267
All_SocIso_GH,EH250416_SocIso_4_Ch4_MRC.xlsx,rubbing,251,2.767
All_SocIso_GH,EH250416_SocIso_4_Ch4_MRC.xlsx,rubbing,253.8,32.033
All_SocIso_GH,EH250416_SocIso_4_Ch4_MRC.xlsx,rubbing,286.367,3.63299999999998
All_SocIso_GH,EH250416_SocIso_4_Ch4_MRC.xlsx,rubbing,292.8,1.36699999999996
All_SocIso_GH,EH250416_SocIso_4_Ch4_MRC.xlsx,thorax,99.667,2.7
All_SocIso_GH,EH250416_SocIso_4_Ch4_MRC.xlsx,thorax,106,3.59999999999999
All_SocIso_GH,EH250416_SocIso_4_Ch4_MRC.xlsx,wing,11.733,4.4
All_SocIso_GH,EH250416_SocIso_4_Ch4_MRC.xlsx,wing,18.333,11.4
All_SocIso_GH,EH250416_SocIso_4_Ch4_MRC.xlsx,wing,43.9,2.4
All_SocIso_GH,EH250416_SocIso_4_Ch4_MRC.xlsx,wing,47.767,3.46599999999999
All_SocIso_GH,EH250416_SocIso_4_Ch4_MRC.xlsx,wing,52.433,2.034
All_SocIso_GH,EH250416_SocIso_4_Ch4_MRC.xlsx,wing,55.7,8.03299999999999
All_SocIso_GH,EH250416_SocIso_4_Ch4_MRC.xlsx,wing,82.6,4
All_SocIso_GH,EH250416_SocIso_4_Ch4_MRC.xlsx,wing,87.7,8.89999999999999
All_SocIso_GH,EH250416_SocIso_4_Ch4_MRC.xlsx,wing,104.7,0.966999999999999
All_SocIso_GH,EH250416_SocIso_5_2025_04_16T21_49_30_586Z_CH3_Scoring_CR.xlsx,abdominal,29.033,0.399999999999999
All_SocIso_GH,EH250416_SocIso_5_2025_04_16T21_49_30_586Z_CH3_Scoring_CR.xlsx,abdominal,251.967,0.365999999999985
All_SocIso_GH,EH250416_SocIso_5_2025_04_16T21_49_30_586Z_CH3_Scoring_CR.xlsx,abdominal,258.2,0.5
All_SocIso_GH,EH250416_SocIso_5_2025_04_16T21_49_30_586Z_CH3_Scoring_CR.xlsx,abdominal,289.533,0.866999999999962
All_SocIso_GH,EH250416_SocIso_5_2025_04_16T21_49_30_586Z_CH3_Scoring_CR.xlsx,class_all_grooming,20.3,1
All_SocIso_GH,EH250416_SocIso_5_2025_04_16T21_49_30_586Z_CH3_Scoring_CR.xlsx,class_all_grooming,21.6,2.8
All_SocIso_GH,EH250416_SocIso_5_2025_04_16T21_49_30_586Z_CH3_Scoring_CR.xlsx,class_all_grooming,25.2,2.067
All_SocIso_GH,EH250416_SocIso_5_2025_04_16T21_49_30_586Z_CH3_Scoring_CR.xlsx,class_all_grooming,27.6,1.233
All_SocIso_GH,EH250416_SocIso_5_2025_04_16T21_49_30_586Z_CH3_Scoring_CR.xlsx,class_all_grooming,29.033,0.399999999999999
All_SocIso_GH,EH250416_SocIso_5_2025_04_16T21_49_30_586Z_CH3_Scoring_CR.xlsx,class_all_grooming,29.467,2.333
All_SocIso_GH,EH250416_SocIso_5_2025_04_16T21_49_30_586Z_CH3_Scoring_CR.xlsx,class_all_grooming,31.933,1.6
All_SocIso_GH,EH250416_SocIso_5_2025_04_16T21_49_30_586Z_CH3_Scoring_CR.xlsx,class_all_grooming,46.367,10.366
All_SocIso_GH,EH250416_SocIso_5_2025_04_16T21_49_30_586Z_CH3_Scoring_CR.xlsx,class_all_grooming,57.3,4.2
All_SocIso_GH,EH250416_SocIso_5_2025_04_16T21_49_30_586Z_CH3_Scoring_CR.xlsx,class_all_grooming,61.533,1.367
All_SocIso_GH,EH250416_SocIso_5_2025_04_16T21_49_30_586Z_CH3_Scoring_CR.xlsx,class_all_grooming,65,2.267
All_SocIso_GH,EH250416_SocIso_5_2025_04_16T21_49_30_586Z_CH3_Scoring_CR.xlsx,class_all_grooming,68.533,1.2
All_SocIso_GH,EH250416_SocIso_5_2025_04_16T21_49_30_586Z_CH3_Scoring_CR.xlsx,class_all_grooming,69.767,1.066
All_SocIso_GH,EH250416_SocIso_5_2025_04_16T21_49_30_586Z_CH3_Scoring_CR.xlsx,class_all_grooming,71.467,2.76600000000001
All_SocIso_GH,EH250416_SocIso_5_2025_04_16T21_49_30_586Z_CH3_Scoring_CR.xlsx,class_all_grooming,74.267,0.600000000000009
All_SocIso_GH,EH250416_SocIso_5_2025_04_16T21_49_30_586Z_CH3_Scoring_CR.xlsx,class_all_grooming,74.9,0.966999999999999
All_SocIso_GH,EH250416_SocIso_5_2025_04_16T21_49_30_586Z_CH3_Scoring_CR.xlsx,class_all_grooming,75.967,4.96600000000001
All_SocIso_GH,EH250416_SocIso_5_2025_04_16T21_49_30_586Z_CH3_Scoring_CR.xlsx,class_all_grooming,80.967,0.332999999999998
All_SocIso_GH,EH250416_SocIso_5_2025_04_16T21_49_30_586Z_CH3_Scoring_CR.xlsx,class_all_grooming,81.333,0.600000000000009
All_SocIso_GH,EH250416_SocIso_5_2025_04_16T21_49_30_586Z_CH3_Scoring_CR.xlsx,class_all_grooming,82.133,1.5
All_SocIso_GH,EH250416_SocIso_5_2025_04_16T21_49_30_586Z_CH3_Scoring_CR.xlsx,class_all_grooming,83.667,0.332999999999998
All_SocIso_GH,EH250416_SocIso_5_2025_04_16T21_49_30_586Z_CH3_Scoring_CR.xlsx,class_all_grooming,84.033,0.367000000000004
All_SocIso_GH,EH250416_SocIso_5_2025_04_16T21_49_30_586Z_CH3_Scoring_CR.xlsx,class_all_grooming,84.433,0.299999999999997
All_SocIso_GH,EH250416_SocIso_5_2025_04_16T21_49_30_586Z_CH3_Scoring_CR.xlsx,class_all_grooming,84.933,0.166999999999987
All_SocIso_GH,EH250416_SocIso_5_2025_04_16T21_49_30_586Z_CH3_Scoring_CR.xlsx,class_all_grooming,85.2,0.733000000000004
All_SocIso_GH,EH250416_SocIso_5_2025_04_16T21_49_30_586Z_CH3_Scoring_CR.xlsx,class_all_grooming,86.033,0.667000000000002
All_SocIso_GH,EH250416_SocIso_5_2025_04_16T21_49_30_586Z_CH3_Scoring_CR.xlsx,class_all_grooming,86.733,0.833999999999989
All_SocIso_GH,EH250416_SocIso_5_2025_04_16T21_49_30_586Z_CH3_Scoring_CR.xlsx,class_all_grooming,87.6,0.733000000000004
All_SocIso_GH,EH250416_SocIso_5_2025_04_16T21_49_30_586Z_CH3_Scoring_CR.xlsx,class_all_grooming,88.367,0.23299999999999
All_SocIso_GH,EH250416_SocIso_5_2025_04_16T21_49_30_586Z_CH3_Scoring_CR.xlsx,class_all_grooming,88.733,0.634
All_SocIso_GH,EH250416_SocIso_5_2025_04_16T21_49_30_586Z_CH3_Scoring_CR.xlsx,class_all_grooming,89.4,0.432999999999993
All_SocIso_GH,EH250416_SocIso_5_2025_04_16T21_49_30_586Z_CH3_Scoring_CR.xlsx,class_all_grooming,89.867,0.566000000000003
All_SocIso_GH,EH250416_SocIso_5_2025_04_16T21_49_30_586Z_CH3_Scoring_CR.xlsx,class_all_grooming,90.667,0.200000000000003
All_SocIso_GH,EH250416_SocIso_5_2025_04_16T21_49_30_586Z_CH3_Scoring_CR.xlsx,class_all_grooming,92.133,1.334
All_SocIso_GH,EH250416_SocIso_5_2025_04_16T21_49_30_586Z_CH3_Scoring_CR.xlsx,class_all_grooming,93.5,0.632999999999996
All_SocIso_GH,EH250416_SocIso_5_2025_04_16T21_49_30_586Z_CH3_Scoring_CR.xlsx,class_all_grooming,94.167,0.599999999999994
All_SocIso_GH,EH250416_SocIso_5_2025_04_16T21_49_30_586Z_CH3_Scoring_CR.xlsx,class_all_grooming,96.033,2.134
All_SocIso_GH,EH250416_SocIso_5_2025_04_16T21_49_30_586Z_CH3_Scoring_CR.xlsx,class_all_grooming,98.3,0.600000000000009
All_SocIso_GH,EH250416_SocIso_5_2025_04_16T21_49_30_586Z_CH3_Scoring_CR.xlsx,class_all_grooming,99.767,0.600000000000009
All_SocIso_GH,EH250416_SocIso_5_2025_04_16T21_49_30_586Z_CH3_Scoring_CR.xlsx,class_all_grooming,100.4,0.966999999999999
All_SocIso_GH,EH250416_SocIso_5_2025_04_16T21_49_30_586Z_CH3_Scoring_CR.xlsx,class_all_grooming,101.933,0.733999999999995
All_SocIso_GH,EH250416_SocIso_5_2025_04_16T21_49_30_586Z_CH3_Scoring_CR.xlsx,class_all_grooming,102.7,0.932999999999993
All_SocIso_GH,EH250416_SocIso_5_2025_04_16T21_49_30_586Z_CH3_Scoring_CR.xlsx,class_all_grooming,103.833,0.900000000000006
All_SocIso_GH,EH250416_SocIso_5_2025_04_16T21_49_30_586Z_CH3_Scoring_CR.xlsx,class_all_grooming,105.233,2.467
All_SocIso_GH,EH250416_SocIso_5_2025_04_16T21_49_30_586Z_CH3_Scoring_CR.xlsx,class_all_grooming,107.9,2.833
All_SocIso_GH,EH250416_SocIso_5_2025_04_16T21_49_30_586Z_CH3_Scoring_CR.xlsx,class_all_grooming,139.033,1.20000000000002
All_SocIso_GH,EH250416_SocIso_5_2025_04_16T21_49_30_586Z_CH3_Scoring_CR.xlsx,class_all_grooming,140.333,0.567000000000007
All_SocIso_GH,EH250416_SocIso_5_2025_04_16T21_49_30_586Z_CH3_Scoring_CR.xlsx,class_all_grooming,180.433,1.73400000000001
All_SocIso_GH,EH250416_SocIso_5_2025_04_16T21_49_30_586Z_CH3_Scoring_CR.xlsx,class_all_grooming,183.067,0.46599999999998
All_SocIso_GH,EH250416_SocIso_5_2025_04_16T21_49_30_586Z_CH3_Scoring_CR.xlsx,class_all_grooming,183.567,0.699999999999989
All_SocIso_GH,EH250416_SocIso_5_2025_04_16T21_49_30_586Z_CH3_Scoring_CR.xlsx,class_all_grooming,185.2,1.20000000000002
All_SocIso_GH,EH250416_SocIso_5_2025_04_16T21_49_30_586Z_CH3_Scoring_CR.xlsx,class_all_grooming,234.633,6.267
All_SocIso_GH,EH250416_SocIso_5_2025_04_16T21_49_30_586Z_CH3_Scoring_CR.xlsx,class_all_grooming,243.633,5.334
All_SocIso_GH,EH250416_SocIso_5_2025_04_16T21_49_30_586Z_CH3_Scoring_CR.xlsx,class_all_grooming,249.633,1.96699999999998
All_SocIso_GH,EH250416_SocIso_5_2025_04_16T21_49_30_586Z_CH3_Scoring_CR.xlsx,class_all_grooming,251.967,0.365999999999985
All_SocIso_GH,EH250416_SocIso_5_2025_04_16T21_49_30_586Z_CH3_Scoring_CR.xlsx,class_all_grooming,252.367,0.165999999999997
All_SocIso_GH,EH250416_SocIso_5_2025_04_16T21_49_30_586Z_CH3_Scoring_CR.xlsx,class_all_grooming,252.567,0.765999999999991
All_SocIso_GH,EH250416_SocIso_5_2025_04_16T21_49_30_586Z_CH3_Scoring_CR.xlsx,class_all_grooming,254.033,0.434000000000026
All_SocIso_GH,EH250416_SocIso_5_2025_04_16T21_49_30_586Z_CH3_Scoring_CR.xlsx,class_all_grooming,255.033,1.23400000000001
All_SocIso_GH,EH250416_SocIso_5_2025_04_16T21_49_30_586Z_CH3_Scoring_CR.xlsx,class_all_grooming,256.6,0.266999999999996
All_SocIso_GH,EH250416_SocIso_5_2025_04_16T21_49_30_586Z_CH3_Scoring_CR.xlsx,class_all_grooming,256.9,1.13300000000004
All_SocIso_GH,EH250416_SocIso_5_2025_04_16T21_49_30_586Z_CH3_Scoring_CR.xlsx,class_all_grooming,258.2,0.5
All_SocIso_GH,EH250416_SocIso_5_2025_04_16T21_49_30_586Z_CH3_Scoring_CR.xlsx,class_all_grooming,258.733,1.86700000000002
All_SocIso_GH,EH250416_SocIso_5_2025_04_16T21_49_30_586Z_CH3_Scoring_CR.xlsx,class_all_grooming,260.767,1.63299999999998
All_SocIso_GH,EH250416_SocIso_5_2025_04_16T21_49_30_586Z_CH3_Scoring_CR.xlsx,class_all_grooming,262.7,2.10000000000002
All_SocIso_GH,EH250416_SocIso_5_2025_04_16T21_49_30_586Z_CH3_Scoring_CR.xlsx,class_all_grooming,264.833,0.533999999999992
All_SocIso_GH,EH250416_SocIso_5_2025_04_16T21_49_30_586Z_CH3_Scoring_CR.xlsx,class_all_grooming,265.567,8.93299999999999
All_SocIso_GH,EH250416_SocIso_5_2025_04_16T21_49_30_586Z_CH3_Scoring_CR.xlsx,class_all_grooming,275.1,6.09999999999997
All_SocIso_GH,EH250416_SocIso_5_2025_04_16T21_49_30_586Z_CH3_Scoring_CR.xlsx,class_all_grooming,281.233,0.800000000000011
All_SocIso_GH,EH250416_SocIso_5_2025_04_16T21_49_30_586Z_CH3_Scoring_CR.xlsx,class_all_grooming,282.433,2.46699999999998
All_SocIso_GH,EH250416_SocIso_5_2025_04_16T21_49_30_586Z_CH3_Scoring_CR.xlsx,class_all_grooming,285.3,1.86699999999996
All_SocIso_GH,EH250416_SocIso_5_2025_04_16T21_49_30_586Z_CH3_Scoring_CR.xlsx,class_all_grooming,287.467,1.80000000000001
All_SocIso_GH,EH250416_SocIso_5_2025_04_16T21_49_30_586Z_CH3_Scoring_CR.xlsx,class_all_grooming,289.533,0.866999999999962
All_SocIso_GH,EH250416_SocIso_5_2025_04_16T21_49_30_586Z_CH3_Scoring_CR.xlsx,class_all_grooming,290.433,1.334
All_SocIso_GH,EH250416_SocIso_5_2025_04_16T21_49_30_586Z_CH3_Scoring_CR.xlsx,class_all_grooming,291.8,0.567000000000007
All_SocIso_GH,EH250416_SocIso_5_2025_04_16T21_49_30_586Z_CH3_Scoring_CR.xlsx,class_all_grooming,292.4,2.13300000000004
All_SocIso_GH,EH250416_SocIso_5_2025_04_16T21_49_30_586Z_CH3_Scoring_CR.xlsx,class_all_grooming,294.567,0.733000000000004
All_SocIso_GH,EH250416_SocIso_5_2025_04_16T21_49_30_586Z_CH3_Scoring_CR.xlsx,class_all_grooming,296.067,3.59999999999997
All_SocIso_GH,EH250416_SocIso_5_2025_04_16T21_49_30_586Z_CH3_Scoring_CR.xlsx,class_all_grooming,299.8,0.199999999999989
All_SocIso_GH,EH250416_SocIso_5_2025_04_16T21_49_30_586Z_CH3_Scoring_CR.xlsx,head,74.267,0.600000000000009
All_SocIso_GH,EH250416_SocIso_5_2025_04_16T21_49_30_586Z_CH3_Scoring_CR.xlsx,head,81.333,0.600000000000009
All_SocIso_GH,EH250416_SocIso_5_2025_04_16T21_49_30_586Z_CH3_Scoring_CR.xlsx,head,83.667,0.332999999999998
All_SocIso_GH,EH250416_SocIso_5_2025_04_16T21_49_30_586Z_CH3_Scoring_CR.xlsx,head,84.433,0.299999999999997
All_SocIso_GH,EH250416_SocIso_5_2025_04_16T21_49_30_586Z_CH3_Scoring_CR.xlsx,head,84.933,0.166999999999987
All_SocIso_GH,EH250416_SocIso_5_2025_04_16T21_49_30_586Z_CH3_Scoring_CR.xlsx,head,85.2,0.733000000000004
All_SocIso_GH,EH250416_SocIso_5_2025_04_16T21_49_30_586Z_CH3_Scoring_CR.xlsx,head,86.733,0.833999999999989
All_SocIso_GH,EH250416_SocIso_5_2025_04_16T21_49_30_586Z_CH3_Scoring_CR.xlsx,head,88.367,0.23299999999999
All_SocIso_GH,EH250416_SocIso_5_2025_04_16T21_49_30_586Z_CH3_Scoring_CR.xlsx,head,88.733,0.634
All_SocIso_GH,EH250416_SocIso_5_2025_04_16T21_49_30_586Z_CH3_Scoring_CR.xlsx,head,89.867,0.566000000000003
All_SocIso_GH,EH250416_SocIso_5_2025_04_16T21_49_30_586Z_CH3_Scoring_CR.xlsx,head,90.667,0.200000000000003
All_SocIso_GH,EH250416_SocIso_5_2025_04_16T21_49_30_586Z_CH3_Scoring_CR.xlsx,head,93.5,0.632999999999996
All_SocIso_GH,EH250416_SocIso_5_2025_04_16T21_49_30_586Z_CH3_Scoring_CR.xlsx,head,99.767,0.600000000000009
All_SocIso_GH,EH250416_SocIso_5_2025_04_16T21_49_30_586Z_CH3_Scoring_CR.xlsx,head,101.933,0.733999999999995
All_SocIso_GH,EH250416_SocIso_5_2025_04_16T21_49_30_586Z_CH3_Scoring_CR.xlsx,rubbing,20.3,1
All_SocIso_GH,EH250416_SocIso_5_2025_04_16T21_49_30_586Z_CH3_Scoring_CR.xlsx,rubbing,21.6,2.8
All_SocIso_GH,EH250416_SocIso_5_2025_04_16T21_49_30_586Z_CH3_Scoring_CR.xlsx,rubbing,27.6,1.233
All_SocIso_GH,EH250416_SocIso_5_2025_04_16T21_49_30_586Z_CH3_Scoring_CR.xlsx,rubbing,46.367,10.366
All_SocIso_GH,EH250416_SocIso_5_2025_04_16T21_49_30_586Z_CH3_Scoring_CR.xlsx,rubbing,57.3,4.2
All_SocIso_GH,EH250416_SocIso_5_2025_04_16T21_49_30_586Z_CH3_Scoring_CR.xlsx,rubbing,61.533,1.367
All_SocIso_GH,EH250416_SocIso_5_2025_04_16T21_49_30_586Z_CH3_Scoring_CR.xlsx,rubbing,65,2.267
All_SocIso_GH,EH250416_SocIso_5_2025_04_16T21_49_30_586Z_CH3_Scoring_CR.xlsx,rubbing,69.767,1.066
All_SocIso_GH,EH250416_SocIso_5_2025_04_16T21_49_30_586Z_CH3_Scoring_CR.xlsx,rubbing,71.467,2.76600000000001
All_SocIso_GH,EH250416_SocIso_5_2025_04_16T21_49_30_586Z_CH3_Scoring_CR.xlsx,rubbing,74.9,0.966999999999999
All_SocIso_GH,EH250416_SocIso_5_2025_04_16T21_49_30_586Z_CH3_Scoring_CR.xlsx,rubbing,75.967,4.96600000000001
All_SocIso_GH,EH250416_SocIso_5_2025_04_16T21_49_30_586Z_CH3_Scoring_CR.xlsx,rubbing,80.967,0.332999999999998
All_SocIso_GH,EH250416_SocIso_5_2025_04_16T21_49_30_586Z_CH3_Scoring_CR.xlsx,rubbing,82.133,1.5
All_SocIso_GH,EH250416_SocIso_5_2025_04_16T21_49_30_586Z_CH3_Scoring_CR.xlsx,rubbing,84.033,0.367000000000004
All_SocIso_GH,EH250416_SocIso_5_2025_04_16T21_49_30_586Z_CH3_Scoring_CR.xlsx,rubbing,86.033,0.667000000000002
All_SocIso_GH,EH250416_SocIso_5_2025_04_16T21_49_30_586Z_CH3_Scoring_CR.xlsx,rubbing,87.6,0.733000000000004
All_SocIso_GH,EH250416_SocIso_5_2025_04_16T21_49_30_586Z_CH3_Scoring_CR.xlsx,rubbing,89.4,0.432999999999993
All_SocIso_GH,EH250416_SocIso_5_2025_04_16T21_49_30_586Z_CH3_Scoring_CR.xlsx,rubbing,92.133,1.334
All_SocIso_GH,EH250416_SocIso_5_2025_04_16T21_49_30_586Z_CH3_Scoring_CR.xlsx,rubbing,94.167,0.599999999999994
All_SocIso_GH,EH250416_SocIso_5_2025_04_16T21_49_30_586Z_CH3_Scoring_CR.xlsx,rubbing,96.033,2.134
All_SocIso_GH,EH250416_SocIso_5_2025_04_16T21_49_30_586Z_CH3_Scoring_CR.xlsx,rubbing,98.3,0.600000000000009
All_SocIso_GH,EH250416_SocIso_5_2025_04_16T21_49_30_586Z_CH3_Scoring_CR.xlsx,rubbing,100.4,0.966999999999999
All_SocIso_GH,EH250416_SocIso_5_2025_04_16T21_49_30_586Z_CH3_Scoring_CR.xlsx,rubbing,102.7,0.932999999999993
All_SocIso_GH,EH250416_SocIso_5_2025_04_16T21_49_30_586Z_CH3_Scoring_CR.xlsx,rubbing,103.833,0.900000000000006
All_SocIso_GH,EH250416_SocIso_5_2025_04_16T21_49_30_586Z_CH3_Scoring_CR.xlsx,rubbing,105.233,2.467
All_SocIso_GH,EH250416_SocIso_5_2025_04_16T21_49_30_586Z_CH3_Scoring_CR.xlsx,rubbing,107.9,2.833
All_SocIso_GH,EH250416_SocIso_5_2025_04_16T21_49_30_586Z_CH3_Scoring_CR.xlsx,rubbing,139.033,1.20000000000002
All_SocIso_GH,EH250416_SocIso_5_2025_04_16T21_49_30_586Z_CH3_Scoring_CR.xlsx,rubbing,140.333,0.567000000000007
All_SocIso_GH,EH250416_SocIso_5_2025_04_16T21_49_30_586Z_CH3_Scoring_CR.xlsx,rubbing,180.433,1.73400000000001
All_SocIso_GH,EH250416_SocIso_5_2025_04_16T21_49_30_586Z_CH3_Scoring_CR.xlsx,rubbing,183.067,0.46599999999998
All_SocIso_GH,EH250416_SocIso_5_2025_04_16T21_49_30_586Z_CH3_Scoring_CR.xlsx,rubbing,183.567,0.699999999999989
All_SocIso_GH,EH250416_SocIso_5_2025_04_16T21_49_30_586Z_CH3_Scoring_CR.xlsx,rubbing,185.2,1.20000000000002
All_SocIso_GH,EH250416_SocIso_5_2025_04_16T21_49_30_586Z_CH3_Scoring_CR.xlsx,rubbing,234.633,6.267
All_SocIso_GH,EH250416_SocIso_5_2025_04_16T21_49_30_586Z_CH3_Scoring_CR.xlsx,rubbing,243.633,5.334
All_SocIso_GH,EH250416_SocIso_5_2025_04_16T21_49_30_586Z_CH3_Scoring_CR.xlsx,rubbing,249.633,1.96699999999998
All_SocIso_GH,EH250416_SocIso_5_2025_04_16T21_49_30_586Z_CH3_Scoring_CR.xlsx,rubbing,252.567,0.765999999999991
All_SocIso_GH,EH250416_SocIso_5_2025_04_16T21_49_30_586Z_CH3_Scoring_CR.xlsx,rubbing,254.033,0.434000000000026
All_SocIso_GH,EH250416_SocIso_5_2025_04_16T21_49_30_586Z_CH3_Scoring_CR.xlsx,rubbing,255.033,1.23400000000001
All_SocIso_GH,EH250416_SocIso_5_2025_04_16T21_49_30_586Z_CH3_Scoring_CR.xlsx,rubbing,256.9,1.13300000000004
All_SocIso_GH,EH250416_SocIso_5_2025_04_16T21_49_30_586Z_CH3_Scoring_CR.xlsx,rubbing,260.767,1.63299999999998
All_SocIso_GH,EH250416_SocIso_5_2025_04_16T21_49_30_586Z_CH3_Scoring_CR.xlsx,rubbing,264.833,0.533999999999992
All_SocIso_GH,EH250416_SocIso_5_2025_04_16T21_49_30_586Z_CH3_Scoring_CR.xlsx,rubbing,281.233,0.800000000000011
All_SocIso_GH,EH250416_SocIso_5_2025_04_16T21_49_30_586Z_CH3_Scoring_CR.xlsx,rubbing,294.567,0.733000000000004
All_SocIso_GH,EH250416_SocIso_5_2025_04_16T21_49_30_586Z_CH3_Scoring_CR.xlsx,rubbing,296.067,3.59999999999997
All_SocIso_GH,EH250416_SocIso_5_2025_04_16T21_49_30_586Z_CH3_Scoring_CR.xlsx,rubbing,299.8,0.199999999999989
All_SocIso_GH,EH250416_SocIso_5_2025_04_16T21_49_30_586Z_CH3_Scoring_CR.xlsx,thorax,291.8,0.567000000000007
All_SocIso_GH,EH250416_SocIso_5_2025_04_16T21_49_30_586Z_CH3_Scoring_CR.xlsx,wing,25.2,2.067
All_SocIso_GH,EH250416_SocIso_5_2025_04_16T21_49_30_586Z_CH3_Scoring_CR.xlsx,wing,29.467,2.333
All_SocIso_GH,EH250416_SocIso_5_2025_04_16T21_49_30_586Z_CH3_Scoring_CR.xlsx,wing,31.933,1.6
All_SocIso_GH,EH250416_SocIso_5_2025_04_16T21_49_30_586Z_CH3_Scoring_CR.xlsx,wing,68.533,1.2
All_SocIso_GH,EH250416_SocIso_5_2025_04_16T21_49_30_586Z_CH3_Scoring_CR.xlsx,wing,252.367,0.165999999999997
All_SocIso_GH,EH250416_SocIso_5_2025_04_16T21_49_30_586Z_CH3_Scoring_CR.xlsx,wing,256.6,0.266999999999996
All_SocIso_GH,EH250416_SocIso_5_2025_04_16T21_49_30_586Z_CH3_Scoring_CR.xlsx,wing,258.733,1.86700000000002
All_SocIso_GH,EH250416_SocIso_5_2025_04_16T21_49_30_586Z_CH3_Scoring_CR.xlsx,wing,262.7,2.10000000000002
All_SocIso_GH,EH250416_SocIso_5_2025_04_16T21_49_30_586Z_CH3_Scoring_CR.xlsx,wing,265.567,8.93299999999999
All_SocIso_GH,EH250416_SocIso_5_2025_04_16T21_49_30_586Z_CH3_Scoring_CR.xlsx,wing,275.1,6.09999999999997
All_SocIso_GH,EH250416_SocIso_5_2025_04_16T21_49_30_586Z_CH3_Scoring_CR.xlsx,wing,282.433,2.46699999999998
All_SocIso_GH,EH250416_SocIso_5_2025_04_16T21_49_30_586Z_CH3_Scoring_CR.xlsx,wing,285.3,1.86699999999996
All_SocIso_GH,EH250416_SocIso_5_2025_04_16T21_49_30_586Z_CH3_Scoring_CR.xlsx,wing,287.467,1.80000000000001
All_SocIso_GH,EH250416_SocIso_5_2025_04_16T21_49_30_586Z_CH3_Scoring_CR.xlsx,wing,290.433,1.334
All_SocIso_GH,EH250416_SocIso_5_2025_04_16T21_49_30_586Z_CH3_Scoring_CR.xlsx,wing,292.4,2.13300000000004
All_SocIso_GH,EH250416_SocIso_5_Scoring_CH4_DL.xlsx,abdominal,42.067,0.299999999999997
All_SocIso_GH,EH250416_SocIso_5_Scoring_CH4_DL.xlsx,abdominal,203.5,0.400000000000006
All_SocIso_GH,EH250416_SocIso_5_Scoring_CH4_DL.xlsx,abdominal,204.6,1.233
All_SocIso_GH,EH250416_SocIso_5_Scoring_CH4_DL.xlsx,abdominal,208.1,1.56700000000001
All_SocIso_GH,EH250416_SocIso_5_Scoring_CH4_DL.xlsx,abdominal,211.233,0.36699999999999
All_SocIso_GH,EH250416_SocIso_5_Scoring_CH4_DL.xlsx,abdominal,215.2,0.967000000000013
All_SocIso_GH,EH250416_SocIso_5_Scoring_CH4_DL.xlsx,abdominal,218.733,0.466999999999985
All_SocIso_GH,EH250416_SocIso_5_Scoring_CH4_DL.xlsx,abdominal,219.733,0.167000000000002
All_SocIso_GH,EH250416_SocIso_5_Scoring_CH4_DL.xlsx,abdominal,221.4,0.266999999999996
All_SocIso_GH,EH250416_SocIso_5_Scoring_CH4_DL.xlsx,abdominal,222.1,0.266999999999996
All_SocIso_GH,EH250416_SocIso_5_Scoring_CH4_DL.xlsx,abdominal,222.6,1.06700000000001
All_SocIso_GH,EH250416_SocIso_5_Scoring_CH4_DL.xlsx,abdominal,225.8,0.36699999999999
All_SocIso_GH,EH250416_SocIso_5_Scoring_CH4_DL.xlsx,abdominal,227.233,2
All_SocIso_GH,EH250416_SocIso_5_Scoring_CH4_DL.xlsx,class_all_grooming,30.7,1.433
All_SocIso_GH,EH250416_SocIso_5_Scoring_CH4_DL.xlsx,class_all_grooming,37.2,1.333
All_SocIso_GH,EH250416_SocIso_5_Scoring_CH4_DL.xlsx,class_all_grooming,38.933,1.234
All_SocIso_GH,EH250416_SocIso_5_Scoring_CH4_DL.xlsx,class_all_grooming,42.067,0.299999999999997
All_SocIso_GH,EH250416_SocIso_5_Scoring_CH4_DL.xlsx,class_all_grooming,42.4,1.267
All_SocIso_GH,EH250416_SocIso_5_Scoring_CH4_DL.xlsx,class_all_grooming,43.733,8.234
All_SocIso_GH,EH250416_SocIso_5_Scoring_CH4_DL.xlsx,class_all_grooming,52.067,3.266
All_SocIso_GH,EH250416_SocIso_5_Scoring_CH4_DL.xlsx,class_all_grooming,71.233,2.36699999999999
All_SocIso_GH,EH250416_SocIso_5_Scoring_CH4_DL.xlsx,class_all_grooming,73.7,0.36699999999999
All_SocIso_GH,EH250416_SocIso_5_Scoring_CH4_DL.xlsx,class_all_grooming,74.7,0.599999999999994
All_SocIso_GH,EH250416_SocIso_5_Scoring_CH4_DL.xlsx,class_all_grooming,76.3,1.667
All_SocIso_GH,EH250416_SocIso_5_Scoring_CH4_DL.xlsx,class_all_grooming,81.4,0.632999999999996
All_SocIso_GH,EH250416_SocIso_5_Scoring_CH4_DL.xlsx,class_all_grooming,82.1,1.76700000000001
All_SocIso_GH,EH250416_SocIso_5_Scoring_CH4_DL.xlsx,class_all_grooming,83.933,1.36699999999999
All_SocIso_GH,EH250416_SocIso_5_Scoring_CH4_DL.xlsx,class_all_grooming,85.333,1.06700000000001
All_SocIso_GH,EH250416_SocIso_5_Scoring_CH4_DL.xlsx,class_all_grooming,88.967,1.133
All_SocIso_GH,EH250416_SocIso_5_Scoring_CH4_DL.xlsx,class_all_grooming,92.733,0.833999999999989
All_SocIso_GH,EH250416_SocIso_5_Scoring_CH4_DL.xlsx,class_all_grooming,93.867,1.43299999999999
All_SocIso_GH,EH250416_SocIso_5_Scoring_CH4_DL.xlsx,class_all_grooming,95.433,0.566999999999993
All_SocIso_GH,EH250416_SocIso_5_Scoring_CH4_DL.xlsx,class_all_grooming,96.433,1.09999999999999
All_SocIso_GH,EH250416_SocIso_5_Scoring_CH4_DL.xlsx,class_all_grooming,99.8,0.266999999999996
All_SocIso_GH,EH250416_SocIso_5_Scoring_CH4_DL.xlsx,class_all_grooming,100.933,0.899999999999991
All_SocIso_GH,EH250416_SocIso_5_Scoring_CH4_DL.xlsx,class_all_grooming,102.067,1.26600000000001
All_SocIso_GH,EH250416_SocIso_5_Scoring_CH4_DL.xlsx,class_all_grooming,103.4,1.23299999999999
All_SocIso_GH,EH250416_SocIso_5_Scoring_CH4_DL.xlsx,class_all_grooming,104.667,1.39999999999999
All_SocIso_GH,EH250416_SocIso_5_Scoring_CH4_DL.xlsx,class_all_grooming,107.433,0.566999999999993
All_SocIso_GH,EH250416_SocIso_5_Scoring_CH4_DL.xlsx,class_all_grooming,108.433,0.633999999999986
All_SocIso_GH,EH250416_SocIso_5_Scoring_CH4_DL.xlsx,class_all_grooming,109.4,0.86699999999999
All_SocIso_GH,EH250416_SocIso_5_Scoring_CH4_DL.xlsx,class_all_grooming,110.767,2.233
All_SocIso_GH,EH250416_SocIso_5_Scoring_CH4_DL.xlsx,class_all_grooming,113.367,0.699999999999989
All_SocIso_GH,EH250416_SocIso_5_Scoring_CH4_DL.xlsx,class_all_grooming,114.533,1.167
All_SocIso_GH,EH250416_SocIso_5_Scoring_CH4_DL.xlsx,class_all_grooming,116.133,1.667
All_SocIso_GH,EH250416_SocIso_5_Scoring_CH4_DL.xlsx,class_all_grooming,118.367,0.832999999999998
All_SocIso_GH,EH250416_SocIso_5_Scoring_CH4_DL.xlsx,class_all_grooming,119.6,1.467
All_SocIso_GH,EH250416_SocIso_5_Scoring_CH4_DL.xlsx,class_all_grooming,122.733,0.634
All_SocIso_GH,EH250416_SocIso_5_Scoring_CH4_DL.xlsx,class_all_grooming,124.3,1.13300000000001
All_SocIso_GH,EH250416_SocIso_5_Scoring_CH4_DL.xlsx,class_all_grooming,125.467,0.900000000000006
All_SocIso_GH,EH250416_SocIso_5_Scoring_CH4_DL.xlsx,class_all_grooming,126.433,0.566999999999993
All_SocIso_GH,EH250416_SocIso_5_Scoring_CH4_DL.xlsx,class_all_grooming,137.233,0.834000000000003
All_SocIso_GH,EH250416_SocIso_5_Scoring_CH4_DL.xlsx,class_all_grooming,138.5,0.766999999999996
All_SocIso_GH,EH250416_SocIso_5_Scoring_CH4_DL.xlsx,class_all_grooming,140.933,0.933999999999997
All_SocIso_GH,EH250416_SocIso_5_Scoring_CH4_DL.xlsx,class_all_grooming,142.067,1.19999999999999
All_SocIso_GH,EH250416_SocIso_5_Scoring_CH4_DL.xlsx,class_all_grooming,143.833,2.40000000000001
All_SocIso_GH,EH250416_SocIso_5_Scoring_CH4_DL.xlsx,class_all_grooming,146.5,0.832999999999998
All_SocIso_GH,EH250416_SocIso_5_Scoring_CH4_DL.xlsx,class_all_grooming,147.367,2.833
All_SocIso_GH,EH250416_SocIso_5_Scoring_CH4_DL.xlsx,class_all_grooming,150.6,2.56700000000001
All_SocIso_GH,EH250416_SocIso_5_Scoring_CH4_DL.xlsx,class_all_grooming,153.2,1.13300000000001
All_SocIso_GH,EH250416_SocIso_5_Scoring_CH4_DL.xlsx,class_all_grooming,154.367,7.60000000000002
All_SocIso_GH,EH250416_SocIso_5_Scoring_CH4_DL.xlsx,class_all_grooming,163.2,1.43300000000002
All_SocIso_GH,EH250416_SocIso_5_Scoring_CH4_DL.xlsx,class_all_grooming,164.667,20.833
All_SocIso_GH,EH250416_SocIso_5_Scoring_CH4_DL.xlsx,class_all_grooming,187.133,3.53399999999999
All_SocIso_GH,EH250416_SocIso_5_Scoring_CH4_DL.xlsx,class_all_grooming,190.8,3.03299999999999
All_SocIso_GH,EH250416_SocIso_5_Scoring_CH4_DL.xlsx,class_all_grooming,196.933,6.30000000000001
All_SocIso_GH,EH250416_SocIso_5_Scoring_CH4_DL.xlsx,class_all_grooming,203.5,0.400000000000006
All_SocIso_GH,EH250416_SocIso_5_Scoring_CH4_DL.xlsx,class_all_grooming,203.933,0.53400000000002
All_SocIso_GH,EH250416_SocIso_5_Scoring_CH4_DL.xlsx,class_all_grooming,204.6,1.233
All_SocIso_GH,EH250416_SocIso_5_Scoring_CH4_DL.xlsx,class_all_grooming,205.867,1.30000000000001
All_SocIso_GH,EH250416_SocIso_5_Scoring_CH4_DL.xlsx,class_all_grooming,208.1,1.56700000000001
All_SocIso_GH,EH250416_SocIso_5_Scoring_CH4_DL.xlsx,class_all_grooming,209.7,1.5
All_SocIso_GH,EH250416_SocIso_5_Scoring_CH4_DL.xlsx,class_all_grooming,211.233,0.36699999999999
All_SocIso_GH,EH250416_SocIso_5_Scoring_CH4_DL.xlsx,class_all_grooming,211.633,1.267
All_SocIso_GH,EH250416_SocIso_5_Scoring_CH4_DL.xlsx,class_all_grooming,213.933,1.09999999999999
All_SocIso_GH,EH250416_SocIso_5_Scoring_CH4_DL.xlsx,class_all_grooming,215.2,0.967000000000013
All_SocIso_GH,EH250416_SocIso_5_Scoring_CH4_DL.xlsx,class_all_grooming,216.2,0.800000000000011
All_SocIso_GH,EH250416_SocIso_5_Scoring_CH4_DL.xlsx,class_all_grooming,218.733,0.466999999999985
All_SocIso_GH,EH250416_SocIso_5_Scoring_CH4_DL.xlsx,class_all_grooming,219.233,0.466999999999985
All_SocIso_GH,EH250416_SocIso_5_Scoring_CH4_DL.xlsx,class_all_grooming,219.733,0.167000000000002
All_SocIso_GH,EH250416_SocIso_5_Scoring_CH4_DL.xlsx,class_all_grooming,219.933,1.434
All_SocIso_GH,EH250416_SocIso_5_Scoring_CH4_DL.xlsx,class_all_grooming,221.4,0.266999999999996
All_SocIso_GH,EH250416_SocIso_5_Scoring_CH4_DL.xlsx,class_all_grooming,221.7,0.367000000000019
All_SocIso_GH,EH250416_SocIso_5_Scoring_CH4_DL.xlsx,class_all_grooming,222.1,0.266999999999996
All_SocIso_GH,EH250416_SocIso_5_Scoring_CH4_DL.xlsx,class_all_grooming,222.4,0.167000000000002
All_SocIso_GH,EH250416_SocIso_5_Scoring_CH4_DL.xlsx,class_all_grooming,222.6,1.06700000000001
All_SocIso_GH,EH250416_SocIso_5_Scoring_CH4_DL.xlsx,class_all_grooming,223.7,1.667
All_SocIso_GH,EH250416_SocIso_5_Scoring_CH4_DL.xlsx,class_all_grooming,225.8,0.36699999999999
All_SocIso_GH,EH250416_SocIso_5_Scoring_CH4_DL.xlsx,class_all_grooming,226.2,0.733000000000004
All_SocIso_GH,EH250416_SocIso_5_Scoring_CH4_DL.xlsx,class_all_grooming,227.233,2
All_SocIso_GH,EH250416_SocIso_5_Scoring_CH4_DL.xlsx,class_all_grooming,232.433,5.167
All_SocIso_GH,EH250416_SocIso_5_Scoring_CH4_DL.xlsx,class_all_grooming,238.6,1.13300000000001
All_SocIso_GH,EH250416_SocIso_5_Scoring_CH4_DL.xlsx,class_all_grooming,250,0.599999999999994
All_SocIso_GH,EH250416_SocIso_5_Scoring_CH4_DL.xlsx,class_all_grooming,254.733,1.13399999999999
All_SocIso_GH,EH250416_SocIso_5_Scoring_CH4_DL.xlsx,class_all_grooming,255.9,1.333
All_SocIso_GH,EH250416_SocIso_5_Scoring_CH4_DL.xlsx,class_all_grooming,260.633,0.567000000000007
All_SocIso_GH,EH250416_SocIso_5_Scoring_CH4_DL.xlsx,class_all_grooming,261.233,1.80000000000001
All_SocIso_GH,EH250416_SocIso_5_Scoring_CH4_DL.xlsx,class_all_grooming,263.167,0.233000000000004
All_SocIso_GH,EH250416_SocIso_5_Scoring_CH4_DL.xlsx,class_all_grooming,263.433,0.766999999999996
All_SocIso_GH,EH250416_SocIso_5_Scoring_CH4_DL.xlsx,class_all_grooming,264.667,0.93300000000005
All_SocIso_GH,EH250416_SocIso_5_Scoring_CH4_DL.xlsx,class_all_grooming,265.633,1.36700000000002
All_SocIso_GH,EH250416_SocIso_5_Scoring_CH4_DL.xlsx,class_all_grooming,267.6,0.166999999999973
All_SocIso_GH,EH250416_SocIso_5_Scoring_CH4_DL.xlsx,class_all_grooming,267.967,0.866000000000042
All_SocIso_GH,EH250416_SocIso_5_Scoring_CH4_DL.xlsx,class_all_grooming,268.867,1.26499999999999
All_SocIso_GH,EH250416_SocIso_5_Scoring_CH4_DL.xlsx,class_all_grooming,270.133,4.86700000000002
All_SocIso_GH,EH250416_SocIso_5_Scoring_CH4_DL.xlsx,class_all_grooming,276.467,1.60000000000002
All_SocIso_GH,EH250416_SocIso_5_Scoring_CH4_DL.xlsx,class_all_grooming,278.367,0.531999999999982
All_SocIso_GH,EH250416_SocIso_5_Scoring_CH4_DL.xlsx,class_all_grooming,278.9,2.10000000000002
All_SocIso_GH,EH250416_SocIso_5_Scoring_CH4_DL.xlsx,class_all_grooming,285.167,2.93300000000005
All_SocIso_GH,EH250416_SocIso_5_Scoring_CH4_DL.xlsx,class_all_grooming,292.4,0.93300000000005
All_SocIso_GH,EH250416_SocIso_5_Scoring_CH4_DL.xlsx,class_all_grooming,294.333,1.09999999999997
All_SocIso_GH,EH250416_SocIso_5_Scoring_CH4_DL.xlsx,class_all_grooming,297.133,1.73400000000004
All_SocIso_GH,EH250416_SocIso_5_Scoring_CH4_DL.xlsx,head,73.7,0.36699999999999
All_SocIso_GH,EH250416_SocIso_5_Scoring_CH4_DL.xlsx,head,81.4,0.632999999999996
All_SocIso_GH,EH250416_SocIso_5_Scoring_CH4_DL.xlsx,head,85.333,1.06700000000001
All_SocIso_GH,EH250416_SocIso_5_Scoring_CH4_DL.xlsx,head,88.967,1.133
All_SocIso_GH,EH250416_SocIso_5_Scoring_CH4_DL.xlsx,head,92.733,0.833999999999989
All_SocIso_GH,EH250416_SocIso_5_Scoring_CH4_DL.xlsx,head,93.867,1.43299999999999
All_SocIso_GH,EH250416_SocIso_5_Scoring_CH4_DL.xlsx,head,95.433,0.566999999999993
All_SocIso_GH,EH250416_SocIso_5_Scoring_CH4_DL.xlsx,head,96.433,1.09999999999999
All_SocIso_GH,EH250416_SocIso_5_Scoring_CH4_DL.xlsx,head,99.8,0.266999999999996
All_SocIso_GH,EH250416_SocIso_5_Scoring_CH4_DL.xlsx,head,100.933,0.899999999999991
All_SocIso_GH,EH250416_SocIso_5_Scoring_CH4_DL.xlsx,head,102.067,1.26600000000001
All_SocIso_GH,EH250416_SocIso_5_Scoring_CH4_DL.xlsx,head,104.667,1.39999999999999
All_SocIso_GH,EH250416_SocIso_5_Scoring_CH4_DL.xlsx,head,107.433,0.566999999999993
All_SocIso_GH,EH250416_SocIso_5_Scoring_CH4_DL.xlsx,head,108.433,0.633999999999986
All_SocIso_GH,EH250416_SocIso_5_Scoring_CH4_DL.xlsx,head,109.4,0.86699999999999
All_SocIso_GH,EH250416_SocIso_5_Scoring_CH4_DL.xlsx,head,110.767,2.233
All_SocIso_GH,EH250416_SocIso_5_Scoring_CH4_DL.xlsx,head,113.367,0.699999999999989
All_SocIso_GH,EH250416_SocIso_5_Scoring_CH4_DL.xlsx,head,114.533,1.167
All_SocIso_GH,EH250416_SocIso_5_Scoring_CH4_DL.xlsx,head,116.133,1.667
All_SocIso_GH,EH250416_SocIso_5_Scoring_CH4_DL.xlsx,head,118.367,0.832999999999998
All_SocIso_GH,EH250416_SocIso_5_Scoring_CH4_DL.xlsx,head,119.6,1.467
All_SocIso_GH,EH250416_SocIso_5_Scoring_CH4_DL.xlsx,head,122.733,0.634
All_SocIso_GH,EH250416_SocIso_5_Scoring_CH4_DL.xlsx,head,124.3,1.13300000000001
All_SocIso_GH,EH250416_SocIso_5_Scoring_CH4_DL.xlsx,head,126.433,0.566999999999993
All_SocIso_GH,EH250416_SocIso_5_Scoring_CH4_DL.xlsx,head,138.5,0.766999999999996
All_SocIso_GH,EH250416_SocIso_5_Scoring_CH4_DL.xlsx,head,153.2,1.13300000000001
All_SocIso_GH,EH250416_SocIso_5_Scoring_CH4_DL.xlsx,head,250,0.599999999999994
All_SocIso_GH,EH250416_SocIso_5_Scoring_CH4_DL.xlsx,head,254.733,1.13399999999999
All_SocIso_GH,EH250416_SocIso_5_Scoring_CH4_DL.xlsx,head,260.633,0.567000000000007
All_SocIso_GH,EH250416_SocIso_5_Scoring_CH4_DL.xlsx,head,263.167,0.233000000000004
All_SocIso_GH,EH250416_SocIso_5_Scoring_CH4_DL.xlsx,head,264.667,0.93300000000005
All_SocIso_GH,EH250416_SocIso_5_Scoring_CH4_DL.xlsx,head,267.6,0.166999999999973
All_SocIso_GH,EH250416_SocIso_5_Scoring_CH4_DL.xlsx,head,267.967,0.866000000000042
All_SocIso_GH,EH250416_SocIso_5_Scoring_CH4_DL.xlsx,head,270.133,4.86700000000002
All_SocIso_GH,EH250416_SocIso_5_Scoring_CH4_DL.xlsx,head,276.467,1.60000000000002
All_SocIso_GH,EH250416_SocIso_5_Scoring_CH4_DL.xlsx,head,278.367,0.531999999999982
All_SocIso_GH,EH250416_SocIso_5_Scoring_CH4_DL.xlsx,head,285.167,2.93300000000005
All_SocIso_GH,EH250416_SocIso_5_Scoring_CH4_DL.xlsx,head,292.4,0.93300000000005
All_SocIso_GH,EH250416_SocIso_5_Scoring_CH4_DL.xlsx,head,294.333,1.09999999999997
All_SocIso_GH,EH250416_SocIso_5_Scoring_CH4_DL.xlsx,head,297.133,1.73400000000004
All_SocIso_GH,EH250416_SocIso_5_Scoring_CH4_DL.xlsx,rubbing,30.7,1.433
All_SocIso_GH,EH250416_SocIso_5_Scoring_CH4_DL.xlsx,rubbing,37.2,1.333
All_SocIso_GH,EH250416_SocIso_5_Scoring_CH4_DL.xlsx,rubbing,38.933,1.234
All_SocIso_GH,EH250416_SocIso_5_Scoring_CH4_DL.xlsx,rubbing,42.4,1.267
All_SocIso_GH,EH250416_SocIso_5_Scoring_CH4_DL.xlsx,rubbing,43.733,8.234
All_SocIso_GH,EH250416_SocIso_5_Scoring_CH4_DL.xlsx,rubbing,52.067,3.266
All_SocIso_GH,EH250416_SocIso_5_Scoring_CH4_DL.xlsx,rubbing,71.233,2.36699999999999
All_SocIso_GH,EH250416_SocIso_5_Scoring_CH4_DL.xlsx,rubbing,74.7,0.599999999999994
All_SocIso_GH,EH250416_SocIso_5_Scoring_CH4_DL.xlsx,rubbing,76.3,1.667
All_SocIso_GH,EH250416_SocIso_5_Scoring_CH4_DL.xlsx,rubbing,82.1,1.76700000000001
All_SocIso_GH,EH250416_SocIso_5_Scoring_CH4_DL.xlsx,rubbing,83.933,1.36699999999999
All_SocIso_GH,EH250416_SocIso_5_Scoring_CH4_DL.xlsx,rubbing,103.4,1.23299999999999
All_SocIso_GH,EH250416_SocIso_5_Scoring_CH4_DL.xlsx,rubbing,125.467,0.900000000000006
All_SocIso_GH,EH250416_SocIso_5_Scoring_CH4_DL.xlsx,rubbing,137.233,0.834000000000003
All_SocIso_GH,EH250416_SocIso_5_Scoring_CH4_DL.xlsx,rubbing,140.933,0.933999999999997
All_SocIso_GH,EH250416_SocIso_5_Scoring_CH4_DL.xlsx,rubbing,142.067,1.19999999999999
All_SocIso_GH,EH250416_SocIso_5_Scoring_CH4_DL.xlsx,rubbing,143.833,2.40000000000001
All_SocIso_GH,EH250416_SocIso_5_Scoring_CH4_DL.xlsx,rubbing,146.5,0.832999999999998
All_SocIso_GH,EH250416_SocIso_5_Scoring_CH4_DL.xlsx,rubbing,147.367,2.833
All_SocIso_GH,EH250416_SocIso_5_Scoring_CH4_DL.xlsx,rubbing,150.6,2.56700000000001
All_SocIso_GH,EH250416_SocIso_5_Scoring_CH4_DL.xlsx,rubbing,154.367,7.60000000000002
All_SocIso_GH,EH250416_SocIso_5_Scoring_CH4_DL.xlsx,rubbing,163.2,1.43300000000002
All_SocIso_GH,EH250416_SocIso_5_Scoring_CH4_DL.xlsx,rubbing,164.667,20.833
All_SocIso_GH,EH250416_SocIso_5_Scoring_CH4_DL.xlsx,rubbing,187.133,3.53399999999999
All_SocIso_GH,EH250416_SocIso_5_Scoring_CH4_DL.xlsx,rubbing,190.8,3.03299999999999
All_SocIso_GH,EH250416_SocIso_5_Scoring_CH4_DL.xlsx,rubbing,196.933,6.30000000000001
All_SocIso_GH,EH250416_SocIso_5_Scoring_CH4_DL.xlsx,rubbing,203.933,0.53400000000002
All_SocIso_GH,EH250416_SocIso_5_Scoring_CH4_DL.xlsx,rubbing,205.867,1.30000000000001
All_SocIso_GH,EH250416_SocIso_5_Scoring_CH4_DL.xlsx,rubbing,209.7,1.5
All_SocIso_GH,EH250416_SocIso_5_Scoring_CH4_DL.xlsx,rubbing,211.633,1.267
All_SocIso_GH,EH250416_SocIso_5_Scoring_CH4_DL.xlsx,rubbing,213.933,1.09999999999999
All_SocIso_GH,EH250416_SocIso_5_Scoring_CH4_DL.xlsx,rubbing,216.2,0.800000000000011
All_SocIso_GH,EH250416_SocIso_5_Scoring_CH4_DL.xlsx,rubbing,219.233,0.466999999999985
All_SocIso_GH,EH250416_SocIso_5_Scoring_CH4_DL.xlsx,rubbing,219.933,1.434
All_SocIso_GH,EH250416_SocIso_5_Scoring_CH4_DL.xlsx,rubbing,221.7,0.367000000000019
All_SocIso_GH,EH250416_SocIso_5_Scoring_CH4_DL.xlsx,rubbing,222.4,0.167000000000002
All_SocIso_GH,EH250416_SocIso_5_Scoring_CH4_DL.xlsx,rubbing,223.7,1.667
All_SocIso_GH,EH250416_SocIso_5_Scoring_CH4_DL.xlsx,rubbing,226.2,0.733000000000004
All_SocIso_GH,EH250416_SocIso_5_Scoring_CH4_DL.xlsx,rubbing,238.6,1.13300000000001
All_SocIso_GH,EH250416_SocIso_5_Scoring_CH4_DL.xlsx,rubbing,255.9,1.333
All_SocIso_GH,EH250416_SocIso_5_Scoring_CH4_DL.xlsx,rubbing,261.233,1.80000000000001
All_SocIso_GH,EH250416_SocIso_5_Scoring_CH4_DL.xlsx,rubbing,263.433,0.766999999999996
All_SocIso_GH,EH250416_SocIso_5_Scoring_CH4_DL.xlsx,rubbing,265.633,1.36700000000002
All_SocIso_GH,EH250416_SocIso_5_Scoring_CH4_DL.xlsx,rubbing,268.867,1.26499999999999
All_SocIso_GH,EH250416_SocIso_5_Scoring_CH4_DL.xlsx,rubbing,278.9,2.10000000000002
All_SocIso_GH,EH250416_SocIso_5_Scoring_CH4_DL.xlsx,wing,232.433,5.167
All_SocIso_GH,EH250624_SocIso_1_2025_06_24T21_08_27_935Z_CH4_ GroupHoused.xlsx,abdominal,99.667,0.766000000000005
All_SocIso_GH,EH250624_SocIso_1_2025_06_24T21_08_27_935Z_CH4_ GroupHoused.xlsx,abdominal,185.967,0.399999999999977
All_SocIso_GH,EH250624_SocIso_1_2025_06_24T21_08_27_935Z_CH4_ GroupHoused.xlsx,abdominal,191.9,0.233000000000004
All_SocIso_GH,EH250624_SocIso_1_2025_06_24T21_08_27_935Z_CH4_ GroupHoused.xlsx,abdominal,258.733,1.66699999999997
All_SocIso_GH,EH250624_SocIso_1_2025_06_24T21_08_27_935Z_CH4_ GroupHoused.xlsx,class_all_grooming,2.967,1.7
All_SocIso_GH,EH250624_SocIso_1_2025_06_24T21_08_27_935Z_CH4_ GroupHoused.xlsx,class_all_grooming,24.967,0.966000000000001
All_SocIso_GH,EH250624_SocIso_1_2025_06_24T21_08_27_935Z_CH4_ GroupHoused.xlsx,class_all_grooming,26.467,2.266
All_SocIso_GH,EH250624_SocIso_1_2025_06_24T21_08_27_935Z_CH4_ GroupHoused.xlsx,class_all_grooming,29,1.967
All_SocIso_GH,EH250624_SocIso_1_2025_06_24T21_08_27_935Z_CH4_ GroupHoused.xlsx,class_all_grooming,31,0.567
All_SocIso_GH,EH250624_SocIso_1_2025_06_24T21_08_27_935Z_CH4_ GroupHoused.xlsx,class_all_grooming,32.667,1.233
All_SocIso_GH,EH250624_SocIso_1_2025_06_24T21_08_27_935Z_CH4_ GroupHoused.xlsx,class_all_grooming,33.933,0.667000000000002
All_SocIso_GH,EH250624_SocIso_1_2025_06_24T21_08_27_935Z_CH4_ GroupHoused.xlsx,class_all_grooming,63.833,0.534000000000006
All_SocIso_GH,EH250624_SocIso_1_2025_06_24T21_08_27_935Z_CH4_ GroupHoused.xlsx,class_all_grooming,64.867,1.533
All_SocIso_GH,EH250624_SocIso_1_2025_06_24T21_08_27_935Z_CH4_ GroupHoused.xlsx,class_all_grooming,71.933,0.799999999999997
All_SocIso_GH,EH250624_SocIso_1_2025_06_24T21_08_27_935Z_CH4_ GroupHoused.xlsx,class_all_grooming,73.367,0.965999999999994
All_SocIso_GH,EH250624_SocIso_1_2025_06_24T21_08_27_935Z_CH4_ GroupHoused.xlsx,class_all_grooming,90.233,1.33399999999999
All_SocIso_GH,EH250624_SocIso_1_2025_06_24T21_08_27_935Z_CH4_ GroupHoused.xlsx,class_all_grooming,97.867,1.366
All_SocIso_GH,EH250624_SocIso_1_2025_06_24T21_08_27_935Z_CH4_ GroupHoused.xlsx,class_all_grooming,99.667,0.766000000000005
All_SocIso_GH,EH250624_SocIso_1_2025_06_24T21_08_27_935Z_CH4_ GroupHoused.xlsx,class_all_grooming,100.467,0.832999999999998
All_SocIso_GH,EH250624_SocIso_1_2025_06_24T21_08_27_935Z_CH4_ GroupHoused.xlsx,class_all_grooming,104.4,1.5
All_SocIso_GH,EH250624_SocIso_1_2025_06_24T21_08_27_935Z_CH4_ GroupHoused.xlsx,class_all_grooming,122.533,2.767
All_SocIso_GH,EH250624_SocIso_1_2025_06_24T21_08_27_935Z_CH4_ GroupHoused.xlsx,class_all_grooming,142,1.767
All_SocIso_GH,EH250624_SocIso_1_2025_06_24T21_08_27_935Z_CH4_ GroupHoused.xlsx,class_all_grooming,154.833,2.40000000000001
All_SocIso_GH,EH250624_SocIso_1_2025_06_24T21_08_27_935Z_CH4_ GroupHoused.xlsx,class_all_grooming,157.267,0.765999999999991
All_SocIso_GH,EH250624_SocIso_1_2025_06_24T21_08_27_935Z_CH4_ GroupHoused.xlsx,class_all_grooming,158.167,0.532999999999987
All_SocIso_GH,EH250624_SocIso_1_2025_06_24T21_08_27_935Z_CH4_ GroupHoused.xlsx,class_all_grooming,158.733,0.667000000000002
All_SocIso_GH,EH250624_SocIso_1_2025_06_24T21_08_27_935Z_CH4_ GroupHoused.xlsx,class_all_grooming,159.433,0.334000000000003
All_SocIso_GH,EH250624_SocIso_1_2025_06_24T21_08_27_935Z_CH4_ GroupHoused.xlsx,class_all_grooming,159.8,0.86699999999999
All_SocIso_GH,EH250624_SocIso_1_2025_06_24T21_08_27_935Z_CH4_ GroupHoused.xlsx,class_all_grooming,161.3,1.09999999999999
All_SocIso_GH,EH250624_SocIso_1_2025_06_24T21_08_27_935Z_CH4_ GroupHoused.xlsx,class_all_grooming,162.433,0.734000000000009
All_SocIso_GH,EH250624_SocIso_1_2025_06_24T21_08_27_935Z_CH4_ GroupHoused.xlsx,class_all_grooming,163.2,0.5
All_SocIso_GH,EH250624_SocIso_1_2025_06_24T21_08_27_935Z_CH4_ GroupHoused.xlsx,class_all_grooming,163.733,0.799999999999983
All_SocIso_GH,EH250624_SocIso_1_2025_06_24T21_08_27_935Z_CH4_ GroupHoused.xlsx,class_all_grooming,164.567,0.365999999999985
All_SocIso_GH,EH250624_SocIso_1_2025_06_24T21_08_27_935Z_CH4_ GroupHoused.xlsx,class_all_grooming,173.8,2.39999999999998
All_SocIso_GH,EH250624_SocIso_1_2025_06_24T21_08_27_935Z_CH4_ GroupHoused.xlsx,class_all_grooming,183.6,1.767
All_SocIso_GH,EH250624_SocIso_1_2025_06_24T21_08_27_935Z_CH4_ GroupHoused.xlsx,class_all_grooming,185.967,0.399999999999977
All_SocIso_GH,EH250624_SocIso_1_2025_06_24T21_08_27_935Z_CH4_ GroupHoused.xlsx,class_all_grooming,186.4,1.03299999999999
All_SocIso_GH,EH250624_SocIso_1_2025_06_24T21_08_27_935Z_CH4_ GroupHoused.xlsx,class_all_grooming,187.467,4.19999999999999
All_SocIso_GH,EH250624_SocIso_1_2025_06_24T21_08_27_935Z_CH4_ GroupHoused.xlsx,class_all_grooming,191.9,0.233000000000004
All_SocIso_GH,EH250624_SocIso_1_2025_06_24T21_08_27_935Z_CH4_ GroupHoused.xlsx,class_all_grooming,192.167,1.13300000000001
All_SocIso_GH,EH250624_SocIso_1_2025_06_24T21_08_27_935Z_CH4_ GroupHoused.xlsx,class_all_grooming,193.433,2.46700000000001
All_SocIso_GH,EH250624_SocIso_1_2025_06_24T21_08_27_935Z_CH4_ GroupHoused.xlsx,class_all_grooming,195.933,1.334
All_SocIso_GH,EH250624_SocIso_1_2025_06_24T21_08_27_935Z_CH4_ GroupHoused.xlsx,class_all_grooming,197.7,3.733
All_SocIso_GH,EH250624_SocIso_1_2025_06_24T21_08_27_935Z_CH4_ GroupHoused.xlsx,class_all_grooming,228.133,1.267
All_SocIso_GH,EH250624_SocIso_1_2025_06_24T21_08_27_935Z_CH4_ GroupHoused.xlsx,class_all_grooming,242.533,1.03400000000002
All_SocIso_GH,EH250624_SocIso_1_2025_06_24T21_08_27_935Z_CH4_ GroupHoused.xlsx,class_all_grooming,253.833,1.434
All_SocIso_GH,EH250624_SocIso_1_2025_06_24T21_08_27_935Z_CH4_ GroupHoused.xlsx,class_all_grooming,255.3,0.932999999999993
All_SocIso_GH,EH250624_SocIso_1_2025_06_24T21_08_27_935Z_CH4_ GroupHoused.xlsx,class_all_grooming,256.667,1.43300000000005
All_SocIso_GH,EH250624_SocIso_1_2025_06_24T21_08_27_935Z_CH4_ GroupHoused.xlsx,class_all_grooming,258.733,1.66699999999997
All_SocIso_GH,EH250624_SocIso_1_2025_06_24T21_08_27_935Z_CH4_ GroupHoused.xlsx,class_all_grooming,260.433,1.73399999999998
All_SocIso_GH,EH250624_SocIso_1_2025_06_24T21_08_27_935Z_CH4_ GroupHoused.xlsx,class_all_grooming,296.033,1.16699999999997
All_SocIso_GH,EH250624_SocIso_1_2025_06_24T21_08_27_935Z_CH4_ GroupHoused.xlsx,head,157.267,0.765999999999991
All_SocIso_GH,EH250624_SocIso_1_2025_06_24T21_08_27_935Z_CH4_ GroupHoused.xlsx,head,158.733,0.667000000000002
All_SocIso_GH,EH250624_SocIso_1_2025_06_24T21_08_27_935Z_CH4_ GroupHoused.xlsx,head,159.8,0.86699999999999
All_SocIso_GH,EH250624_SocIso_1_2025_06_24T21_08_27_935Z_CH4_ GroupHoused.xlsx,head,161.3,1.09999999999999
All_SocIso_GH,EH250624_SocIso_1_2025_06_24T21_08_27_935Z_CH4_ GroupHoused.xlsx,head,163.2,0.5
All_SocIso_GH,EH250624_SocIso_1_2025_06_24T21_08_27_935Z_CH4_ GroupHoused.xlsx,head,164.567,0.365999999999985
All_SocIso_GH,EH250624_SocIso_1_2025_06_24T21_08_27_935Z_CH4_ GroupHoused.xlsx,rubbing,2.967,1.7
All_SocIso_GH,EH250624_SocIso_1_2025_06_24T21_08_27_935Z_CH4_ GroupHoused.xlsx,rubbing,24.967,0.966000000000001
All_SocIso_GH,EH250624_SocIso_1_2025_06_24T21_08_27_935Z_CH4_ GroupHoused.xlsx,rubbing,26.467,2.266
All_SocIso_GH,EH250624_SocIso_1_2025_06_24T21_08_27_935Z_CH4_ GroupHoused.xlsx,rubbing,29,1.967
All_SocIso_GH,EH250624_SocIso_1_2025_06_24T21_08_27_935Z_CH4_ GroupHoused.xlsx,rubbing,31,0.567
All_SocIso_GH,EH250624_SocIso_1_2025_06_24T21_08_27_935Z_CH4_ GroupHoused.xlsx,rubbing,32.667,1.233
All_SocIso_GH,EH250624_SocIso_1_2025_06_24T21_08_27_935Z_CH4_ GroupHoused.xlsx,rubbing,33.933,0.667000000000002
All_SocIso_GH,EH250624_SocIso_1_2025_06_24T21_08_27_935Z_CH4_ GroupHoused.xlsx,rubbing,63.833,0.534000000000006
All_SocIso_GH,EH250624_SocIso_1_2025_06_24T21_08_27_935Z_CH4_ GroupHoused.xlsx,rubbing,64.867,1.533
All_SocIso_GH,EH250624_SocIso_1_2025_06_24T21_08_27_935Z_CH4_ GroupHoused.xlsx,rubbing,71.933,0.799999999999997
All_SocIso_GH,EH250624_SocIso_1_2025_06_24T21_08_27_935Z_CH4_ GroupHoused.xlsx,rubbing,73.367,0.965999999999994
All_SocIso_GH,EH250624_SocIso_1_2025_06_24T21_08_27_935Z_CH4_ GroupHoused.xlsx,rubbing,90.233,1.33399999999999
All_SocIso_GH,EH250624_SocIso_1_2025_06_24T21_08_27_935Z_CH4_ GroupHoused.xlsx,rubbing,97.867,1.366
All_SocIso_GH,EH250624_SocIso_1_2025_06_24T21_08_27_935Z_CH4_ GroupHoused.xlsx,rubbing,100.467,0.832999999999998
All_SocIso_GH,EH250624_SocIso_1_2025_06_24T21_08_27_935Z_CH4_ GroupHoused.xlsx,rubbing,104.4,1.5
All_SocIso_GH,EH250624_SocIso_1_2025_06_24T21_08_27_935Z_CH4_ GroupHoused.xlsx,rubbing,122.533,2.767
All_SocIso_GH,EH250624_SocIso_1_2025_06_24T21_08_27_935Z_CH4_ GroupHoused.xlsx,rubbing,142,1.767
All_SocIso_GH,EH250624_SocIso_1_2025_06_24T21_08_27_935Z_CH4_ GroupHoused.xlsx,rubbing,154.833,2.40000000000001
All_SocIso_GH,EH250624_SocIso_1_2025_06_24T21_08_27_935Z_CH4_ GroupHoused.xlsx,rubbing,158.167,0.532999999999987
All_SocIso_GH,EH250624_SocIso_1_2025_06_24T21_08_27_935Z_CH4_ GroupHoused.xlsx,rubbing,159.433,0.334000000000003
All_SocIso_GH,EH250624_SocIso_1_2025_06_24T21_08_27_935Z_CH4_ GroupHoused.xlsx,rubbing,162.433,0.734000000000009
All_SocIso_GH,EH250624_SocIso_1_2025_06_24T21_08_27_935Z_CH4_ GroupHoused.xlsx,rubbing,163.733,0.799999999999983
All_SocIso_GH,EH250624_SocIso_1_2025_06_24T21_08_27_935Z_CH4_ GroupHoused.xlsx,rubbing,173.8,2.39999999999998
All_SocIso_GH,EH250624_SocIso_1_2025_06_24T21_08_27_935Z_CH4_ GroupHoused.xlsx,rubbing,183.6,1.767
All_SocIso_GH,EH250624_SocIso_1_2025_06_24T21_08_27_935Z_CH4_ GroupHoused.xlsx,rubbing,197.7,3.733
All_SocIso_GH,EH250624_SocIso_1_2025_06_24T21_08_27_935Z_CH4_ GroupHoused.xlsx,rubbing,228.133,1.267
All_SocIso_GH,EH250624_SocIso_1_2025_06_24T21_08_27_935Z_CH4_ GroupHoused.xlsx,rubbing,242.533,1.03400000000002
All_SocIso_GH,EH250624_SocIso_1_2025_06_24T21_08_27_935Z_CH4_ GroupHoused.xlsx,rubbing,253.833,1.434
All_SocIso_GH,EH250624_SocIso_1_2025_06_24T21_08_27_935Z_CH4_ GroupHoused.xlsx,rubbing,255.3,0.932999999999993
All_SocIso_GH,EH250624_SocIso_1_2025_06_24T21_08_27_935Z_CH4_ GroupHoused.xlsx,rubbing,256.667,1.43300000000005
All_SocIso_GH,EH250624_SocIso_1_2025_06_24T21_08_27_935Z_CH4_ GroupHoused.xlsx,rubbing,260.433,1.73399999999998
All_SocIso_GH,EH250624_SocIso_1_2025_06_24T21_08_27_935Z_CH4_ GroupHoused.xlsx,rubbing,296.033,1.16699999999997
All_SocIso_GH,EH250624_SocIso_1_2025_06_24T21_08_27_935Z_CH4_ GroupHoused.xlsx,thorax,186.4,1.03299999999999
All_SocIso_GH,EH250624_SocIso_1_2025_06_24T21_08_27_935Z_CH4_ GroupHoused.xlsx,thorax,193.433,2.46700000000001
All_SocIso_GH,EH250624_SocIso_1_2025_06_24T21_08_27_935Z_CH4_ GroupHoused.xlsx,wing,187.467,4.19999999999999
All_SocIso_GH,EH250624_SocIso_1_2025_06_24T21_08_27_935Z_CH4_ GroupHoused.xlsx,wing,192.167,1.13300000000001
All_SocIso_GH,EH250624_SocIso_1_2025_06_24T21_08_27_935Z_CH4_ GroupHoused.xlsx,wing,195.933,1.334
All_SocIso_GH,EH250624_SocIso_1_Ch3_MRC.xlsx,abdominal,41.533,0.866999999999997
All_SocIso_GH,EH250624_SocIso_1_Ch3_MRC.xlsx,abdominal,114.467,0.332999999999998
All_SocIso_GH,EH250624_SocIso_1_Ch3_MRC.xlsx,abdominal,118.767,0.233000000000004
All_SocIso_GH,EH250624_SocIso_1_Ch3_MRC.xlsx,abdominal,147.6,0.533000000000015
All_SocIso_GH,EH250624_SocIso_1_Ch3_MRC.xlsx,abdominal,290.933,0.966999999999985
All_SocIso_GH,EH250624_SocIso_1_Ch3_MRC.xlsx,class_all_grooming,2.5,2.133
All_SocIso_GH,EH250624_SocIso_1_Ch3_MRC.xlsx,class_all_grooming,25.367,1.6
All_SocIso_GH,EH250624_SocIso_1_Ch3_MRC.xlsx,class_all_grooming,27,0.233000000000001
All_SocIso_GH,EH250624_SocIso_1_Ch3_MRC.xlsx,class_all_grooming,27.267,1.6
All_SocIso_GH,EH250624_SocIso_1_Ch3_MRC.xlsx,class_all_grooming,28.9,0.600000000000001
All_SocIso_GH,EH250624_SocIso_1_Ch3_MRC.xlsx,class_all_grooming,29.533,0.834
All_SocIso_GH,EH250624_SocIso_1_Ch3_MRC.xlsx,class_all_grooming,30.4,0.700000000000003
All_SocIso_GH,EH250624_SocIso_1_Ch3_MRC.xlsx,class_all_grooming,31.133,0.867000000000001
All_SocIso_GH,EH250624_SocIso_1_Ch3_MRC.xlsx,class_all_grooming,32.033,1.4
All_SocIso_GH,EH250624_SocIso_1_Ch3_MRC.xlsx,class_all_grooming,33.467,1
All_SocIso_GH,EH250624_SocIso_1_Ch3_MRC.xlsx,class_all_grooming,34.5,1.233
All_SocIso_GH,EH250624_SocIso_1_Ch3_MRC.xlsx,class_all_grooming,35.767,0.832999999999998
All_SocIso_GH,EH250624_SocIso_1_Ch3_MRC.xlsx,class_all_grooming,36.633,1
All_SocIso_GH,EH250624_SocIso_1_Ch3_MRC.xlsx,class_all_grooming,39.4,1.867
All_SocIso_GH,EH250624_SocIso_1_Ch3_MRC.xlsx,class_all_grooming,41.533,0.866999999999997
All_SocIso_GH,EH250624_SocIso_1_Ch3_MRC.xlsx,class_all_grooming,75.567,1.76600000000001
All_SocIso_GH,EH250624_SocIso_1_Ch3_MRC.xlsx,class_all_grooming,107.967,1.133
All_SocIso_GH,EH250624_SocIso_1_Ch3_MRC.xlsx,class_all_grooming,111.733,2.7
All_SocIso_GH,EH250624_SocIso_1_Ch3_MRC.xlsx,class_all_grooming,114.467,0.332999999999998
All_SocIso_GH,EH250624_SocIso_1_Ch3_MRC.xlsx,class_all_grooming,114.833,3.2
All_SocIso_GH,EH250624_SocIso_1_Ch3_MRC.xlsx,class_all_grooming,118.767,0.233000000000004
All_SocIso_GH,EH250624_SocIso_1_Ch3_MRC.xlsx,class_all_grooming,119.333,0.600000000000009
All_SocIso_GH,EH250624_SocIso_1_Ch3_MRC.xlsx,class_all_grooming,140.433,1.30000000000001
All_SocIso_GH,EH250624_SocIso_1_Ch3_MRC.xlsx,class_all_grooming,142.167,0.365999999999985
All_SocIso_GH,EH250624_SocIso_1_Ch3_MRC.xlsx,class_all_grooming,142.567,1.40000000000001
All_SocIso_GH,EH250624_SocIso_1_Ch3_MRC.xlsx,class_all_grooming,144,0.36699999999999
All_SocIso_GH,EH250624_SocIso_1_Ch3_MRC.xlsx,class_all_grooming,147.6,0.533000000000015
All_SocIso_GH,EH250624_SocIso_1_Ch3_MRC.xlsx,class_all_grooming,148.167,1.80000000000001
All_SocIso_GH,EH250624_SocIso_1_Ch3_MRC.xlsx,class_all_grooming,180.867,1.36600000000001
All_SocIso_GH,EH250624_SocIso_1_Ch3_MRC.xlsx,class_all_grooming,182.267,0.432999999999993
All_SocIso_GH,EH250624_SocIso_1_Ch3_MRC.xlsx,class_all_grooming,224.067,1.19999999999999
All_SocIso_GH,EH250624_SocIso_1_Ch3_MRC.xlsx,class_all_grooming,226.033,1.13400000000001
All_SocIso_GH,EH250624_SocIso_1_Ch3_MRC.xlsx,class_all_grooming,251.933,1.56700000000001
All_SocIso_GH,EH250624_SocIso_1_Ch3_MRC.xlsx,class_all_grooming,260.2,1.56700000000001
All_SocIso_GH,EH250624_SocIso_1_Ch3_MRC.xlsx,class_all_grooming,285.8,1.19999999999999
All_SocIso_GH,EH250624_SocIso_1_Ch3_MRC.xlsx,class_all_grooming,287.8,2.5
All_SocIso_GH,EH250624_SocIso_1_Ch3_MRC.xlsx,class_all_grooming,290.933,0.966999999999985
All_SocIso_GH,EH250624_SocIso_1_Ch3_MRC.xlsx,class_all_grooming,291.933,3.30000000000001
All_SocIso_GH,EH250624_SocIso_1_Ch3_MRC.xlsx,head,27,0.233000000000001
All_SocIso_GH,EH250624_SocIso_1_Ch3_MRC.xlsx,head,28.9,0.600000000000001
All_SocIso_GH,EH250624_SocIso_1_Ch3_MRC.xlsx,head,30.4,0.700000000000003
All_SocIso_GH,EH250624_SocIso_1_Ch3_MRC.xlsx,head,32.033,1.4
All_SocIso_GH,EH250624_SocIso_1_Ch3_MRC.xlsx,head,34.5,1.233
All_SocIso_GH,EH250624_SocIso_1_Ch3_MRC.xlsx,head,36.633,1
All_SocIso_GH,EH250624_SocIso_1_Ch3_MRC.xlsx,head,182.267,0.432999999999993
All_SocIso_GH,EH250624_SocIso_1_Ch3_MRC.xlsx,rubbing,2.5,2.133
All_SocIso_GH,EH250624_SocIso_1_Ch3_MRC.xlsx,rubbing,25.367,1.6
All_SocIso_GH,EH250624_SocIso_1_Ch3_MRC.xlsx,rubbing,27.267,1.6
All_SocIso_GH,EH250624_SocIso_1_Ch3_MRC.xlsx,rubbing,29.533,0.834
All_SocIso_GH,EH250624_SocIso_1_Ch3_MRC.xlsx,rubbing,31.133,0.867000000000001
All_SocIso_GH,EH250624_SocIso_1_Ch3_MRC.xlsx,rubbing,33.467,1
All_SocIso_GH,EH250624_SocIso_1_Ch3_MRC.xlsx,rubbing,35.767,0.832999999999998
All_SocIso_GH,EH250624_SocIso_1_Ch3_MRC.xlsx,rubbing,39.4,1.867
All_SocIso_GH,EH250624_SocIso_1_Ch3_MRC.xlsx,rubbing,75.567,1.76600000000001
All_SocIso_GH,EH250624_SocIso_1_Ch3_MRC.xlsx,rubbing,107.967,1.133
All_SocIso_GH,EH250624_SocIso_1_Ch3_MRC.xlsx,rubbing,111.733,2.7
All_SocIso_GH,EH250624_SocIso_1_Ch3_MRC.xlsx,rubbing,114.833,3.2
All_SocIso_GH,EH250624_SocIso_1_Ch3_MRC.xlsx,rubbing,119.333,0.600000000000009
All_SocIso_GH,EH250624_SocIso_1_Ch3_MRC.xlsx,rubbing,140.433,1.30000000000001
All_SocIso_GH,EH250624_SocIso_1_Ch3_MRC.xlsx,rubbing,142.167,0.365999999999985
All_SocIso_GH,EH250624_SocIso_1_Ch3_MRC.xlsx,rubbing,142.567,1.40000000000001
All_SocIso_GH,EH250624_SocIso_1_Ch3_MRC.xlsx,rubbing,144,0.36699999999999
All_SocIso_GH,EH250624_SocIso_1_Ch3_MRC.xlsx,rubbing,148.167,1.80000000000001
All_SocIso_GH,EH250624_SocIso_1_Ch3_MRC.xlsx,rubbing,180.867,1.36600000000001
All_SocIso_GH,EH250624_SocIso_1_Ch3_MRC.xlsx,rubbing,224.067,1.19999999999999
All_SocIso_GH,EH250624_SocIso_1_Ch3_MRC.xlsx,rubbing,226.033,1.13400000000001
All_SocIso_GH,EH250624_SocIso_1_Ch3_MRC.xlsx,rubbing,251.933,1.56700000000001
All_SocIso_GH,EH250624_SocIso_1_Ch3_MRC.xlsx,rubbing,260.2,1.56700000000001
All_SocIso_GH,EH250624_SocIso_1_Ch3_MRC.xlsx,rubbing,285.8,1.19999999999999
All_SocIso_GH,EH250624_SocIso_1_Ch3_MRC.xlsx,rubbing,287.8,2.5
All_SocIso_GH,EH250624_SocIso_1_Ch3_MRC.xlsx,wing,291.933,3.30000000000001
All_SocIso_GH,EH250624_SocIso_2_Ch1_MRC.xlsx,abdominal,178.567,0.365999999999985
All_SocIso_GH,EH250624_SocIso_2_Ch1_MRC.xlsx,abdominal,200.5,0.832999999999998
All_SocIso_GH,EH250624_SocIso_2_Ch1_MRC.xlsx,abdominal,202.467,0.632999999999981
All_SocIso_GH,EH250624_SocIso_2_Ch1_MRC.xlsx,abdominal,205.567,1.066
All_SocIso_GH,EH250624_SocIso_2_Ch1_MRC.xlsx,abdominal,206.767,0.866000000000014
All_SocIso_GH,EH250624_SocIso_2_Ch1_MRC.xlsx,class_all_grooming,4.733,1.267
All_SocIso_GH,EH250624_SocIso_2_Ch1_MRC.xlsx,class_all_grooming,22.867,1.533
All_SocIso_GH,EH250624_SocIso_2_Ch1_MRC.xlsx,class_all_grooming,24.433,0.5
All_SocIso_GH,EH250624_SocIso_2_Ch1_MRC.xlsx,class_all_grooming,26.033,2.467
All_SocIso_GH,EH250624_SocIso_2_Ch1_MRC.xlsx,class_all_grooming,31.267,0.833000000000002
All_SocIso_GH,EH250624_SocIso_2_Ch1_MRC.xlsx,class_all_grooming,32.8,1.7
All_SocIso_GH,EH250624_SocIso_2_Ch1_MRC.xlsx,class_all_grooming,34.533,0.966999999999999
All_SocIso_GH,EH250624_SocIso_2_Ch1_MRC.xlsx,class_all_grooming,40.867,2.6
All_SocIso_GH,EH250624_SocIso_2_Ch1_MRC.xlsx,class_all_grooming,43.5,0.767000000000003
All_SocIso_GH,EH250624_SocIso_2_Ch1_MRC.xlsx,class_all_grooming,54.4,1.333
All_SocIso_GH,EH250624_SocIso_2_Ch1_MRC.xlsx,class_all_grooming,91.167,3.3
All_SocIso_GH,EH250624_SocIso_2_Ch1_MRC.xlsx,class_all_grooming,96.733,0.799999999999997
All_SocIso_GH,EH250624_SocIso_2_Ch1_MRC.xlsx,class_all_grooming,106.8,1.5
All_SocIso_GH,EH250624_SocIso_2_Ch1_MRC.xlsx,class_all_grooming,110.833,2.967
All_SocIso_GH,EH250624_SocIso_2_Ch1_MRC.xlsx,class_all_grooming,113.833,1.10000000000001
All_SocIso_GH,EH250624_SocIso_2_Ch1_MRC.xlsx,class_all_grooming,114.967,0.5
All_SocIso_GH,EH250624_SocIso_2_Ch1_MRC.xlsx,class_all_grooming,115.5,1.533
All_SocIso_GH,EH250624_SocIso_2_Ch1_MRC.xlsx,class_all_grooming,117.433,0.399999999999991
All_SocIso_GH,EH250624_SocIso_2_Ch1_MRC.xlsx,class_all_grooming,120.9,1.267
All_SocIso_GH,EH250624_SocIso_2_Ch1_MRC.xlsx,class_all_grooming,122.2,1
All_SocIso_GH,EH250624_SocIso_2_Ch1_MRC.xlsx,class_all_grooming,123.233,0.667000000000002
All_SocIso_GH,EH250624_SocIso_2_Ch1_MRC.xlsx,class_all_grooming,168.2,4.60000000000002
All_SocIso_GH,EH250624_SocIso_2_Ch1_MRC.xlsx,class_all_grooming,173.033,0.934000000000026
All_SocIso_GH,EH250624_SocIso_2_Ch1_MRC.xlsx,class_all_grooming,174.133,3.19999999999999
All_SocIso_GH,EH250624_SocIso_2_Ch1_MRC.xlsx,class_all_grooming,177.833,0.5
All_SocIso_GH,EH250624_SocIso_2_Ch1_MRC.xlsx,class_all_grooming,178.567,0.365999999999985
All_SocIso_GH,EH250624_SocIso_2_Ch1_MRC.xlsx,class_all_grooming,178.967,1.59999999999999
All_SocIso_GH,EH250624_SocIso_2_Ch1_MRC.xlsx,class_all_grooming,188.767,1.53300000000002
All_SocIso_GH,EH250624_SocIso_2_Ch1_MRC.xlsx,class_all_grooming,190.533,3.23400000000001
All_SocIso_GH,EH250624_SocIso_2_Ch1_MRC.xlsx,class_all_grooming,193.8,0.899999999999977
All_SocIso_GH,EH250624_SocIso_2_Ch1_MRC.xlsx,class_all_grooming,195.2,3.93300000000002
All_SocIso_GH,EH250624_SocIso_2_Ch1_MRC.xlsx,class_all_grooming,200.5,0.832999999999998
All_SocIso_GH,EH250624_SocIso_2_Ch1_MRC.xlsx,class_all_grooming,202.467,0.632999999999981
All_SocIso_GH,EH250624_SocIso_2_Ch1_MRC.xlsx,class_all_grooming,203.133,1.29999999999998
All_SocIso_GH,EH250624_SocIso_2_Ch1_MRC.xlsx,class_all_grooming,205.567,1.066
All_SocIso_GH,EH250624_SocIso_2_Ch1_MRC.xlsx,class_all_grooming,206.767,0.866000000000014
All_SocIso_GH,EH250624_SocIso_2_Ch1_MRC.xlsx,class_all_grooming,207.667,1.03299999999999
All_SocIso_GH,EH250624_SocIso_2_Ch1_MRC.xlsx,class_all_grooming,222.867,1.70000000000002
All_SocIso_GH,EH250624_SocIso_2_Ch1_MRC.xlsx,class_all_grooming,225.1,0.667000000000002
All_SocIso_GH,EH250624_SocIso_2_Ch1_MRC.xlsx,class_all_grooming,225.8,1.03299999999999
All_SocIso_GH,EH250624_SocIso_2_Ch1_MRC.xlsx,class_all_grooming,226.867,0.665999999999997
All_SocIso_GH,EH250624_SocIso_2_Ch1_MRC.xlsx,class_all_grooming,227.733,0.433999999999997
All_SocIso_GH,EH250624_SocIso_2_Ch1_MRC.xlsx,class_all_grooming,228.2,0.800000000000011
All_SocIso_GH,EH250624_SocIso_2_Ch1_MRC.xlsx,class_all_grooming,229.333,0.599999999999994
All_SocIso_GH,EH250624_SocIso_2_Ch1_MRC.xlsx,class_all_grooming,230.067,0.733000000000004
All_SocIso_GH,EH250624_SocIso_2_Ch1_MRC.xlsx,class_all_grooming,230.833,0.667000000000002
All_SocIso_GH,EH250624_SocIso_2_Ch1_MRC.xlsx,class_all_grooming,231.6,0.300000000000011
All_SocIso_GH,EH250624_SocIso_2_Ch1_MRC.xlsx,class_all_grooming,232.2,0.700000000000017
All_SocIso_GH,EH250624_SocIso_2_Ch1_MRC.xlsx,class_all_grooming,232.933,0.667000000000002
All_SocIso_GH,EH250624_SocIso_2_Ch1_MRC.xlsx,class_all_grooming,234.333,1.73400000000001
All_SocIso_GH,EH250624_SocIso_2_Ch1_MRC.xlsx,class_all_grooming,236.133,0.667000000000002
All_SocIso_GH,EH250624_SocIso_2_Ch1_MRC.xlsx,class_all_grooming,236.833,1.09999999999999
All_SocIso_GH,EH250624_SocIso_2_Ch1_MRC.xlsx,class_all_grooming,238.367,0.700000000000017
All_SocIso_GH,EH250624_SocIso_2_Ch1_MRC.xlsx,class_all_grooming,239.467,1.06599999999997
All_SocIso_GH,EH250624_SocIso_2_Ch1_MRC.xlsx,class_all_grooming,240.833,1.5
All_SocIso_GH,EH250624_SocIso_2_Ch1_MRC.xlsx,class_all_grooming,242.367,0.933000000000021
All_SocIso_GH,EH250624_SocIso_2_Ch1_MRC.xlsx,class_all_grooming,243.333,0.86699999999999
All_SocIso_GH,EH250624_SocIso_2_Ch1_MRC.xlsx,class_all_grooming,244.7,1.26700000000002
All_SocIso_GH,EH250624_SocIso_2_Ch1_MRC.xlsx,class_all_grooming,246.067,1.13299999999998
All_SocIso_GH,EH250624_SocIso_2_Ch1_MRC.xlsx,class_all_grooming,282.533,2.63399999999996
All_SocIso_GH,EH250624_SocIso_2_Ch1_MRC.xlsx,class_all_grooming,285.2,0.66700000000003
All_SocIso_GH,EH250624_SocIso_2_Ch1_MRC.xlsx,class_all_grooming,286.667,1.16600000000005
All_SocIso_GH,EH250624_SocIso_2_Ch1_MRC.xlsx,class_all_grooming,288.5,6.66699999999997
All_SocIso_GH,EH250624_SocIso_2_Ch1_MRC.xlsx,class_all_grooming,295.633,3.80000000000001
All_SocIso_GH,EH250624_SocIso_2_Ch1_MRC.xlsx,head,113.833,1.10000000000001
All_SocIso_GH,EH250624_SocIso_2_Ch1_MRC.xlsx,head,115.5,1.533
All_SocIso_GH,EH250624_SocIso_2_Ch1_MRC.xlsx,head,117.433,0.399999999999991
All_SocIso_GH,EH250624_SocIso_2_Ch1_MRC.xlsx,head,120.9,1.267
All_SocIso_GH,EH250624_SocIso_2_Ch1_MRC.xlsx,head,123.233,0.667000000000002
All_SocIso_GH,EH250624_SocIso_2_Ch1_MRC.xlsx,head,225.1,0.667000000000002
All_SocIso_GH,EH250624_SocIso_2_Ch1_MRC.xlsx,head,226.867,0.665999999999997
All_SocIso_GH,EH250624_SocIso_2_Ch1_MRC.xlsx,head,227.733,0.433999999999997
All_SocIso_GH,EH250624_SocIso_2_Ch1_MRC.xlsx,head,229.333,0.599999999999994
All_SocIso_GH,EH250624_SocIso_2_Ch1_MRC.xlsx,head,230.833,0.667000000000002
All_SocIso_GH,EH250624_SocIso_2_Ch1_MRC.xlsx,head,231.6,0.300000000000011
All_SocIso_GH,EH250624_SocIso_2_Ch1_MRC.xlsx,head,232.933,0.667000000000002
All_SocIso_GH,EH250624_SocIso_2_Ch1_MRC.xlsx,head,234.333,1.73400000000001
All_SocIso_GH,EH250624_SocIso_2_Ch1_MRC.xlsx,head,236.833,1.09999999999999
All_SocIso_GH,EH250624_SocIso_2_Ch1_MRC.xlsx,head,238.367,0.700000000000017
All_SocIso_GH,EH250624_SocIso_2_Ch1_MRC.xlsx,head,239.467,1.06599999999997
All_SocIso_GH,EH250624_SocIso_2_Ch1_MRC.xlsx,head,240.833,1.5
All_SocIso_GH,EH250624_SocIso_2_Ch1_MRC.xlsx,head,243.333,0.86699999999999
All_SocIso_GH,EH250624_SocIso_2_Ch1_MRC.xlsx,head,244.7,1.26700000000002
All_SocIso_GH,EH250624_SocIso_2_Ch1_MRC.xlsx,rubbing,4.733,1.267
All_SocIso_GH,EH250624_SocIso_2_Ch1_MRC.xlsx,rubbing,22.867,1.533
All_SocIso_GH,EH250624_SocIso_2_Ch1_MRC.xlsx,rubbing,24.433,0.5
All_SocIso_GH,EH250624_SocIso_2_Ch1_MRC.xlsx,rubbing,26.033,2.467
All_SocIso_GH,EH250624_SocIso_2_Ch1_MRC.xlsx,rubbing,31.267,0.833000000000002
All_SocIso_GH,EH250624_SocIso_2_Ch1_MRC.xlsx,rubbing,32.8,1.7
All_SocIso_GH,EH250624_SocIso_2_Ch1_MRC.xlsx,rubbing,34.533,0.966999999999999
All_SocIso_GH,EH250624_SocIso_2_Ch1_MRC.xlsx,rubbing,40.867,2.6
All_SocIso_GH,EH250624_SocIso_2_Ch1_MRC.xlsx,rubbing,43.5,0.767000000000003
All_SocIso_GH,EH250624_SocIso_2_Ch1_MRC.xlsx,rubbing,54.4,1.333
All_SocIso_GH,EH250624_SocIso_2_Ch1_MRC.xlsx,rubbing,91.167,3.3
All_SocIso_GH,EH250624_SocIso_2_Ch1_MRC.xlsx,rubbing,96.733,0.799999999999997
All_SocIso_GH,EH250624_SocIso_2_Ch1_MRC.xlsx,rubbing,106.8,1.5
All_SocIso_GH,EH250624_SocIso_2_Ch1_MRC.xlsx,rubbing,110.833,2.967
All_SocIso_GH,EH250624_SocIso_2_Ch1_MRC.xlsx,rubbing,114.967,0.5
All_SocIso_GH,EH250624_SocIso_2_Ch1_MRC.xlsx,rubbing,122.2,1
All_SocIso_GH,EH250624_SocIso_2_Ch1_MRC.xlsx,rubbing,168.2,4.60000000000002
All_SocIso_GH,EH250624_SocIso_2_Ch1_MRC.xlsx,rubbing,173.033,0.934000000000026
All_SocIso_GH,EH250624_SocIso_2_Ch1_MRC.xlsx,rubbing,174.133,3.19999999999999
All_SocIso_GH,EH250624_SocIso_2_Ch1_MRC.xlsx,rubbing,177.833,0.5
All_SocIso_GH,EH250624_SocIso_2_Ch1_MRC.xlsx,rubbing,178.967,1.59999999999999
All_SocIso_GH,EH250624_SocIso_2_Ch1_MRC.xlsx,rubbing,188.767,1.53300000000002
All_SocIso_GH,EH250624_SocIso_2_Ch1_MRC.xlsx,rubbing,190.533,3.23400000000001
All_SocIso_GH,EH250624_SocIso_2_Ch1_MRC.xlsx,rubbing,193.8,0.899999999999977
All_SocIso_GH,EH250624_SocIso_2_Ch1_MRC.xlsx,rubbing,195.2,3.93300000000002
All_SocIso_GH,EH250624_SocIso_2_Ch1_MRC.xlsx,rubbing,203.133,1.29999999999998
All_SocIso_GH,EH250624_SocIso_2_Ch1_MRC.xlsx,rubbing,207.667,1.03299999999999
All_SocIso_GH,EH250624_SocIso_2_Ch1_MRC.xlsx,rubbing,222.867,1.70000000000002
All_SocIso_GH,EH250624_SocIso_2_Ch1_MRC.xlsx,rubbing,225.8,1.03299999999999
All_SocIso_GH,EH250624_SocIso_2_Ch1_MRC.xlsx,rubbing,228.2,0.800000000000011
All_SocIso_GH,EH250624_SocIso_2_Ch1_MRC.xlsx,rubbing,230.067,0.733000000000004
All_SocIso_GH,EH250624_SocIso_2_Ch1_MRC.xlsx,rubbing,232.2,0.700000000000017
All_SocIso_GH,EH250624_SocIso_2_Ch1_MRC.xlsx,rubbing,236.133,0.667000000000002
All_SocIso_GH,EH250624_SocIso_2_Ch1_MRC.xlsx,rubbing,242.367,0.933000000000021
All_SocIso_GH,EH250624_SocIso_2_Ch1_MRC.xlsx,rubbing,246.067,1.13299999999998
All_SocIso_GH,EH250624_SocIso_2_Ch1_MRC.xlsx,rubbing,282.533,2.63399999999996
All_SocIso_GH,EH250624_SocIso_2_Ch1_MRC.xlsx,rubbing,285.2,0.66700000000003
All_SocIso_GH,EH250624_SocIso_2_Ch1_MRC.xlsx,rubbing,286.667,1.16600000000005
All_SocIso_GH,EH250624_SocIso_2_Ch1_MRC.xlsx,rubbing,288.5,6.66699999999997
All_SocIso_GH,EH250624_SocIso_2_Ch1_MRC.xlsx,wing,295.633,3.80000000000001
All_SocIso_GH,EH250624_SocIso_2_Scoring_CH2_DL.xlsx,abdominal,65.767,0.5
All_SocIso_GH,EH250624_SocIso_2_Scoring_CH2_DL.xlsx,abdominal,198.9,0.233000000000004
All_SocIso_GH,EH250624_SocIso_2_Scoring_CH2_DL.xlsx,abdominal,199.667,1.333
All_SocIso_GH,EH250624_SocIso_2_Scoring_CH2_DL.xlsx,class_all_grooming,1.233,1.234
All_SocIso_GH,EH250624_SocIso_2_Scoring_CH2_DL.xlsx,class_all_grooming,9.4,1.367
All_SocIso_GH,EH250624_SocIso_2_Scoring_CH2_DL.xlsx,class_all_grooming,16.4,4.3
All_SocIso_GH,EH250624_SocIso_2_Scoring_CH2_DL.xlsx,class_all_grooming,21.8,1.6
All_SocIso_GH,EH250624_SocIso_2_Scoring_CH2_DL.xlsx,class_all_grooming,23.433,0.899999999999999
All_SocIso_GH,EH250624_SocIso_2_Scoring_CH2_DL.xlsx,class_all_grooming,24.4,1.9
All_SocIso_GH,EH250624_SocIso_2_Scoring_CH2_DL.xlsx,class_all_grooming,32.867,1.233
All_SocIso_GH,EH250624_SocIso_2_Scoring_CH2_DL.xlsx,class_all_grooming,34.4,2.067
All_SocIso_GH,EH250624_SocIso_2_Scoring_CH2_DL.xlsx,class_all_grooming,44.567,2.133
All_SocIso_GH,EH250624_SocIso_2_Scoring_CH2_DL.xlsx,class_all_grooming,46.967,1
All_SocIso_GH,EH250624_SocIso_2_Scoring_CH2_DL.xlsx,class_all_grooming,48,0.700000000000003
All_SocIso_GH,EH250624_SocIso_2_Scoring_CH2_DL.xlsx,class_all_grooming,49.1,1
All_SocIso_GH,EH250624_SocIso_2_Scoring_CH2_DL.xlsx,class_all_grooming,56.667,0.665999999999997
All_SocIso_GH,EH250624_SocIso_2_Scoring_CH2_DL.xlsx,class_all_grooming,62.367,0.5
All_SocIso_GH,EH250624_SocIso_2_Scoring_CH2_DL.xlsx,class_all_grooming,64.667,0.632999999999996
All_SocIso_GH,EH250624_SocIso_2_Scoring_CH2_DL.xlsx,class_all_grooming,65.767,0.5
All_SocIso_GH,EH250624_SocIso_2_Scoring_CH2_DL.xlsx,class_all_grooming,78.967,2
All_SocIso_GH,EH250624_SocIso_2_Scoring_CH2_DL.xlsx,class_all_grooming,87.8,0.266999999999996
All_SocIso_GH,EH250624_SocIso_2_Scoring_CH2_DL.xlsx,class_all_grooming,88.1,1
All_SocIso_GH,EH250624_SocIso_2_Scoring_CH2_DL.xlsx,class_all_grooming,89.133,0.367000000000004
All_SocIso_GH,EH250624_SocIso_2_Scoring_CH2_DL.xlsx,class_all_grooming,89.567,0.166000000000011
All_SocIso_GH,EH250624_SocIso_2_Scoring_CH2_DL.xlsx,class_all_grooming,89.767,1.333
All_SocIso_GH,EH250624_SocIso_2_Scoring_CH2_DL.xlsx,class_all_grooming,91.167,1.26600000000001
All_SocIso_GH,EH250624_SocIso_2_Scoring_CH2_DL.xlsx,class_all_grooming,92.467,0.466000000000008
All_SocIso_GH,EH250624_SocIso_2_Scoring_CH2_DL.xlsx,class_all_grooming,92.967,0.900000000000006
All_SocIso_GH,EH250624_SocIso_2_Scoring_CH2_DL.xlsx,class_all_grooming,94.1,0.76700000000001
All_SocIso_GH,EH250624_SocIso_2_Scoring_CH2_DL.xlsx,class_all_grooming,95.167,0.5
All_SocIso_GH,EH250624_SocIso_2_Scoring_CH2_DL.xlsx,class_all_grooming,95.7,0.932999999999993
All_SocIso_GH,EH250624_SocIso_2_Scoring_CH2_DL.xlsx,class_all_grooming,96.933,1.467
All_SocIso_GH,EH250624_SocIso_2_Scoring_CH2_DL.xlsx,class_all_grooming,98.433,0.333999999999989
All_SocIso_GH,EH250624_SocIso_2_Scoring_CH2_DL.xlsx,class_all_grooming,98.8,0.900000000000006
All_SocIso_GH,EH250624_SocIso_2_Scoring_CH2_DL.xlsx,class_all_grooming,99.733,0.566999999999993
All_SocIso_GH,EH250624_SocIso_2_Scoring_CH2_DL.xlsx,class_all_grooming,101.033,1.56699999999999
All_SocIso_GH,EH250624_SocIso_2_Scoring_CH2_DL.xlsx,class_all_grooming,102.767,0.832999999999998
All_SocIso_GH,EH250624_SocIso_2_Scoring_CH2_DL.xlsx,class_all_grooming,103.633,0.466999999999999
All_SocIso_GH,EH250624_SocIso_2_Scoring_CH2_DL.xlsx,class_all_grooming,104.133,0.900000000000006
All_SocIso_GH,EH250624_SocIso_2_Scoring_CH2_DL.xlsx,class_all_grooming,105.067,0.966000000000008
All_SocIso_GH,EH250624_SocIso_2_Scoring_CH2_DL.xlsx,class_all_grooming,106.067,0.200000000000003
All_SocIso_GH,EH250624_SocIso_2_Scoring_CH2_DL.xlsx,class_all_grooming,106.3,0.332999999999998
All_SocIso_GH,EH250624_SocIso_2_Scoring_CH2_DL.xlsx,class_all_grooming,106.667,0.299999999999997
All_SocIso_GH,EH250624_SocIso_2_Scoring_CH2_DL.xlsx,class_all_grooming,107,0.733000000000004
All_SocIso_GH,EH250624_SocIso_2_Scoring_CH2_DL.xlsx,class_all_grooming,107.8,0.600000000000009
All_SocIso_GH,EH250624_SocIso_2_Scoring_CH2_DL.xlsx,class_all_grooming,108.5,2.56699999999999
All_SocIso_GH,EH250624_SocIso_2_Scoring_CH2_DL.xlsx,class_all_grooming,111.2,0.432999999999993
All_SocIso_GH,EH250624_SocIso_2_Scoring_CH2_DL.xlsx,class_all_grooming,111.667,0.799999999999997
All_SocIso_GH,EH250624_SocIso_2_Scoring_CH2_DL.xlsx,class_all_grooming,112.633,0.300000000000011
All_SocIso_GH,EH250624_SocIso_2_Scoring_CH2_DL.xlsx,class_all_grooming,113.033,0.233999999999995
All_SocIso_GH,EH250624_SocIso_2_Scoring_CH2_DL.xlsx,class_all_grooming,113.3,1.2
All_SocIso_GH,EH250624_SocIso_2_Scoring_CH2_DL.xlsx,class_all_grooming,114.533,0.533999999999992
All_SocIso_GH,EH250624_SocIso_2_Scoring_CH2_DL.xlsx,class_all_grooming,115.1,1.56700000000001
All_SocIso_GH,EH250624_SocIso_2_Scoring_CH2_DL.xlsx,class_all_grooming,116.9,0.5
All_SocIso_GH,EH250624_SocIso_2_Scoring_CH2_DL.xlsx,class_all_grooming,117.633,1.434
All_SocIso_GH,EH250624_SocIso_2_Scoring_CH2_DL.xlsx,class_all_grooming,119.167,0.665999999999997
All_SocIso_GH,EH250624_SocIso_2_Scoring_CH2_DL.xlsx,class_all_grooming,119.867,0.799999999999997
All_SocIso_GH,EH250624_SocIso_2_Scoring_CH2_DL.xlsx,class_all_grooming,120.833,0.534000000000006
All_SocIso_GH,EH250624_SocIso_2_Scoring_CH2_DL.xlsx,class_all_grooming,121.4,0.36699999999999
All_SocIso_GH,EH250624_SocIso_2_Scoring_CH2_DL.xlsx,class_all_grooming,121.8,2.13300000000001
All_SocIso_GH,EH250624_SocIso_2_Scoring_CH2_DL.xlsx,class_all_grooming,124.267,0.966000000000008
All_SocIso_GH,EH250624_SocIso_2_Scoring_CH2_DL.xlsx,class_all_grooming,125.4,0.799999999999997
All_SocIso_GH,EH250624_SocIso_2_Scoring_CH2_DL.xlsx,class_all_grooming,126.367,0.799999999999997
All_SocIso_GH,EH250624_SocIso_2_Scoring_CH2_DL.xlsx,class_all_grooming,127.2,0.632999999999996
All_SocIso_GH,EH250624_SocIso_2_Scoring_CH2_DL.xlsx,class_all_grooming,127.967,0.766000000000005
All_SocIso_GH,EH250624_SocIso_2_Scoring_CH2_DL.xlsx,class_all_grooming,128.767,0.566000000000003
All_SocIso_GH,EH250624_SocIso_2_Scoring_CH2_DL.xlsx,class_all_grooming,129.367,0.76600000000002
All_SocIso_GH,EH250624_SocIso_2_Scoring_CH2_DL.xlsx,class_all_grooming,130.3,0.532999999999987
All_SocIso_GH,EH250624_SocIso_2_Scoring_CH2_DL.xlsx,class_all_grooming,130.867,0.933000000000021
All_SocIso_GH,EH250624_SocIso_2_Scoring_CH2_DL.xlsx,class_all_grooming,131.833,0.567000000000007
All_SocIso_GH,EH250624_SocIso_2_Scoring_CH2_DL.xlsx,class_all_grooming,132.567,1.46599999999998
All_SocIso_GH,EH250624_SocIso_2_Scoring_CH2_DL.xlsx,class_all_grooming,134.067,0.365999999999985
All_SocIso_GH,EH250624_SocIso_2_Scoring_CH2_DL.xlsx,class_all_grooming,134.467,1.13299999999998
All_SocIso_GH,EH250624_SocIso_2_Scoring_CH2_DL.xlsx,class_all_grooming,135.633,0.633999999999986
All_SocIso_GH,EH250624_SocIso_2_Scoring_CH2_DL.xlsx,class_all_grooming,136.3,0.532999999999987
All_SocIso_GH,EH250624_SocIso_2_Scoring_CH2_DL.xlsx,class_all_grooming,137.133,0.466999999999985
All_SocIso_GH,EH250624_SocIso_2_Scoring_CH2_DL.xlsx,class_all_grooming,137.8,0.766999999999996
All_SocIso_GH,EH250624_SocIso_2_Scoring_CH2_DL.xlsx,class_all_grooming,138.6,0.832999999999998
All_SocIso_GH,EH250624_SocIso_2_Scoring_CH2_DL.xlsx,class_all_grooming,139.467,0.799999999999983
All_SocIso_GH,EH250624_SocIso_2_Scoring_CH2_DL.xlsx,class_all_grooming,140.4,0.86699999999999
All_SocIso_GH,EH250624_SocIso_2_Scoring_CH2_DL.xlsx,class_all_grooming,141.3,0.299999999999983
All_SocIso_GH,EH250624_SocIso_2_Scoring_CH2_DL.xlsx,class_all_grooming,141.633,0.5
All_SocIso_GH,EH250624_SocIso_2_Scoring_CH2_DL.xlsx,class_all_grooming,142.167,0.466000000000008
All_SocIso_GH,EH250624_SocIso_2_Scoring_CH2_DL.xlsx,class_all_grooming,142.667,0.233000000000004
All_SocIso_GH,EH250624_SocIso_2_Scoring_CH2_DL.xlsx,class_all_grooming,142.967,0.799999999999983
All_SocIso_GH,EH250624_SocIso_2_Scoring_CH2_DL.xlsx,class_all_grooming,143.8,0.632999999999981
All_SocIso_GH,EH250624_SocIso_2_Scoring_CH2_DL.xlsx,class_all_grooming,144.467,1.63299999999998
All_SocIso_GH,EH250624_SocIso_2_Scoring_CH2_DL.xlsx,class_all_grooming,146.133,1.167
All_SocIso_GH,EH250624_SocIso_2_Scoring_CH2_DL.xlsx,class_all_grooming,147.733,0.633999999999986
All_SocIso_GH,EH250624_SocIso_2_Scoring_CH2_DL.xlsx,class_all_grooming,148.533,0.767000000000024
All_SocIso_GH,EH250624_SocIso_2_Scoring_CH2_DL.xlsx,class_all_grooming,149.333,0.699999999999989
All_SocIso_GH,EH250624_SocIso_2_Scoring_CH2_DL.xlsx,class_all_grooming,150.233,0.699999999999989
All_SocIso_GH,EH250624_SocIso_2_Scoring_CH2_DL.xlsx,class_all_grooming,150.967,1.06599999999997
All_SocIso_GH,EH250624_SocIso_2_Scoring_CH2_DL.xlsx,class_all_grooming,152.067,1.03299999999999
All_SocIso_GH,EH250624_SocIso_2_Scoring_CH2_DL.xlsx,class_all_grooming,153.133,0.334000000000003
All_SocIso_GH,EH250624_SocIso_2_Scoring_CH2_DL.xlsx,class_all_grooming,153.5,0.467000000000013
All_SocIso_GH,EH250624_SocIso_2_Scoring_CH2_DL.xlsx,class_all_grooming,154.267,0.5
All_SocIso_GH,EH250624_SocIso_2_Scoring_CH2_DL.xlsx,class_all_grooming,154.8,0.199999999999989
All_SocIso_GH,EH250624_SocIso_2_Scoring_CH2_DL.xlsx,class_all_grooming,155.133,0.533999999999992
All_SocIso_GH,EH250624_SocIso_2_Scoring_CH2_DL.xlsx,class_all_grooming,155.967,0.665999999999997
All_SocIso_GH,EH250624_SocIso_2_Scoring_CH2_DL.xlsx,class_all_grooming,156.667,0.800000000000011
All_SocIso_GH,EH250624_SocIso_2_Scoring_CH2_DL.xlsx,class_all_grooming,157.533,0.700000000000017
All_SocIso_GH,EH250624_SocIso_2_Scoring_CH2_DL.xlsx,class_all_grooming,158.3,0.432999999999993
All_SocIso_GH,EH250624_SocIso_2_Scoring_CH2_DL.xlsx,class_all_grooming,158.767,1.03300000000002
All_SocIso_GH,EH250624_SocIso_2_Scoring_CH2_DL.xlsx,class_all_grooming,159.9,0.432999999999993
All_SocIso_GH,EH250624_SocIso_2_Scoring_CH2_DL.xlsx,class_all_grooming,160.433,0.53400000000002
All_SocIso_GH,EH250624_SocIso_2_Scoring_CH2_DL.xlsx,class_all_grooming,161,0.832999999999998
All_SocIso_GH,EH250624_SocIso_2_Scoring_CH2_DL.xlsx,class_all_grooming,161.867,0.433000000000021
All_SocIso_GH,EH250624_SocIso_2_Scoring_CH2_DL.xlsx,class_all_grooming,162.333,0.900000000000006
All_SocIso_GH,EH250624_SocIso_2_Scoring_CH2_DL.xlsx,class_all_grooming,163.3,0.432999999999993
All_SocIso_GH,EH250624_SocIso_2_Scoring_CH2_DL.xlsx,class_all_grooming,163.833,0.567000000000007
All_SocIso_GH,EH250624_SocIso_2_Scoring_CH2_DL.xlsx,class_all_grooming,164.5,0.800000000000011
All_SocIso_GH,EH250624_SocIso_2_Scoring_CH2_DL.xlsx,class_all_grooming,165.333,1.09999999999999
All_SocIso_GH,EH250624_SocIso_2_Scoring_CH2_DL.xlsx,class_all_grooming,166.6,1.06700000000001
All_SocIso_GH,EH250624_SocIso_2_Scoring_CH2_DL.xlsx,class_all_grooming,167.7,0.767000000000024
All_SocIso_GH,EH250624_SocIso_2_Scoring_CH2_DL.xlsx,class_all_grooming,176.7,0.63300000000001
All_SocIso_GH,EH250624_SocIso_2_Scoring_CH2_DL.xlsx,class_all_grooming,177.633,0.466999999999985
All_SocIso_GH,EH250624_SocIso_2_Scoring_CH2_DL.xlsx,class_all_grooming,178.3,1.39999999999998
All_SocIso_GH,EH250624_SocIso_2_Scoring_CH2_DL.xlsx,class_all_grooming,192.733,1.834
All_SocIso_GH,EH250624_SocIso_2_Scoring_CH2_DL.xlsx,class_all_grooming,197.1,0.900000000000006
All_SocIso_GH,EH250624_SocIso_2_Scoring_CH2_DL.xlsx,class_all_grooming,198.033,0.434000000000026
All_SocIso_GH,EH250624_SocIso_2_Scoring_CH2_DL.xlsx,class_all_grooming,198.9,0.233000000000004
All_SocIso_GH,EH250624_SocIso_2_Scoring_CH2_DL.xlsx,class_all_grooming,199.167,0.466000000000008
All_SocIso_GH,EH250624_SocIso_2_Scoring_CH2_DL.xlsx,class_all_grooming,199.667,1.333
All_SocIso_GH,EH250624_SocIso_2_Scoring_CH2_DL.xlsx,class_all_grooming,201.033,0.434000000000026
All_SocIso_GH,EH250624_SocIso_2_Scoring_CH2_DL.xlsx,class_all_grooming,201.5,0.667000000000002
All_SocIso_GH,EH250624_SocIso_2_Scoring_CH2_DL.xlsx,class_all_grooming,225.367,2.666
All_SocIso_GH,EH250624_SocIso_2_Scoring_CH2_DL.xlsx,class_all_grooming,228.4,1.40000000000001
All_SocIso_GH,EH250624_SocIso_2_Scoring_CH2_DL.xlsx,class_all_grooming,249.4,1.43299999999999
All_SocIso_GH,EH250624_SocIso_2_Scoring_CH2_DL.xlsx,class_all_grooming,283.033,1.30000000000001
All_SocIso_GH,EH250624_SocIso_2_Scoring_CH2_DL.xlsx,class_all_grooming,284.367,2.86599999999999
All_SocIso_GH,EH250624_SocIso_2_Scoring_CH2_DL.xlsx,class_all_grooming,287.267,0.833000000000027
All_SocIso_GH,EH250624_SocIso_2_Scoring_CH2_DL.xlsx,head,87.8,0.266999999999996
All_SocIso_GH,EH250624_SocIso_2_Scoring_CH2_DL.xlsx,head,89.133,0.367000000000004
All_SocIso_GH,EH250624_SocIso_2_Scoring_CH2_DL.xlsx,head,89.767,1.333
All_SocIso_GH,EH250624_SocIso_2_Scoring_CH2_DL.xlsx,head,91.167,1.26600000000001
All_SocIso_GH,EH250624_SocIso_2_Scoring_CH2_DL.xlsx,head,92.967,0.900000000000006
All_SocIso_GH,EH250624_SocIso_2_Scoring_CH2_DL.xlsx,head,94.1,0.76700000000001
All_SocIso_GH,EH250624_SocIso_2_Scoring_CH2_DL.xlsx,head,95.7,0.932999999999993
All_SocIso_GH,EH250624_SocIso_2_Scoring_CH2_DL.xlsx,head,96.933,1.467
All_SocIso_GH,EH250624_SocIso_2_Scoring_CH2_DL.xlsx,head,98.8,0.900000000000006
All_SocIso_GH,EH250624_SocIso_2_Scoring_CH2_DL.xlsx,head,101.033,1.56699999999999
All_SocIso_GH,EH250624_SocIso_2_Scoring_CH2_DL.xlsx,head,102.767,0.832999999999998
All_SocIso_GH,EH250624_SocIso_2_Scoring_CH2_DL.xlsx,head,103.633,0.466999999999999
All_SocIso_GH,EH250624_SocIso_2_Scoring_CH2_DL.xlsx,head,105.067,0.966000000000008
All_SocIso_GH,EH250624_SocIso_2_Scoring_CH2_DL.xlsx,head,106.3,0.332999999999998
All_SocIso_GH,EH250624_SocIso_2_Scoring_CH2_DL.xlsx,head,107,0.733000000000004
All_SocIso_GH,EH250624_SocIso_2_Scoring_CH2_DL.xlsx,head,107.8,0.600000000000009
All_SocIso_GH,EH250624_SocIso_2_Scoring_CH2_DL.xlsx,head,108.5,2.56699999999999
All_SocIso_GH,EH250624_SocIso_2_Scoring_CH2_DL.xlsx,head,111.667,0.799999999999997
All_SocIso_GH,EH250624_SocIso_2_Scoring_CH2_DL.xlsx,head,112.633,0.300000000000011
All_SocIso_GH,EH250624_SocIso_2_Scoring_CH2_DL.xlsx,head,113.3,1.2
All_SocIso_GH,EH250624_SocIso_2_Scoring_CH2_DL.xlsx,head,115.1,1.56700000000001
All_SocIso_GH,EH250624_SocIso_2_Scoring_CH2_DL.xlsx,head,116.9,0.5
All_SocIso_GH,EH250624_SocIso_2_Scoring_CH2_DL.xlsx,head,117.633,1.434
All_SocIso_GH,EH250624_SocIso_2_Scoring_CH2_DL.xlsx,head,119.867,0.799999999999997
All_SocIso_GH,EH250624_SocIso_2_Scoring_CH2_DL.xlsx,head,120.833,0.534000000000006
All_SocIso_GH,EH250624_SocIso_2_Scoring_CH2_DL.xlsx,head,121.8,2.13300000000001
All_SocIso_GH,EH250624_SocIso_2_Scoring_CH2_DL.xlsx,head,124.267,0.966000000000008
All_SocIso_GH,EH250624_SocIso_2_Scoring_CH2_DL.xlsx,head,125.4,0.799999999999997
All_SocIso_GH,EH250624_SocIso_2_Scoring_CH2_DL.xlsx,head,127.2,0.632999999999996
All_SocIso_GH,EH250624_SocIso_2_Scoring_CH2_DL.xlsx,head,127.967,0.766000000000005
All_SocIso_GH,EH250624_SocIso_2_Scoring_CH2_DL.xlsx,head,129.367,0.76600000000002
All_SocIso_GH,EH250624_SocIso_2_Scoring_CH2_DL.xlsx,head,130.3,0.532999999999987
All_SocIso_GH,EH250624_SocIso_2_Scoring_CH2_DL.xlsx,head,131.833,0.567000000000007
All_SocIso_GH,EH250624_SocIso_2_Scoring_CH2_DL.xlsx,head,132.567,1.46599999999998
All_SocIso_GH,EH250624_SocIso_2_Scoring_CH2_DL.xlsx,head,134.467,1.13299999999998
All_SocIso_GH,EH250624_SocIso_2_Scoring_CH2_DL.xlsx,head,136.3,0.532999999999987
All_SocIso_GH,EH250624_SocIso_2_Scoring_CH2_DL.xlsx,head,137.133,0.466999999999985
All_SocIso_GH,EH250624_SocIso_2_Scoring_CH2_DL.xlsx,head,137.8,0.766999999999996
All_SocIso_GH,EH250624_SocIso_2_Scoring_CH2_DL.xlsx,head,139.467,0.799999999999983
All_SocIso_GH,EH250624_SocIso_2_Scoring_CH2_DL.xlsx,head,140.4,0.86699999999999
All_SocIso_GH,EH250624_SocIso_2_Scoring_CH2_DL.xlsx,head,141.633,0.5
All_SocIso_GH,EH250624_SocIso_2_Scoring_CH2_DL.xlsx,head,142.667,0.233000000000004
All_SocIso_GH,EH250624_SocIso_2_Scoring_CH2_DL.xlsx,head,142.967,0.799999999999983
All_SocIso_GH,EH250624_SocIso_2_Scoring_CH2_DL.xlsx,head,144.467,1.63299999999998
All_SocIso_GH,EH250624_SocIso_2_Scoring_CH2_DL.xlsx,head,147.733,0.633999999999986
All_SocIso_GH,EH250624_SocIso_2_Scoring_CH2_DL.xlsx,head,149.333,0.699999999999989
All_SocIso_GH,EH250624_SocIso_2_Scoring_CH2_DL.xlsx,head,150.233,0.699999999999989
All_SocIso_GH,EH250624_SocIso_2_Scoring_CH2_DL.xlsx,head,152.067,1.03299999999999
All_SocIso_GH,EH250624_SocIso_2_Scoring_CH2_DL.xlsx,head,153.5,0.467000000000013
All_SocIso_GH,EH250624_SocIso_2_Scoring_CH2_DL.xlsx,head,154.8,0.199999999999989
All_SocIso_GH,EH250624_SocIso_2_Scoring_CH2_DL.xlsx,head,155.133,0.533999999999992
All_SocIso_GH,EH250624_SocIso_2_Scoring_CH2_DL.xlsx,head,156.667,0.800000000000011
All_SocIso_GH,EH250624_SocIso_2_Scoring_CH2_DL.xlsx,head,157.533,0.700000000000017
All_SocIso_GH,EH250624_SocIso_2_Scoring_CH2_DL.xlsx,head,158.3,0.432999999999993
All_SocIso_GH,EH250624_SocIso_2_Scoring_CH2_DL.xlsx,head,159.9,0.432999999999993
All_SocIso_GH,EH250624_SocIso_2_Scoring_CH2_DL.xlsx,head,160.433,0.53400000000002
All_SocIso_GH,EH250624_SocIso_2_Scoring_CH2_DL.xlsx,head,161.867,0.433000000000021
All_SocIso_GH,EH250624_SocIso_2_Scoring_CH2_DL.xlsx,head,162.333,0.900000000000006
All_SocIso_GH,EH250624_SocIso_2_Scoring_CH2_DL.xlsx,head,163.3,0.432999999999993
All_SocIso_GH,EH250624_SocIso_2_Scoring_CH2_DL.xlsx,head,163.833,0.567000000000007
All_SocIso_GH,EH250624_SocIso_2_Scoring_CH2_DL.xlsx,head,165.333,1.09999999999999
All_SocIso_GH,EH250624_SocIso_2_Scoring_CH2_DL.xlsx,head,166.6,1.06700000000001
All_SocIso_GH,EH250624_SocIso_2_Scoring_CH2_DL.xlsx,rubbing,1.233,1.234
All_SocIso_GH,EH250624_SocIso_2_Scoring_CH2_DL.xlsx,rubbing,9.4,1.367
All_SocIso_GH,EH250624_SocIso_2_Scoring_CH2_DL.xlsx,rubbing,16.4,4.3
All_SocIso_GH,EH250624_SocIso_2_Scoring_CH2_DL.xlsx,rubbing,21.8,1.6
All_SocIso_GH,EH250624_SocIso_2_Scoring_CH2_DL.xlsx,rubbing,23.433,0.899999999999999
All_SocIso_GH,EH250624_SocIso_2_Scoring_CH2_DL.xlsx,rubbing,24.4,1.9
All_SocIso_GH,EH250624_SocIso_2_Scoring_CH2_DL.xlsx,rubbing,32.867,1.233
All_SocIso_GH,EH250624_SocIso_2_Scoring_CH2_DL.xlsx,rubbing,34.4,2.067
All_SocIso_GH,EH250624_SocIso_2_Scoring_CH2_DL.xlsx,rubbing,44.567,2.133
All_SocIso_GH,EH250624_SocIso_2_Scoring_CH2_DL.xlsx,rubbing,46.967,1
All_SocIso_GH,EH250624_SocIso_2_Scoring_CH2_DL.xlsx,rubbing,48,0.700000000000003
All_SocIso_GH,EH250624_SocIso_2_Scoring_CH2_DL.xlsx,rubbing,49.1,1
All_SocIso_GH,EH250624_SocIso_2_Scoring_CH2_DL.xlsx,rubbing,56.667,0.665999999999997
All_SocIso_GH,EH250624_SocIso_2_Scoring_CH2_DL.xlsx,rubbing,62.367,0.5
All_SocIso_GH,EH250624_SocIso_2_Scoring_CH2_DL.xlsx,rubbing,64.667,0.632999999999996
All_SocIso_GH,EH250624_SocIso_2_Scoring_CH2_DL.xlsx,rubbing,78.967,2
All_SocIso_GH,EH250624_SocIso_2_Scoring_CH2_DL.xlsx,rubbing,88.1,1
All_SocIso_GH,EH250624_SocIso_2_Scoring_CH2_DL.xlsx,rubbing,89.567,0.166000000000011
All_SocIso_GH,EH250624_SocIso_2_Scoring_CH2_DL.xlsx,rubbing,92.467,0.466000000000008
All_SocIso_GH,EH250624_SocIso_2_Scoring_CH2_DL.xlsx,rubbing,95.167,0.5
All_SocIso_GH,EH250624_SocIso_2_Scoring_CH2_DL.xlsx,rubbing,98.433,0.333999999999989
All_SocIso_GH,EH250624_SocIso_2_Scoring_CH2_DL.xlsx,rubbing,99.733,0.566999999999993
All_SocIso_GH,EH250624_SocIso_2_Scoring_CH2_DL.xlsx,rubbing,104.133,0.900000000000006
All_SocIso_GH,EH250624_SocIso_2_Scoring_CH2_DL.xlsx,rubbing,106.067,0.200000000000003
All_SocIso_GH,EH250624_SocIso_2_Scoring_CH2_DL.xlsx,rubbing,106.667,0.299999999999997
All_SocIso_GH,EH250624_SocIso_2_Scoring_CH2_DL.xlsx,rubbing,111.2,0.432999999999993
All_SocIso_GH,EH250624_SocIso_2_Scoring_CH2_DL.xlsx,rubbing,113.033,0.233999999999995
All_SocIso_GH,EH250624_SocIso_2_Scoring_CH2_DL.xlsx,rubbing,114.533,0.533999999999992
All_SocIso_GH,EH250624_SocIso_2_Scoring_CH2_DL.xlsx,rubbing,119.167,0.665999999999997
All_SocIso_GH,EH250624_SocIso_2_Scoring_CH2_DL.xlsx,rubbing,121.4,0.36699999999999
All_SocIso_GH,EH250624_SocIso_2_Scoring_CH2_DL.xlsx,rubbing,126.367,0.799999999999997
All_SocIso_GH,EH250624_SocIso_2_Scoring_CH2_DL.xlsx,rubbing,128.767,0.566000000000003
All_SocIso_GH,EH250624_SocIso_2_Scoring_CH2_DL.xlsx,rubbing,130.867,0.933000000000021
All_SocIso_GH,EH250624_SocIso_2_Scoring_CH2_DL.xlsx,rubbing,134.067,0.365999999999985
All_SocIso_GH,EH250624_SocIso_2_Scoring_CH2_DL.xlsx,rubbing,135.633,0.633999999999986
All_SocIso_GH,EH250624_SocIso_2_Scoring_CH2_DL.xlsx,rubbing,138.6,0.832999999999998
All_SocIso_GH,EH250624_SocIso_2_Scoring_CH2_DL.xlsx,rubbing,141.3,0.299999999999983
All_SocIso_GH,EH250624_SocIso_2_Scoring_CH2_DL.xlsx,rubbing,142.167,0.466000000000008
All_SocIso_GH,EH250624_SocIso_2_Scoring_CH2_DL.xlsx,rubbing,143.8,0.632999999999981
All_SocIso_GH,EH250624_SocIso_2_Scoring_CH2_DL.xlsx,rubbing,146.133,1.167
All_SocIso_GH,EH250624_SocIso_2_Scoring_CH2_DL.xlsx,rubbing,148.533,0.767000000000024
All_SocIso_GH,EH250624_SocIso_2_Scoring_CH2_DL.xlsx,rubbing,150.967,1.06599999999997
All_SocIso_GH,EH250624_SocIso_2_Scoring_CH2_DL.xlsx,rubbing,153.133,0.334000000000003
All_SocIso_GH,EH250624_SocIso_2_Scoring_CH2_DL.xlsx,rubbing,154.267,0.5
All_SocIso_GH,EH250624_SocIso_2_Scoring_CH2_DL.xlsx,rubbing,155.967,0.665999999999997
All_SocIso_GH,EH250624_SocIso_2_Scoring_CH2_DL.xlsx,rubbing,158.767,1.03300000000002
All_SocIso_GH,EH250624_SocIso_2_Scoring_CH2_DL.xlsx,rubbing,161,0.832999999999998
All_SocIso_GH,EH250624_SocIso_2_Scoring_CH2_DL.xlsx,rubbing,164.5,0.800000000000011
All_SocIso_GH,EH250624_SocIso_2_Scoring_CH2_DL.xlsx,rubbing,167.7,0.767000000000024
All_SocIso_GH,EH250624_SocIso_2_Scoring_CH2_DL.xlsx,rubbing,176.7,0.63300000000001
All_SocIso_GH,EH250624_SocIso_2_Scoring_CH2_DL.xlsx,rubbing,178.3,1.39999999999998
All_SocIso_GH,EH250624_SocIso_2_Scoring_CH2_DL.xlsx,rubbing,192.733,1.834
All_SocIso_GH,EH250624_SocIso_2_Scoring_CH2_DL.xlsx,rubbing,197.1,0.900000000000006
All_SocIso_GH,EH250624_SocIso_2_Scoring_CH2_DL.xlsx,rubbing,198.033,0.434000000000026
All_SocIso_GH,EH250624_SocIso_2_Scoring_CH2_DL.xlsx,rubbing,199.167,0.466000000000008
All_SocIso_GH,EH250624_SocIso_2_Scoring_CH2_DL.xlsx,rubbing,201.5,0.667000000000002
All_SocIso_GH,EH250624_SocIso_2_Scoring_CH2_DL.xlsx,rubbing,225.367,2.666
All_SocIso_GH,EH250624_SocIso_2_Scoring_CH2_DL.xlsx,rubbing,228.4,1.40000000000001
All_SocIso_GH,EH250624_SocIso_2_Scoring_CH2_DL.xlsx,rubbing,249.4,1.43299999999999
All_SocIso_GH,EH250624_SocIso_2_Scoring_CH2_DL.xlsx,rubbing,283.033,1.30000000000001
All_SocIso_GH,EH250624_SocIso_2_Scoring_CH2_DL.xlsx,rubbing,284.367,2.86599999999999
All_SocIso_GH,EH250624_SocIso_2_Scoring_CH2_DL.xlsx,rubbing,287.267,0.833000000000027
All_SocIso_GH,EH250624_SocIso_2_Scoring_CH2_DL.xlsx,wing,177.633,0.466999999999985
All_SocIso_GH,EH250624_SocIso_2_Scoring_CH2_DL.xlsx,wing,201.033,0.434000000000026
All_SocIso_GH,EH250624_SocIso_3_2025_06_24T21_58_43_796Z_CH4_GroupHoused.xlsx,abdominal,12.067,0.565999999999999
All_SocIso_GH,EH250624_SocIso_3_2025_06_24T21_58_43_796Z_CH4_GroupHoused.xlsx,abdominal,92.9,0.36699999999999
All_SocIso_GH,EH250624_SocIso_3_2025_06_24T21_58_43_796Z_CH4_GroupHoused.xlsx,abdominal,299.733,0.266999999999996
All_SocIso_GH,EH250624_SocIso_3_2025_06_24T21_58_43_796Z_CH4_GroupHoused.xlsx,class_all_grooming,1.733,0.734
All_SocIso_GH,EH250624_SocIso_3_2025_06_24T21_58_43_796Z_CH4_GroupHoused.xlsx,class_all_grooming,2.667,0.5
All_SocIso_GH,EH250624_SocIso_3_2025_06_24T21_58_43_796Z_CH4_GroupHoused.xlsx,class_all_grooming,8.6,1.533
All_SocIso_GH,EH250624_SocIso_3_2025_06_24T21_58_43_796Z_CH4_GroupHoused.xlsx,class_all_grooming,10.233,1.367
All_SocIso_GH,EH250624_SocIso_3_2025_06_24T21_58_43_796Z_CH4_GroupHoused.xlsx,class_all_grooming,12.067,0.565999999999999
All_SocIso_GH,EH250624_SocIso_3_2025_06_24T21_58_43_796Z_CH4_GroupHoused.xlsx,class_all_grooming,12.667,3.133
All_SocIso_GH,EH250624_SocIso_3_2025_06_24T21_58_43_796Z_CH4_GroupHoused.xlsx,class_all_grooming,16.467,1.233
All_SocIso_GH,EH250624_SocIso_3_2025_06_24T21_58_43_796Z_CH4_GroupHoused.xlsx,class_all_grooming,28,1
All_SocIso_GH,EH250624_SocIso_3_2025_06_24T21_58_43_796Z_CH4_GroupHoused.xlsx,class_all_grooming,45.933,1.5
All_SocIso_GH,EH250624_SocIso_3_2025_06_24T21_58_43_796Z_CH4_GroupHoused.xlsx,class_all_grooming,47.467,1.066
All_SocIso_GH,EH250624_SocIso_3_2025_06_24T21_58_43_796Z_CH4_GroupHoused.xlsx,class_all_grooming,49.167,0.165999999999997
All_SocIso_GH,EH250624_SocIso_3_2025_06_24T21_58_43_796Z_CH4_GroupHoused.xlsx,class_all_grooming,49.367,1.1
All_SocIso_GH,EH250624_SocIso_3_2025_06_24T21_58_43_796Z_CH4_GroupHoused.xlsx,class_all_grooming,50.5,0.966999999999999
All_SocIso_GH,EH250624_SocIso_3_2025_06_24T21_58_43_796Z_CH4_GroupHoused.xlsx,class_all_grooming,57.033,0.833999999999996
All_SocIso_GH,EH250624_SocIso_3_2025_06_24T21_58_43_796Z_CH4_GroupHoused.xlsx,class_all_grooming,58,0.966999999999999
All_SocIso_GH,EH250624_SocIso_3_2025_06_24T21_58_43_796Z_CH4_GroupHoused.xlsx,class_all_grooming,59,0.933
All_SocIso_GH,EH250624_SocIso_3_2025_06_24T21_58_43_796Z_CH4_GroupHoused.xlsx,class_all_grooming,90.167,0.665999999999997
All_SocIso_GH,EH250624_SocIso_3_2025_06_24T21_58_43_796Z_CH4_GroupHoused.xlsx,class_all_grooming,92.3,0.567000000000007
All_SocIso_GH,EH250624_SocIso_3_2025_06_24T21_58_43_796Z_CH4_GroupHoused.xlsx,class_all_grooming,92.9,0.36699999999999
All_SocIso_GH,EH250624_SocIso_3_2025_06_24T21_58_43_796Z_CH4_GroupHoused.xlsx,class_all_grooming,93.3,2.233
All_SocIso_GH,EH250624_SocIso_3_2025_06_24T21_58_43_796Z_CH4_GroupHoused.xlsx,class_all_grooming,98.567,5.40000000000001
All_SocIso_GH,EH250624_SocIso_3_2025_06_24T21_58_43_796Z_CH4_GroupHoused.xlsx,class_all_grooming,109.867,1.93299999999999
All_SocIso_GH,EH250624_SocIso_3_2025_06_24T21_58_43_796Z_CH4_GroupHoused.xlsx,class_all_grooming,112.6,2.033
All_SocIso_GH,EH250624_SocIso_3_2025_06_24T21_58_43_796Z_CH4_GroupHoused.xlsx,class_all_grooming,114.9,0.566999999999993
All_SocIso_GH,EH250624_SocIso_3_2025_06_24T21_58_43_796Z_CH4_GroupHoused.xlsx,class_all_grooming,115.5,0.799999999999997
All_SocIso_GH,EH250624_SocIso_3_2025_06_24T21_58_43_796Z_CH4_GroupHoused.xlsx,class_all_grooming,116.333,0.233999999999995
All_SocIso_GH,EH250624_SocIso_3_2025_06_24T21_58_43_796Z_CH4_GroupHoused.xlsx,class_all_grooming,116.6,1.667
All_SocIso_GH,EH250624_SocIso_3_2025_06_24T21_58_43_796Z_CH4_GroupHoused.xlsx,class_all_grooming,118.3,0.766999999999996
All_SocIso_GH,EH250624_SocIso_3_2025_06_24T21_58_43_796Z_CH4_GroupHoused.xlsx,class_all_grooming,119.1,0.600000000000009
All_SocIso_GH,EH250624_SocIso_3_2025_06_24T21_58_43_796Z_CH4_GroupHoused.xlsx,class_all_grooming,119.733,0.5
All_SocIso_GH,EH250624_SocIso_3_2025_06_24T21_58_43_796Z_CH4_GroupHoused.xlsx,class_all_grooming,120.267,1
All_SocIso_GH,EH250624_SocIso_3_2025_06_24T21_58_43_796Z_CH4_GroupHoused.xlsx,class_all_grooming,121.3,0.667000000000002
All_SocIso_GH,EH250624_SocIso_3_2025_06_24T21_58_43_796Z_CH4_GroupHoused.xlsx,class_all_grooming,122,0.299999999999997
All_SocIso_GH,EH250624_SocIso_3_2025_06_24T21_58_43_796Z_CH4_GroupHoused.xlsx,class_all_grooming,122.333,0.367000000000004
All_SocIso_GH,EH250624_SocIso_3_2025_06_24T21_58_43_796Z_CH4_GroupHoused.xlsx,class_all_grooming,122.733,0.86699999999999
All_SocIso_GH,EH250624_SocIso_3_2025_06_24T21_58_43_796Z_CH4_GroupHoused.xlsx,class_all_grooming,123.633,1.40000000000001
All_SocIso_GH,EH250624_SocIso_3_2025_06_24T21_58_43_796Z_CH4_GroupHoused.xlsx,class_all_grooming,148.167,0.733000000000004
All_SocIso_GH,EH250624_SocIso_3_2025_06_24T21_58_43_796Z_CH4_GroupHoused.xlsx,class_all_grooming,154.3,3.59999999999999
All_SocIso_GH,EH250624_SocIso_3_2025_06_24T21_58_43_796Z_CH4_GroupHoused.xlsx,class_all_grooming,161.333,0.86699999999999
All_SocIso_GH,EH250624_SocIso_3_2025_06_24T21_58_43_796Z_CH4_GroupHoused.xlsx,class_all_grooming,162.567,1.833
All_SocIso_GH,EH250624_SocIso_3_2025_06_24T21_58_43_796Z_CH4_GroupHoused.xlsx,class_all_grooming,164.433,0.766999999999996
All_SocIso_GH,EH250624_SocIso_3_2025_06_24T21_58_43_796Z_CH4_GroupHoused.xlsx,class_all_grooming,165.233,3.40000000000001
All_SocIso_GH,EH250624_SocIso_3_2025_06_24T21_58_43_796Z_CH4_GroupHoused.xlsx,class_all_grooming,168.867,1.43300000000002
All_SocIso_GH,EH250624_SocIso_3_2025_06_24T21_58_43_796Z_CH4_GroupHoused.xlsx,class_all_grooming,170.333,0.699999999999989
All_SocIso_GH,EH250624_SocIso_3_2025_06_24T21_58_43_796Z_CH4_GroupHoused.xlsx,class_all_grooming,171.367,1.20000000000002
All_SocIso_GH,EH250624_SocIso_3_2025_06_24T21_58_43_796Z_CH4_GroupHoused.xlsx,class_all_grooming,172.6,1.63300000000001
All_SocIso_GH,EH250624_SocIso_3_2025_06_24T21_58_43_796Z_CH4_GroupHoused.xlsx,class_all_grooming,174.5,0.432999999999993
All_SocIso_GH,EH250624_SocIso_3_2025_06_24T21_58_43_796Z_CH4_GroupHoused.xlsx,class_all_grooming,174.967,0.665999999999997
All_SocIso_GH,EH250624_SocIso_3_2025_06_24T21_58_43_796Z_CH4_GroupHoused.xlsx,class_all_grooming,175.667,1.333
All_SocIso_GH,EH250624_SocIso_3_2025_06_24T21_58_43_796Z_CH4_GroupHoused.xlsx,class_all_grooming,177.533,1.334
All_SocIso_GH,EH250624_SocIso_3_2025_06_24T21_58_43_796Z_CH4_GroupHoused.xlsx,class_all_grooming,178.9,0.932999999999993
All_SocIso_GH,EH250624_SocIso_3_2025_06_24T21_58_43_796Z_CH4_GroupHoused.xlsx,class_all_grooming,180.333,1.80000000000001
All_SocIso_GH,EH250624_SocIso_3_2025_06_24T21_58_43_796Z_CH4_GroupHoused.xlsx,class_all_grooming,182.333,0.967000000000013
All_SocIso_GH,EH250624_SocIso_3_2025_06_24T21_58_43_796Z_CH4_GroupHoused.xlsx,class_all_grooming,183.567,0.5
All_SocIso_GH,EH250624_SocIso_3_2025_06_24T21_58_43_796Z_CH4_GroupHoused.xlsx,class_all_grooming,184.133,0.433999999999997
All_SocIso_GH,EH250624_SocIso_3_2025_06_24T21_58_43_796Z_CH4_GroupHoused.xlsx,class_all_grooming,184.6,1.03300000000002
All_SocIso_GH,EH250624_SocIso_3_2025_06_24T21_58_43_796Z_CH4_GroupHoused.xlsx,class_all_grooming,208.2,0.767000000000024
All_SocIso_GH,EH250624_SocIso_3_2025_06_24T21_58_43_796Z_CH4_GroupHoused.xlsx,class_all_grooming,209.833,1.934
All_SocIso_GH,EH250624_SocIso_3_2025_06_24T21_58_43_796Z_CH4_GroupHoused.xlsx,class_all_grooming,217.233,1.5
All_SocIso_GH,EH250624_SocIso_3_2025_06_24T21_58_43_796Z_CH4_GroupHoused.xlsx,class_all_grooming,219.233,2.19999999999999
All_SocIso_GH,EH250624_SocIso_3_2025_06_24T21_58_43_796Z_CH4_GroupHoused.xlsx,class_all_grooming,221.467,1.53299999999999
All_SocIso_GH,EH250624_SocIso_3_2025_06_24T21_58_43_796Z_CH4_GroupHoused.xlsx,class_all_grooming,223.067,0.665999999999997
All_SocIso_GH,EH250624_SocIso_3_2025_06_24T21_58_43_796Z_CH4_GroupHoused.xlsx,class_all_grooming,223.767,0.233000000000004
All_SocIso_GH,EH250624_SocIso_3_2025_06_24T21_58_43_796Z_CH4_GroupHoused.xlsx,class_all_grooming,241.1,1.80000000000001
All_SocIso_GH,EH250624_SocIso_3_2025_06_24T21_58_43_796Z_CH4_GroupHoused.xlsx,class_all_grooming,243.767,2.26599999999999
All_SocIso_GH,EH250624_SocIso_3_2025_06_24T21_58_43_796Z_CH4_GroupHoused.xlsx,class_all_grooming,246.067,0.46599999999998
All_SocIso_GH,EH250624_SocIso_3_2025_06_24T21_58_43_796Z_CH4_GroupHoused.xlsx,class_all_grooming,246.567,0.799999999999983
All_SocIso_GH,EH250624_SocIso_3_2025_06_24T21_58_43_796Z_CH4_GroupHoused.xlsx,class_all_grooming,247.4,1.167
All_SocIso_GH,EH250624_SocIso_3_2025_06_24T21_58_43_796Z_CH4_GroupHoused.xlsx,class_all_grooming,279.2,0.966999999999985
All_SocIso_GH,EH250624_SocIso_3_2025_06_24T21_58_43_796Z_CH4_GroupHoused.xlsx,class_all_grooming,280.267,0.932999999999993
All_SocIso_GH,EH250624_SocIso_3_2025_06_24T21_58_43_796Z_CH4_GroupHoused.xlsx,class_all_grooming,282.5,6.53300000000002
All_SocIso_GH,EH250624_SocIso_3_2025_06_24T21_58_43_796Z_CH4_GroupHoused.xlsx,class_all_grooming,289.067,1.83299999999997
All_SocIso_GH,EH250624_SocIso_3_2025_06_24T21_58_43_796Z_CH4_GroupHoused.xlsx,class_all_grooming,290.933,1
All_SocIso_GH,EH250624_SocIso_3_2025_06_24T21_58_43_796Z_CH4_GroupHoused.xlsx,class_all_grooming,291.967,2.30000000000001
All_SocIso_GH,EH250624_SocIso_3_2025_06_24T21_58_43_796Z_CH4_GroupHoused.xlsx,class_all_grooming,294.333,0.799999999999955
All_SocIso_GH,EH250624_SocIso_3_2025_06_24T21_58_43_796Z_CH4_GroupHoused.xlsx,class_all_grooming,295.167,0.966000000000008
All_SocIso_GH,EH250624_SocIso_3_2025_06_24T21_58_43_796Z_CH4_GroupHoused.xlsx,class_all_grooming,299.733,0.266999999999996
All_SocIso_GH,EH250624_SocIso_3_2025_06_24T21_58_43_796Z_CH4_GroupHoused.xlsx,head,58,0.966999999999999
All_SocIso_GH,EH250624_SocIso_3_2025_06_24T21_58_43_796Z_CH4_GroupHoused.xlsx,head,114.9,0.566999999999993
All_SocIso_GH,EH250624_SocIso_3_2025_06_24T21_58_43_796Z_CH4_GroupHoused.xlsx,head,116.333,0.233999999999995
All_SocIso_GH,EH250624_SocIso_3_2025_06_24T21_58_43_796Z_CH4_GroupHoused.xlsx,head,118.3,0.766999999999996
All_SocIso_GH,EH250624_SocIso_3_2025_06_24T21_58_43_796Z_CH4_GroupHoused.xlsx,head,119.733,0.5
All_SocIso_GH,EH250624_SocIso_3_2025_06_24T21_58_43_796Z_CH4_GroupHoused.xlsx,head,121.3,0.667000000000002
All_SocIso_GH,EH250624_SocIso_3_2025_06_24T21_58_43_796Z_CH4_GroupHoused.xlsx,head,122.333,0.367000000000004
All_SocIso_GH,EH250624_SocIso_3_2025_06_24T21_58_43_796Z_CH4_GroupHoused.xlsx,head,123.633,1.40000000000001
All_SocIso_GH,EH250624_SocIso_3_2025_06_24T21_58_43_796Z_CH4_GroupHoused.xlsx,head,174.967,0.665999999999997
All_SocIso_GH,EH250624_SocIso_3_2025_06_24T21_58_43_796Z_CH4_GroupHoused.xlsx,head,182.333,0.967000000000013
All_SocIso_GH,EH250624_SocIso_3_2025_06_24T21_58_43_796Z_CH4_GroupHoused.xlsx,head,183.567,0.5
All_SocIso_GH,EH250624_SocIso_3_2025_06_24T21_58_43_796Z_CH4_GroupHoused.xlsx,head,184.133,0.433999999999997
All_SocIso_GH,EH250624_SocIso_3_2025_06_24T21_58_43_796Z_CH4_GroupHoused.xlsx,head,223.767,0.233000000000004
All_SocIso_GH,EH250624_SocIso_3_2025_06_24T21_58_43_796Z_CH4_GroupHoused.xlsx,head,246.067,0.46599999999998
All_SocIso_GH,EH250624_SocIso_3_2025_06_24T21_58_43_796Z_CH4_GroupHoused.xlsx,head,247.4,1.167
All_SocIso_GH,EH250624_SocIso_3_2025_06_24T21_58_43_796Z_CH4_GroupHoused.xlsx,head,289.067,1.83299999999997
All_SocIso_GH,EH250624_SocIso_3_2025_06_24T21_58_43_796Z_CH4_GroupHoused.xlsx,head,291.967,2.30000000000001
All_SocIso_GH,EH250624_SocIso_3_2025_06_24T21_58_43_796Z_CH4_GroupHoused.xlsx,head,295.167,0.966000000000008
All_SocIso_GH,EH250624_SocIso_3_2025_06_24T21_58_43_796Z_CH4_GroupHoused.xlsx,rubbing,1.733,0.734
All_SocIso_GH,EH250624_SocIso_3_2025_06_24T21_58_43_796Z_CH4_GroupHoused.xlsx,rubbing,2.667,0.5
All_SocIso_GH,EH250624_SocIso_3_2025_06_24T21_58_43_796Z_CH4_GroupHoused.xlsx,rubbing,8.6,1.533
All_SocIso_GH,EH250624_SocIso_3_2025_06_24T21_58_43_796Z_CH4_GroupHoused.xlsx,rubbing,10.233,1.367
All_SocIso_GH,EH250624_SocIso_3_2025_06_24T21_58_43_796Z_CH4_GroupHoused.xlsx,rubbing,12.667,3.133
All_SocIso_GH,EH250624_SocIso_3_2025_06_24T21_58_43_796Z_CH4_GroupHoused.xlsx,rubbing,16.467,1.233
All_SocIso_GH,EH250624_SocIso_3_2025_06_24T21_58_43_796Z_CH4_GroupHoused.xlsx,rubbing,28,1
All_SocIso_GH,EH250624_SocIso_3_2025_06_24T21_58_43_796Z_CH4_GroupHoused.xlsx,rubbing,45.933,1.5
All_SocIso_GH,EH250624_SocIso_3_2025_06_24T21_58_43_796Z_CH4_GroupHoused.xlsx,rubbing,47.467,1.066
All_SocIso_GH,EH250624_SocIso_3_2025_06_24T21_58_43_796Z_CH4_GroupHoused.xlsx,rubbing,49.167,0.165999999999997
All_SocIso_GH,EH250624_SocIso_3_2025_06_24T21_58_43_796Z_CH4_GroupHoused.xlsx,rubbing,49.367,1.1
All_SocIso_GH,EH250624_SocIso_3_2025_06_24T21_58_43_796Z_CH4_GroupHoused.xlsx,rubbing,50.5,0.966999999999999
All_SocIso_GH,EH250624_SocIso_3_2025_06_24T21_58_43_796Z_CH4_GroupHoused.xlsx,rubbing,57.033,0.833999999999996
All_SocIso_GH,EH250624_SocIso_3_2025_06_24T21_58_43_796Z_CH4_GroupHoused.xlsx,rubbing,59,0.933
All_SocIso_GH,EH250624_SocIso_3_2025_06_24T21_58_43_796Z_CH4_GroupHoused.xlsx,rubbing,90.167,0.665999999999997
All_SocIso_GH,EH250624_SocIso_3_2025_06_24T21_58_43_796Z_CH4_GroupHoused.xlsx,rubbing,92.3,0.567000000000007
All_SocIso_GH,EH250624_SocIso_3_2025_06_24T21_58_43_796Z_CH4_GroupHoused.xlsx,rubbing,93.3,2.233
All_SocIso_GH,EH250624_SocIso_3_2025_06_24T21_58_43_796Z_CH4_GroupHoused.xlsx,rubbing,98.567,5.40000000000001
All_SocIso_GH,EH250624_SocIso_3_2025_06_24T21_58_43_796Z_CH4_GroupHoused.xlsx,rubbing,109.867,1.93299999999999
All_SocIso_GH,EH250624_SocIso_3_2025_06_24T21_58_43_796Z_CH4_GroupHoused.xlsx,rubbing,112.6,2.033
All_SocIso_GH,EH250624_SocIso_3_2025_06_24T21_58_43_796Z_CH4_GroupHoused.xlsx,rubbing,115.5,0.799999999999997
All_SocIso_GH,EH250624_SocIso_3_2025_06_24T21_58_43_796Z_CH4_GroupHoused.xlsx,rubbing,116.6,1.667
All_SocIso_GH,EH250624_SocIso_3_2025_06_24T21_58_43_796Z_CH4_GroupHoused.xlsx,rubbing,119.1,0.600000000000009
All_SocIso_GH,EH250624_SocIso_3_2025_06_24T21_58_43_796Z_CH4_GroupHoused.xlsx,rubbing,120.267,1
All_SocIso_GH,EH250624_SocIso_3_2025_06_24T21_58_43_796Z_CH4_GroupHoused.xlsx,rubbing,122,0.299999999999997
All_SocIso_GH,EH250624_SocIso_3_2025_06_24T21_58_43_796Z_CH4_GroupHoused.xlsx,rubbing,122.733,0.86699999999999
All_SocIso_GH,EH250624_SocIso_3_2025_06_24T21_58_43_796Z_CH4_GroupHoused.xlsx,rubbing,148.167,0.733000000000004
All_SocIso_GH,EH250624_SocIso_3_2025_06_24T21_58_43_796Z_CH4_GroupHoused.xlsx,rubbing,154.3,3.59999999999999
All_SocIso_GH,EH250624_SocIso_3_2025_06_24T21_58_43_796Z_CH4_GroupHoused.xlsx,rubbing,161.333,0.86699999999999
All_SocIso_GH,EH250624_SocIso_3_2025_06_24T21_58_43_796Z_CH4_GroupHoused.xlsx,rubbing,162.567,1.833
All_SocIso_GH,EH250624_SocIso_3_2025_06_24T21_58_43_796Z_CH4_GroupHoused.xlsx,rubbing,164.433,0.766999999999996
All_SocIso_GH,EH250624_SocIso_3_2025_06_24T21_58_43_796Z_CH4_GroupHoused.xlsx,rubbing,170.333,0.699999999999989
All_SocIso_GH,EH250624_SocIso_3_2025_06_24T21_58_43_796Z_CH4_GroupHoused.xlsx,rubbing,171.367,1.20000000000002
All_SocIso_GH,EH250624_SocIso_3_2025_06_24T21_58_43_796Z_CH4_GroupHoused.xlsx,rubbing,172.6,1.63300000000001
All_SocIso_GH,EH250624_SocIso_3_2025_06_24T21_58_43_796Z_CH4_GroupHoused.xlsx,rubbing,174.5,0.432999999999993
All_SocIso_GH,EH250624_SocIso_3_2025_06_24T21_58_43_796Z_CH4_GroupHoused.xlsx,rubbing,175.667,1.333
All_SocIso_GH,EH250624_SocIso_3_2025_06_24T21_58_43_796Z_CH4_GroupHoused.xlsx,rubbing,177.533,1.334
All_SocIso_GH,EH250624_SocIso_3_2025_06_24T21_58_43_796Z_CH4_GroupHoused.xlsx,rubbing,178.9,0.932999999999993
All_SocIso_GH,EH250624_SocIso_3_2025_06_24T21_58_43_796Z_CH4_GroupHoused.xlsx,rubbing,180.333,1.80000000000001
All_SocIso_GH,EH250624_SocIso_3_2025_06_24T21_58_43_796Z_CH4_GroupHoused.xlsx,rubbing,184.6,1.03300000000002
All_SocIso_GH,EH250624_SocIso_3_2025_06_24T21_58_43_796Z_CH4_GroupHoused.xlsx,rubbing,208.2,0.767000000000024
All_SocIso_GH,EH250624_SocIso_3_2025_06_24T21_58_43_796Z_CH4_GroupHoused.xlsx,rubbing,209.833,1.934
All_SocIso_GH,EH250624_SocIso_3_2025_06_24T21_58_43_796Z_CH4_GroupHoused.xlsx,rubbing,217.233,1.5
All_SocIso_GH,EH250624_SocIso_3_2025_06_24T21_58_43_796Z_CH4_GroupHoused.xlsx,rubbing,219.233,2.19999999999999
All_SocIso_GH,EH250624_SocIso_3_2025_06_24T21_58_43_796Z_CH4_GroupHoused.xlsx,rubbing,221.467,1.53299999999999
All_SocIso_GH,EH250624_SocIso_3_2025_06_24T21_58_43_796Z_CH4_GroupHoused.xlsx,rubbing,223.067,0.665999999999997
All_SocIso_GH,EH250624_SocIso_3_2025_06_24T21_58_43_796Z_CH4_GroupHoused.xlsx,rubbing,241.1,1.80000000000001
All_SocIso_GH,EH250624_SocIso_3_2025_06_24T21_58_43_796Z_CH4_GroupHoused.xlsx,rubbing,243.767,2.26599999999999
All_SocIso_GH,EH250624_SocIso_3_2025_06_24T21_58_43_796Z_CH4_GroupHoused.xlsx,rubbing,246.567,0.799999999999983
All_SocIso_GH,EH250624_SocIso_3_2025_06_24T21_58_43_796Z_CH4_GroupHoused.xlsx,rubbing,279.2,0.966999999999985
All_SocIso_GH,EH250624_SocIso_3_2025_06_24T21_58_43_796Z_CH4_GroupHoused.xlsx,rubbing,280.267,0.932999999999993
All_SocIso_GH,EH250624_SocIso_3_2025_06_24T21_58_43_796Z_CH4_GroupHoused.xlsx,rubbing,282.5,6.53300000000002
All_SocIso_GH,EH250624_SocIso_3_2025_06_24T21_58_43_796Z_CH4_GroupHoused.xlsx,rubbing,290.933,1
All_SocIso_GH,EH250624_SocIso_3_2025_06_24T21_58_43_796Z_CH4_GroupHoused.xlsx,rubbing,294.333,0.799999999999955
All_SocIso_GH,EH250624_SocIso_3_2025_06_24T21_58_43_796Z_CH4_GroupHoused.xlsx,wing,165.233,3.40000000000001
All_SocIso_GH,EH250624_SocIso_3_2025_06_24T21_58_43_796Z_CH4_GroupHoused.xlsx,wing,168.867,1.43300000000002
All_SocIso_GH,EH250624_SocIso_3_Ch3_MRC.xlsx,abdominal,44.7,0.599999999999994
All_SocIso_GH,EH250624_SocIso_3_Ch3_MRC.xlsx,abdominal,64.467,1.3
All_SocIso_GH,EH250624_SocIso_3_Ch3_MRC.xlsx,abdominal,79.033,0.5
All_SocIso_GH,EH250624_SocIso_3_Ch3_MRC.xlsx,abdominal,157.367,0.76600000000002
All_SocIso_GH,EH250624_SocIso_3_Ch3_MRC.xlsx,abdominal,181.6,2.56700000000001
All_SocIso_GH,EH250624_SocIso_3_Ch3_MRC.xlsx,abdominal,292.967,1.03300000000002
All_SocIso_GH,EH250624_SocIso_3_Ch3_MRC.xlsx,class_all_grooming,13.133,0.600000000000001
All_SocIso_GH,EH250624_SocIso_3_Ch3_MRC.xlsx,class_all_grooming,14.3,0.399999999999999
All_SocIso_GH,EH250624_SocIso_3_Ch3_MRC.xlsx,class_all_grooming,14.733,0.667
All_SocIso_GH,EH250624_SocIso_3_Ch3_MRC.xlsx,class_all_grooming,16.333,1.967
All_SocIso_GH,EH250624_SocIso_3_Ch3_MRC.xlsx,class_all_grooming,18.433,2.134
All_SocIso_GH,EH250624_SocIso_3_Ch3_MRC.xlsx,class_all_grooming,20.6,0.132999999999999
All_SocIso_GH,EH250624_SocIso_3_Ch3_MRC.xlsx,class_all_grooming,21.4,2.533
All_SocIso_GH,EH250624_SocIso_3_Ch3_MRC.xlsx,class_all_grooming,36.167,1.533
All_SocIso_GH,EH250624_SocIso_3_Ch3_MRC.xlsx,class_all_grooming,38.867,0.766000000000005
All_SocIso_GH,EH250624_SocIso_3_Ch3_MRC.xlsx,class_all_grooming,39.833,3.3
All_SocIso_GH,EH250624_SocIso_3_Ch3_MRC.xlsx,class_all_grooming,43.333,1.234
All_SocIso_GH,EH250624_SocIso_3_Ch3_MRC.xlsx,class_all_grooming,44.7,0.599999999999994
All_SocIso_GH,EH250624_SocIso_3_Ch3_MRC.xlsx,class_all_grooming,45.3,1
All_SocIso_GH,EH250624_SocIso_3_Ch3_MRC.xlsx,class_all_grooming,46.333,0.600000000000001
All_SocIso_GH,EH250624_SocIso_3_Ch3_MRC.xlsx,class_all_grooming,47.3,1.96700000000001
All_SocIso_GH,EH250624_SocIso_3_Ch3_MRC.xlsx,class_all_grooming,49.433,1.867
All_SocIso_GH,EH250624_SocIso_3_Ch3_MRC.xlsx,class_all_grooming,51.6,1.667
All_SocIso_GH,EH250624_SocIso_3_Ch3_MRC.xlsx,class_all_grooming,53.767,4.59999999999999
All_SocIso_GH,EH250624_SocIso_3_Ch3_MRC.xlsx,class_all_grooming,59.2,1.833
All_SocIso_GH,EH250624_SocIso_3_Ch3_MRC.xlsx,class_all_grooming,61.667,2.59999999999999
All_SocIso_GH,EH250624_SocIso_3_Ch3_MRC.xlsx,class_all_grooming,64.467,1.3
All_SocIso_GH,EH250624_SocIso_3_Ch3_MRC.xlsx,class_all_grooming,65.8,1.333
All_SocIso_GH,EH250624_SocIso_3_Ch3_MRC.xlsx,class_all_grooming,68.433,1.59999999999999
All_SocIso_GH,EH250624_SocIso_3_Ch3_MRC.xlsx,class_all_grooming,72.1,1.30000000000001
All_SocIso_GH,EH250624_SocIso_3_Ch3_MRC.xlsx,class_all_grooming,73.667,3.366
All_SocIso_GH,EH250624_SocIso_3_Ch3_MRC.xlsx,class_all_grooming,78.467,0.533000000000001
All_SocIso_GH,EH250624_SocIso_3_Ch3_MRC.xlsx,class_all_grooming,79.033,0.5
All_SocIso_GH,EH250624_SocIso_3_Ch3_MRC.xlsx,class_all_grooming,79.667,1.89999999999999
All_SocIso_GH,EH250624_SocIso_3_Ch3_MRC.xlsx,class_all_grooming,81.6,3.967
All_SocIso_GH,EH250624_SocIso_3_Ch3_MRC.xlsx,class_all_grooming,85.6,2.367
All_SocIso_GH,EH250624_SocIso_3_Ch3_MRC.xlsx,class_all_grooming,91.467,7.366
All_SocIso_GH,EH250624_SocIso_3_Ch3_MRC.xlsx,class_all_grooming,99.033,4.367
All_SocIso_GH,EH250624_SocIso_3_Ch3_MRC.xlsx,class_all_grooming,103.8,6.467
All_SocIso_GH,EH250624_SocIso_3_Ch3_MRC.xlsx,class_all_grooming,119.5,0.900000000000006
All_SocIso_GH,EH250624_SocIso_3_Ch3_MRC.xlsx,class_all_grooming,121.467,8.10000000000001
All_SocIso_GH,EH250624_SocIso_3_Ch3_MRC.xlsx,class_all_grooming,129.667,6.86599999999999
All_SocIso_GH,EH250624_SocIso_3_Ch3_MRC.xlsx,class_all_grooming,143.467,0.832999999999998
All_SocIso_GH,EH250624_SocIso_3_Ch3_MRC.xlsx,class_all_grooming,145.3,1.79999999999998
All_SocIso_GH,EH250624_SocIso_3_Ch3_MRC.xlsx,class_all_grooming,147.767,0.832999999999998
All_SocIso_GH,EH250624_SocIso_3_Ch3_MRC.xlsx,class_all_grooming,148.833,8.5
All_SocIso_GH,EH250624_SocIso_3_Ch3_MRC.xlsx,class_all_grooming,157.367,0.76600000000002
All_SocIso_GH,EH250624_SocIso_3_Ch3_MRC.xlsx,class_all_grooming,158.167,1.166
All_SocIso_GH,EH250624_SocIso_3_Ch3_MRC.xlsx,class_all_grooming,163.9,0.932999999999993
All_SocIso_GH,EH250624_SocIso_3_Ch3_MRC.xlsx,class_all_grooming,165.167,1.03299999999999
All_SocIso_GH,EH250624_SocIso_3_Ch3_MRC.xlsx,class_all_grooming,167.033,1.167
All_SocIso_GH,EH250624_SocIso_3_Ch3_MRC.xlsx,class_all_grooming,168.7,0.667000000000002
All_SocIso_GH,EH250624_SocIso_3_Ch3_MRC.xlsx,class_all_grooming,169.667,1.19999999999999
All_SocIso_GH,EH250624_SocIso_3_Ch3_MRC.xlsx,class_all_grooming,171.267,10.3
All_SocIso_GH,EH250624_SocIso_3_Ch3_MRC.xlsx,class_all_grooming,181.6,2.56700000000001
All_SocIso_GH,EH250624_SocIso_3_Ch3_MRC.xlsx,class_all_grooming,184.2,11.6
All_SocIso_GH,EH250624_SocIso_3_Ch3_MRC.xlsx,class_all_grooming,196.867,0.832999999999998
All_SocIso_GH,EH250624_SocIso_3_Ch3_MRC.xlsx,class_all_grooming,198.2,0.900000000000006
All_SocIso_GH,EH250624_SocIso_3_Ch3_MRC.xlsx,class_all_grooming,206.233,1.56700000000001
All_SocIso_GH,EH250624_SocIso_3_Ch3_MRC.xlsx,class_all_grooming,212.833,1.09999999999999
All_SocIso_GH,EH250624_SocIso_3_Ch3_MRC.xlsx,class_all_grooming,214.167,0.832999999999998
All_SocIso_GH,EH250624_SocIso_3_Ch3_MRC.xlsx,class_all_grooming,215.467,2.06599999999997
All_SocIso_GH,EH250624_SocIso_3_Ch3_MRC.xlsx,class_all_grooming,218.267,3.46600000000001
All_SocIso_GH,EH250624_SocIso_3_Ch3_MRC.xlsx,class_all_grooming,221.767,0.300000000000011
All_SocIso_GH,EH250624_SocIso_3_Ch3_MRC.xlsx,class_all_grooming,222.1,2.86700000000002
All_SocIso_GH,EH250624_SocIso_3_Ch3_MRC.xlsx,class_all_grooming,225.3,8.06699999999998
All_SocIso_GH,EH250624_SocIso_3_Ch3_MRC.xlsx,class_all_grooming,236.9,1.333
All_SocIso_GH,EH250624_SocIso_3_Ch3_MRC.xlsx,class_all_grooming,245.567,2.26599999999999
All_SocIso_GH,EH250624_SocIso_3_Ch3_MRC.xlsx,class_all_grooming,250.267,2.30000000000001
All_SocIso_GH,EH250624_SocIso_3_Ch3_MRC.xlsx,class_all_grooming,252.933,2.53400000000002
All_SocIso_GH,EH250624_SocIso_3_Ch3_MRC.xlsx,class_all_grooming,255.9,1.03299999999999
All_SocIso_GH,EH250624_SocIso_3_Ch3_MRC.xlsx,class_all_grooming,257.667,2.20000000000005
All_SocIso_GH,EH250624_SocIso_3_Ch3_MRC.xlsx,class_all_grooming,260.3,2.96699999999998
All_SocIso_GH,EH250624_SocIso_3_Ch3_MRC.xlsx,class_all_grooming,263.867,1.79999999999995
All_SocIso_GH,EH250624_SocIso_3_Ch3_MRC.xlsx,class_all_grooming,266.1,2.19999999999999
All_SocIso_GH,EH250624_SocIso_3_Ch3_MRC.xlsx,class_all_grooming,268.6,1.63299999999998
All_SocIso_GH,EH250624_SocIso_3_Ch3_MRC.xlsx,class_all_grooming,274.633,0.967000000000041
All_SocIso_GH,EH250624_SocIso_3_Ch3_MRC.xlsx,class_all_grooming,276.333,13.1
All_SocIso_GH,EH250624_SocIso_3_Ch3_MRC.xlsx,class_all_grooming,290.8,2.13299999999998
All_SocIso_GH,EH250624_SocIso_3_Ch3_MRC.xlsx,class_all_grooming,292.967,1.03300000000002
All_SocIso_GH,EH250624_SocIso_3_Ch3_MRC.xlsx,class_all_grooming,294.033,3.73399999999998
All_SocIso_GH,EH250624_SocIso_3_Ch3_MRC.xlsx,class_all_grooming,298.667,1.33300000000003
All_SocIso_GH,EH250624_SocIso_3_Ch3_MRC.xlsx,rubbing,13.133,0.600000000000001
All_SocIso_GH,EH250624_SocIso_3_Ch3_MRC.xlsx,rubbing,14.3,0.399999999999999
All_SocIso_GH,EH250624_SocIso_3_Ch3_MRC.xlsx,rubbing,14.733,0.667
All_SocIso_GH,EH250624_SocIso_3_Ch3_MRC.xlsx,rubbing,16.333,1.967
All_SocIso_GH,EH250624_SocIso_3_Ch3_MRC.xlsx,rubbing,18.433,2.134
All_SocIso_GH,EH250624_SocIso_3_Ch3_MRC.xlsx,rubbing,20.6,0.132999999999999
All_SocIso_GH,EH250624_SocIso_3_Ch3_MRC.xlsx,rubbing,21.4,2.533
All_SocIso_GH,EH250624_SocIso_3_Ch3_MRC.xlsx,rubbing,36.167,1.533
All_SocIso_GH,EH250624_SocIso_3_Ch3_MRC.xlsx,rubbing,38.867,0.766000000000005
All_SocIso_GH,EH250624_SocIso_3_Ch3_MRC.xlsx,rubbing,39.833,3.3
All_SocIso_GH,EH250624_SocIso_3_Ch3_MRC.xlsx,rubbing,43.333,1.234
All_SocIso_GH,EH250624_SocIso_3_Ch3_MRC.xlsx,rubbing,45.3,1
All_SocIso_GH,EH250624_SocIso_3_Ch3_MRC.xlsx,rubbing,46.333,0.600000000000001
All_SocIso_GH,EH250624_SocIso_3_Ch3_MRC.xlsx,rubbing,47.3,1.96700000000001
All_SocIso_GH,EH250624_SocIso_3_Ch3_MRC.xlsx,rubbing,49.433,1.867
All_SocIso_GH,EH250624_SocIso_3_Ch3_MRC.xlsx,rubbing,51.6,1.667
All_SocIso_GH,EH250624_SocIso_3_Ch3_MRC.xlsx,rubbing,53.767,4.59999999999999
All_SocIso_GH,EH250624_SocIso_3_Ch3_MRC.xlsx,rubbing,59.2,1.833
All_SocIso_GH,EH250624_SocIso_3_Ch3_MRC.xlsx,rubbing,61.667,2.59999999999999
All_SocIso_GH,EH250624_SocIso_3_Ch3_MRC.xlsx,rubbing,65.8,1.333
All_SocIso_GH,EH250624_SocIso_3_Ch3_MRC.xlsx,rubbing,68.433,1.59999999999999
All_SocIso_GH,EH250624_SocIso_3_Ch3_MRC.xlsx,rubbing,72.1,1.30000000000001
All_SocIso_GH,EH250624_SocIso_3_Ch3_MRC.xlsx,rubbing,73.667,3.366
All_SocIso_GH,EH250624_SocIso_3_Ch3_MRC.xlsx,rubbing,78.467,0.533000000000001
All_SocIso_GH,EH250624_SocIso_3_Ch3_MRC.xlsx,rubbing,79.667,1.89999999999999
All_SocIso_GH,EH250624_SocIso_3_Ch3_MRC.xlsx,rubbing,81.6,3.967
All_SocIso_GH,EH250624_SocIso_3_Ch3_MRC.xlsx,rubbing,85.6,2.367
All_SocIso_GH,EH250624_SocIso_3_Ch3_MRC.xlsx,rubbing,91.467,7.366
All_SocIso_GH,EH250624_SocIso_3_Ch3_MRC.xlsx,rubbing,99.033,4.367
All_SocIso_GH,EH250624_SocIso_3_Ch3_MRC.xlsx,rubbing,103.8,6.467
All_SocIso_GH,EH250624_SocIso_3_Ch3_MRC.xlsx,rubbing,119.5,0.900000000000006
All_SocIso_GH,EH250624_SocIso_3_Ch3_MRC.xlsx,rubbing,121.467,8.10000000000001
All_SocIso_GH,EH250624_SocIso_3_Ch3_MRC.xlsx,rubbing,129.667,6.86599999999999
All_SocIso_GH,EH250624_SocIso_3_Ch3_MRC.xlsx,rubbing,143.467,0.832999999999998
All_SocIso_GH,EH250624_SocIso_3_Ch3_MRC.xlsx,rubbing,145.3,1.79999999999998
All_SocIso_GH,EH250624_SocIso_3_Ch3_MRC.xlsx,rubbing,147.767,0.832999999999998
All_SocIso_GH,EH250624_SocIso_3_Ch3_MRC.xlsx,rubbing,148.833,8.5
All_SocIso_GH,EH250624_SocIso_3_Ch3_MRC.xlsx,rubbing,158.167,1.166
All_SocIso_GH,EH250624_SocIso_3_Ch3_MRC.xlsx,rubbing,163.9,0.932999999999993
All_SocIso_GH,EH250624_SocIso_3_Ch3_MRC.xlsx,rubbing,165.167,1.03299999999999
All_SocIso_GH,EH250624_SocIso_3_Ch3_MRC.xlsx,rubbing,167.033,1.167
All_SocIso_GH,EH250624_SocIso_3_Ch3_MRC.xlsx,rubbing,168.7,0.667000000000002
All_SocIso_GH,EH250624_SocIso_3_Ch3_MRC.xlsx,rubbing,169.667,1.19999999999999
All_SocIso_GH,EH250624_SocIso_3_Ch3_MRC.xlsx,rubbing,171.267,10.3
All_SocIso_GH,EH250624_SocIso_3_Ch3_MRC.xlsx,rubbing,184.2,11.6
All_SocIso_GH,EH250624_SocIso_3_Ch3_MRC.xlsx,rubbing,196.867,0.832999999999998
All_SocIso_GH,EH250624_SocIso_3_Ch3_MRC.xlsx,rubbing,198.2,0.900000000000006
All_SocIso_GH,EH250624_SocIso_3_Ch3_MRC.xlsx,rubbing,206.233,1.56700000000001
All_SocIso_GH,EH250624_SocIso_3_Ch3_MRC.xlsx,rubbing,212.833,1.09999999999999
All_SocIso_GH,EH250624_SocIso_3_Ch3_MRC.xlsx,rubbing,214.167,0.832999999999998
All_SocIso_GH,EH250624_SocIso_3_Ch3_MRC.xlsx,rubbing,215.467,2.06599999999997
All_SocIso_GH,EH250624_SocIso_3_Ch3_MRC.xlsx,rubbing,218.267,3.46600000000001
All_SocIso_GH,EH250624_SocIso_3_Ch3_MRC.xlsx,rubbing,221.767,0.300000000000011
All_SocIso_GH,EH250624_SocIso_3_Ch3_MRC.xlsx,rubbing,222.1,2.86700000000002
All_SocIso_GH,EH250624_SocIso_3_Ch3_MRC.xlsx,rubbing,225.3,8.06699999999998
All_SocIso_GH,EH250624_SocIso_3_Ch3_MRC.xlsx,rubbing,236.9,1.333
All_SocIso_GH,EH250624_SocIso_3_Ch3_MRC.xlsx,rubbing,245.567,2.26599999999999
All_SocIso_GH,EH250624_SocIso_3_Ch3_MRC.xlsx,rubbing,250.267,2.30000000000001
All_SocIso_GH,EH250624_SocIso_3_Ch3_MRC.xlsx,rubbing,252.933,2.53400000000002
All_SocIso_GH,EH250624_SocIso_3_Ch3_MRC.xlsx,rubbing,255.9,1.03299999999999
All_SocIso_GH,EH250624_SocIso_3_Ch3_MRC.xlsx,rubbing,257.667,2.20000000000005
All_SocIso_GH,EH250624_SocIso_3_Ch3_MRC.xlsx,rubbing,260.3,2.96699999999998
All_SocIso_GH,EH250624_SocIso_3_Ch3_MRC.xlsx,rubbing,263.867,1.79999999999995
All_SocIso_GH,EH250624_SocIso_3_Ch3_MRC.xlsx,rubbing,266.1,2.19999999999999
All_SocIso_GH,EH250624_SocIso_3_Ch3_MRC.xlsx,rubbing,268.6,1.63299999999998
All_SocIso_GH,EH250624_SocIso_3_Ch3_MRC.xlsx,rubbing,274.633,0.967000000000041
All_SocIso_GH,EH250624_SocIso_3_Ch3_MRC.xlsx,rubbing,276.333,13.1
All_SocIso_GH,EH250624_SocIso_3_Ch3_MRC.xlsx,rubbing,290.8,2.13299999999998
All_SocIso_GH,EH250624_SocIso_3_Ch3_MRC.xlsx,rubbing,294.033,3.73399999999998
All_SocIso_GH,EH250624_SocIso_3_Ch3_MRC.xlsx,rubbing,298.667,1.33300000000003
All_SocIso_GH,EH250624_SocIso_4_Scoring_CH1_DL.xlsx,abdominal,43.567,0.700000000000003
All_SocIso_GH,EH250624_SocIso_4_Scoring_CH1_DL.xlsx,abdominal,47.033,1.3
All_SocIso_GH,EH250624_SocIso_4_Scoring_CH1_DL.xlsx,abdominal,273.3,1.09999999999997
All_SocIso_GH,EH250624_SocIso_4_Scoring_CH1_DL.xlsx,abdominal,276.833,1.23399999999998
All_SocIso_GH,EH250624_SocIso_4_Scoring_CH1_DL.xlsx,class_all_grooming,0,0.267
All_SocIso_GH,EH250624_SocIso_4_Scoring_CH1_DL.xlsx,class_all_grooming,5,4.367
All_SocIso_GH,EH250624_SocIso_4_Scoring_CH1_DL.xlsx,class_all_grooming,10.167,0.700000000000001
All_SocIso_GH,EH250624_SocIso_4_Scoring_CH1_DL.xlsx,class_all_grooming,11.6,1.5
All_SocIso_GH,EH250624_SocIso_4_Scoring_CH1_DL.xlsx,class_all_grooming,13.133,1
All_SocIso_GH,EH250624_SocIso_4_Scoring_CH1_DL.xlsx,class_all_grooming,14.167,1.6
All_SocIso_GH,EH250624_SocIso_4_Scoring_CH1_DL.xlsx,class_all_grooming,15.8,0.666999999999998
All_SocIso_GH,EH250624_SocIso_4_Scoring_CH1_DL.xlsx,class_all_grooming,16.5,0.632999999999999
All_SocIso_GH,EH250624_SocIso_4_Scoring_CH1_DL.xlsx,class_all_grooming,18,1.967
All_SocIso_GH,EH250624_SocIso_4_Scoring_CH1_DL.xlsx,class_all_grooming,20,0.5
All_SocIso_GH,EH250624_SocIso_4_Scoring_CH1_DL.xlsx,class_all_grooming,20.867,0.632999999999999
All_SocIso_GH,EH250624_SocIso_4_Scoring_CH1_DL.xlsx,class_all_grooming,21.6,0.567
All_SocIso_GH,EH250624_SocIso_4_Scoring_CH1_DL.xlsx,class_all_grooming,22.3,0.599999999999998
All_SocIso_GH,EH250624_SocIso_4_Scoring_CH1_DL.xlsx,class_all_grooming,22.933,0.634
All_SocIso_GH,EH250624_SocIso_4_Scoring_CH1_DL.xlsx,class_all_grooming,23.6,0.232999999999997
All_SocIso_GH,EH250624_SocIso_4_Scoring_CH1_DL.xlsx,class_all_grooming,24.4,1.333
All_SocIso_GH,EH250624_SocIso_4_Scoring_CH1_DL.xlsx,class_all_grooming,25.767,0.433
All_SocIso_GH,EH250624_SocIso_4_Scoring_CH1_DL.xlsx,class_all_grooming,26.233,0.300000000000001
All_SocIso_GH,EH250624_SocIso_4_Scoring_CH1_DL.xlsx,class_all_grooming,26.8,1.2
All_SocIso_GH,EH250624_SocIso_4_Scoring_CH1_DL.xlsx,class_all_grooming,28.1,0.766999999999999
All_SocIso_GH,EH250624_SocIso_4_Scoring_CH1_DL.xlsx,class_all_grooming,29.033,0.933999999999997
All_SocIso_GH,EH250624_SocIso_4_Scoring_CH1_DL.xlsx,class_all_grooming,30,0.667000000000002
All_SocIso_GH,EH250624_SocIso_4_Scoring_CH1_DL.xlsx,class_all_grooming,31.3,0.367000000000001
All_SocIso_GH,EH250624_SocIso_4_Scoring_CH1_DL.xlsx,class_all_grooming,32.267,0.366
All_SocIso_GH,EH250624_SocIso_4_Scoring_CH1_DL.xlsx,class_all_grooming,37.467,1.1
All_SocIso_GH,EH250624_SocIso_4_Scoring_CH1_DL.xlsx,class_all_grooming,43.567,0.700000000000003
All_SocIso_GH,EH250624_SocIso_4_Scoring_CH1_DL.xlsx,class_all_grooming,44.3,0.933
All_SocIso_GH,EH250624_SocIso_4_Scoring_CH1_DL.xlsx,class_all_grooming,45.267,0.933
All_SocIso_GH,EH250624_SocIso_4_Scoring_CH1_DL.xlsx,class_all_grooming,47.033,1.3
All_SocIso_GH,EH250624_SocIso_4_Scoring_CH1_DL.xlsx,class_all_grooming,48.367,2.466
All_SocIso_GH,EH250624_SocIso_4_Scoring_CH1_DL.xlsx,class_all_grooming,50.867,3.26600000000001
All_SocIso_GH,EH250624_SocIso_4_Scoring_CH1_DL.xlsx,class_all_grooming,54.633,3.3
All_SocIso_GH,EH250624_SocIso_4_Scoring_CH1_DL.xlsx,class_all_grooming,57.967,0.166000000000004
All_SocIso_GH,EH250624_SocIso_4_Scoring_CH1_DL.xlsx,class_all_grooming,58.167,0.366
All_SocIso_GH,EH250624_SocIso_4_Scoring_CH1_DL.xlsx,class_all_grooming,58.567,0.533000000000001
All_SocIso_GH,EH250624_SocIso_4_Scoring_CH1_DL.xlsx,class_all_grooming,59.433,0.734000000000002
All_SocIso_GH,EH250624_SocIso_4_Scoring_CH1_DL.xlsx,class_all_grooming,60.367,2.533
All_SocIso_GH,EH250624_SocIso_4_Scoring_CH1_DL.xlsx,class_all_grooming,63.1,2.03299999999999
All_SocIso_GH,EH250624_SocIso_4_Scoring_CH1_DL.xlsx,class_all_grooming,65.167,0.299999999999997
All_SocIso_GH,EH250624_SocIso_4_Scoring_CH1_DL.xlsx,class_all_grooming,65.767,1.26600000000001
All_SocIso_GH,EH250624_SocIso_4_Scoring_CH1_DL.xlsx,class_all_grooming,67.067,0.900000000000006
All_SocIso_GH,EH250624_SocIso_4_Scoring_CH1_DL.xlsx,class_all_grooming,68,0.900000000000006
All_SocIso_GH,EH250624_SocIso_4_Scoring_CH1_DL.xlsx,class_all_grooming,69.767,1.10000000000001
All_SocIso_GH,EH250624_SocIso_4_Scoring_CH1_DL.xlsx,class_all_grooming,70.9,0.632999999999996
All_SocIso_GH,EH250624_SocIso_4_Scoring_CH1_DL.xlsx,class_all_grooming,103.7,2
All_SocIso_GH,EH250624_SocIso_4_Scoring_CH1_DL.xlsx,class_all_grooming,117.867,1.23299999999999
All_SocIso_GH,EH250624_SocIso_4_Scoring_CH1_DL.xlsx,class_all_grooming,119.133,0.466999999999999
All_SocIso_GH,EH250624_SocIso_4_Scoring_CH1_DL.xlsx,class_all_grooming,121.6,3.30000000000001
All_SocIso_GH,EH250624_SocIso_4_Scoring_CH1_DL.xlsx,class_all_grooming,145.067,1.53299999999999
All_SocIso_GH,EH250624_SocIso_4_Scoring_CH1_DL.xlsx,class_all_grooming,147.033,1.30000000000001
All_SocIso_GH,EH250624_SocIso_4_Scoring_CH1_DL.xlsx,class_all_grooming,148.367,0.433000000000021
All_SocIso_GH,EH250624_SocIso_4_Scoring_CH1_DL.xlsx,class_all_grooming,155.267,0.832999999999998
All_SocIso_GH,EH250624_SocIso_4_Scoring_CH1_DL.xlsx,class_all_grooming,156.4,1.167
All_SocIso_GH,EH250624_SocIso_4_Scoring_CH1_DL.xlsx,class_all_grooming,157.9,0.699999999999989
All_SocIso_GH,EH250624_SocIso_4_Scoring_CH1_DL.xlsx,class_all_grooming,159.267,0.900000000000006
All_SocIso_GH,EH250624_SocIso_4_Scoring_CH1_DL.xlsx,class_all_grooming,160.2,1.333
All_SocIso_GH,EH250624_SocIso_4_Scoring_CH1_DL.xlsx,class_all_grooming,161.733,4.56700000000001
All_SocIso_GH,EH250624_SocIso_4_Scoring_CH1_DL.xlsx,class_all_grooming,170.867,2.233
All_SocIso_GH,EH250624_SocIso_4_Scoring_CH1_DL.xlsx,class_all_grooming,174.167,1.53299999999999
All_SocIso_GH,EH250624_SocIso_4_Scoring_CH1_DL.xlsx,class_all_grooming,175.967,1.26599999999999
All_SocIso_GH,EH250624_SocIso_4_Scoring_CH1_DL.xlsx,class_all_grooming,177.7,1.26700000000002
All_SocIso_GH,EH250624_SocIso_4_Scoring_CH1_DL.xlsx,class_all_grooming,179,0.599999999999994
All_SocIso_GH,EH250624_SocIso_4_Scoring_CH1_DL.xlsx,class_all_grooming,179.633,0.167000000000002
All_SocIso_GH,EH250624_SocIso_4_Scoring_CH1_DL.xlsx,class_all_grooming,179.833,0.0999999999999943
All_SocIso_GH,EH250624_SocIso_4_Scoring_CH1_DL.xlsx,class_all_grooming,179.967,0.699999999999989
All_SocIso_GH,EH250624_SocIso_4_Scoring_CH1_DL.xlsx,class_all_grooming,181.7,1.96700000000001
All_SocIso_GH,EH250624_SocIso_4_Scoring_CH1_DL.xlsx,class_all_grooming,184.267,0.233000000000004
All_SocIso_GH,EH250624_SocIso_4_Scoring_CH1_DL.xlsx,class_all_grooming,184.533,0.667000000000002
All_SocIso_GH,EH250624_SocIso_4_Scoring_CH1_DL.xlsx,class_all_grooming,185.233,1.19999999999999
All_SocIso_GH,EH250624_SocIso_4_Scoring_CH1_DL.xlsx,class_all_grooming,186.467,0.5
All_SocIso_GH,EH250624_SocIso_4_Scoring_CH1_DL.xlsx,class_all_grooming,187,1.80000000000001
All_SocIso_GH,EH250624_SocIso_4_Scoring_CH1_DL.xlsx,class_all_grooming,243.767,0.866000000000014
All_SocIso_GH,EH250624_SocIso_4_Scoring_CH1_DL.xlsx,class_all_grooming,244.9,3.53299999999999
All_SocIso_GH,EH250624_SocIso_4_Scoring_CH1_DL.xlsx,class_all_grooming,258.4,3.06700000000001
All_SocIso_GH,EH250624_SocIso_4_Scoring_CH1_DL.xlsx,class_all_grooming,261.767,1.89999999999998
All_SocIso_GH,EH250624_SocIso_4_Scoring_CH1_DL.xlsx,class_all_grooming,263.7,1.60000000000002
All_SocIso_GH,EH250624_SocIso_4_Scoring_CH1_DL.xlsx,class_all_grooming,265.567,2.43299999999999
All_SocIso_GH,EH250624_SocIso_4_Scoring_CH1_DL.xlsx,class_all_grooming,268.367,4.33299999999997
All_SocIso_GH,EH250624_SocIso_4_Scoring_CH1_DL.xlsx,class_all_grooming,273.3,1.09999999999997
All_SocIso_GH,EH250624_SocIso_4_Scoring_CH1_DL.xlsx,class_all_grooming,274.433,0.900000000000034
All_SocIso_GH,EH250624_SocIso_4_Scoring_CH1_DL.xlsx,class_all_grooming,275.367,1.03299999999996
All_SocIso_GH,EH250624_SocIso_4_Scoring_CH1_DL.xlsx,class_all_grooming,276.833,1.23399999999998
All_SocIso_GH,EH250624_SocIso_4_Scoring_CH1_DL.xlsx,class_all_grooming,278.567,9.19999999999999
All_SocIso_GH,EH250624_SocIso_4_Scoring_CH1_DL.xlsx,class_all_grooming,291.833,2.19999999999999
All_SocIso_GH,EH250624_SocIso_4_Scoring_CH1_DL.xlsx,class_all_grooming,294.533,4.73399999999998
All_SocIso_GH,EH250624_SocIso_4_Scoring_CH1_DL.xlsx,head,16.5,0.632999999999999
All_SocIso_GH,EH250624_SocIso_4_Scoring_CH1_DL.xlsx,head,20,0.5
All_SocIso_GH,EH250624_SocIso_4_Scoring_CH1_DL.xlsx,head,20.867,0.632999999999999
All_SocIso_GH,EH250624_SocIso_4_Scoring_CH1_DL.xlsx,head,21.6,0.567
All_SocIso_GH,EH250624_SocIso_4_Scoring_CH1_DL.xlsx,head,22.3,0.599999999999998
All_SocIso_GH,EH250624_SocIso_4_Scoring_CH1_DL.xlsx,head,23.6,0.232999999999997
All_SocIso_GH,EH250624_SocIso_4_Scoring_CH1_DL.xlsx,head,24.4,1.333
All_SocIso_GH,EH250624_SocIso_4_Scoring_CH1_DL.xlsx,head,26.233,0.300000000000001
All_SocIso_GH,EH250624_SocIso_4_Scoring_CH1_DL.xlsx,head,26.8,1.2
All_SocIso_GH,EH250624_SocIso_4_Scoring_CH1_DL.xlsx,head,28.1,0.766999999999999
All_SocIso_GH,EH250624_SocIso_4_Scoring_CH1_DL.xlsx,head,30,0.667000000000002
All_SocIso_GH,EH250624_SocIso_4_Scoring_CH1_DL.xlsx,head,31.3,0.367000000000001
All_SocIso_GH,EH250624_SocIso_4_Scoring_CH1_DL.xlsx,head,32.267,0.366
All_SocIso_GH,EH250624_SocIso_4_Scoring_CH1_DL.xlsx,head,58.167,0.366
All_SocIso_GH,EH250624_SocIso_4_Scoring_CH1_DL.xlsx,head,68,0.900000000000006
All_SocIso_GH,EH250624_SocIso_4_Scoring_CH1_DL.xlsx,head,179,0.599999999999994
All_SocIso_GH,EH250624_SocIso_4_Scoring_CH1_DL.xlsx,head,179.833,0.0999999999999943
All_SocIso_GH,EH250624_SocIso_4_Scoring_CH1_DL.xlsx,head,184.267,0.233000000000004
All_SocIso_GH,EH250624_SocIso_4_Scoring_CH1_DL.xlsx,head,185.233,1.19999999999999
All_SocIso_GH,EH250624_SocIso_4_Scoring_CH1_DL.xlsx,head,187,1.80000000000001
All_SocIso_GH,EH250624_SocIso_4_Scoring_CH1_DL.xlsx,rubbing,0,0.267
All_SocIso_GH,EH250624_SocIso_4_Scoring_CH1_DL.xlsx,rubbing,5,4.367
All_SocIso_GH,EH250624_SocIso_4_Scoring_CH1_DL.xlsx,rubbing,10.167,0.700000000000001
All_SocIso_GH,EH250624_SocIso_4_Scoring_CH1_DL.xlsx,rubbing,11.6,1.5
All_SocIso_GH,EH250624_SocIso_4_Scoring_CH1_DL.xlsx,rubbing,13.133,1
All_SocIso_GH,EH250624_SocIso_4_Scoring_CH1_DL.xlsx,rubbing,14.167,1.6
All_SocIso_GH,EH250624_SocIso_4_Scoring_CH1_DL.xlsx,rubbing,15.8,0.666999999999998
All_SocIso_GH,EH250624_SocIso_4_Scoring_CH1_DL.xlsx,rubbing,18,1.967
All_SocIso_GH,EH250624_SocIso_4_Scoring_CH1_DL.xlsx,rubbing,22.933,0.634
All_SocIso_GH,EH250624_SocIso_4_Scoring_CH1_DL.xlsx,rubbing,25.767,0.433
All_SocIso_GH,EH250624_SocIso_4_Scoring_CH1_DL.xlsx,rubbing,29.033,0.933999999999997
All_SocIso_GH,EH250624_SocIso_4_Scoring_CH1_DL.xlsx,rubbing,37.467,1.1
All_SocIso_GH,EH250624_SocIso_4_Scoring_CH1_DL.xlsx,rubbing,45.267,0.933
All_SocIso_GH,EH250624_SocIso_4_Scoring_CH1_DL.xlsx,rubbing,50.867,3.26600000000001
All_SocIso_GH,EH250624_SocIso_4_Scoring_CH1_DL.xlsx,rubbing,54.633,3.3
All_SocIso_GH,EH250624_SocIso_4_Scoring_CH1_DL.xlsx,rubbing,57.967,0.166000000000004
All_SocIso_GH,EH250624_SocIso_4_Scoring_CH1_DL.xlsx,rubbing,58.567,0.533000000000001
All_SocIso_GH,EH250624_SocIso_4_Scoring_CH1_DL.xlsx,rubbing,59.433,0.734000000000002
All_SocIso_GH,EH250624_SocIso_4_Scoring_CH1_DL.xlsx,rubbing,60.367,2.533
All_SocIso_GH,EH250624_SocIso_4_Scoring_CH1_DL.xlsx,rubbing,63.1,2.03299999999999
All_SocIso_GH,EH250624_SocIso_4_Scoring_CH1_DL.xlsx,rubbing,65.167,0.299999999999997
All_SocIso_GH,EH250624_SocIso_4_Scoring_CH1_DL.xlsx,rubbing,65.767,1.26600000000001
All_SocIso_GH,EH250624_SocIso_4_Scoring_CH1_DL.xlsx,rubbing,67.067,0.900000000000006
All_SocIso_GH,EH250624_SocIso_4_Scoring_CH1_DL.xlsx,rubbing,69.767,1.10000000000001
All_SocIso_GH,EH250624_SocIso_4_Scoring_CH1_DL.xlsx,rubbing,70.9,0.632999999999996
All_SocIso_GH,EH250624_SocIso_4_Scoring_CH1_DL.xlsx,rubbing,103.7,2
All_SocIso_GH,EH250624_SocIso_4_Scoring_CH1_DL.xlsx,rubbing,117.867,1.23299999999999
All_SocIso_GH,EH250624_SocIso_4_Scoring_CH1_DL.xlsx,rubbing,119.133,0.466999999999999
All_SocIso_GH,EH250624_SocIso_4_Scoring_CH1_DL.xlsx,rubbing,121.6,3.30000000000001
All_SocIso_GH,EH250624_SocIso_4_Scoring_CH1_DL.xlsx,rubbing,145.067,1.53299999999999
All_SocIso_GH,EH250624_SocIso_4_Scoring_CH1_DL.xlsx,rubbing,155.267,0.832999999999998
All_SocIso_GH,EH250624_SocIso_4_Scoring_CH1_DL.xlsx,rubbing,156.4,1.167
All_SocIso_GH,EH250624_SocIso_4_Scoring_CH1_DL.xlsx,rubbing,157.9,0.699999999999989
All_SocIso_GH,EH250624_SocIso_4_Scoring_CH1_DL.xlsx,rubbing,160.2,1.333
All_SocIso_GH,EH250624_SocIso_4_Scoring_CH1_DL.xlsx,rubbing,170.867,2.233
All_SocIso_GH,EH250624_SocIso_4_Scoring_CH1_DL.xlsx,rubbing,174.167,1.53299999999999
All_SocIso_GH,EH250624_SocIso_4_Scoring_CH1_DL.xlsx,rubbing,175.967,1.26599999999999
All_SocIso_GH,EH250624_SocIso_4_Scoring_CH1_DL.xlsx,rubbing,177.7,1.26700000000002
All_SocIso_GH,EH250624_SocIso_4_Scoring_CH1_DL.xlsx,rubbing,179.633,0.167000000000002
All_SocIso_GH,EH250624_SocIso_4_Scoring_CH1_DL.xlsx,rubbing,179.967,0.699999999999989
All_SocIso_GH,EH250624_SocIso_4_Scoring_CH1_DL.xlsx,rubbing,181.7,1.96700000000001
All_SocIso_GH,EH250624_SocIso_4_Scoring_CH1_DL.xlsx,rubbing,184.533,0.667000000000002
All_SocIso_GH,EH250624_SocIso_4_Scoring_CH1_DL.xlsx,rubbing,186.467,0.5
All_SocIso_GH,EH250624_SocIso_4_Scoring_CH1_DL.xlsx,rubbing,243.767,0.866000000000014
All_SocIso_GH,EH250624_SocIso_4_Scoring_CH1_DL.xlsx,rubbing,244.9,3.53299999999999
All_SocIso_GH,EH250624_SocIso_4_Scoring_CH1_DL.xlsx,rubbing,258.4,3.06700000000001
All_SocIso_GH,EH250624_SocIso_4_Scoring_CH1_DL.xlsx,rubbing,261.767,1.89999999999998
All_SocIso_GH,EH250624_SocIso_4_Scoring_CH1_DL.xlsx,rubbing,263.7,1.60000000000002
All_SocIso_GH,EH250624_SocIso_4_Scoring_CH1_DL.xlsx,rubbing,265.567,2.43299999999999
All_SocIso_GH,EH250624_SocIso_4_Scoring_CH1_DL.xlsx,rubbing,268.367,4.33299999999997
All_SocIso_GH,EH250624_SocIso_4_Scoring_CH1_DL.xlsx,rubbing,275.367,1.03299999999996
All_SocIso_GH,EH250624_SocIso_4_Scoring_CH1_DL.xlsx,thorax,147.033,1.30000000000001
All_SocIso_GH,EH250624_SocIso_4_Scoring_CH1_DL.xlsx,wing,44.3,0.933
All_SocIso_GH,EH250624_SocIso_4_Scoring_CH1_DL.xlsx,wing,48.367,2.466
All_SocIso_GH,EH250624_SocIso_4_Scoring_CH1_DL.xlsx,wing,148.367,0.433000000000021
All_SocIso_GH,EH250624_SocIso_4_Scoring_CH1_DL.xlsx,wing,159.267,0.900000000000006
All_SocIso_GH,EH250624_SocIso_4_Scoring_CH1_DL.xlsx,wing,161.733,4.56700000000001
All_SocIso_GH,EH250624_SocIso_4_Scoring_CH1_DL.xlsx,wing,274.433,0.900000000000034
All_SocIso_GH,EH250624_SocIso_4_Scoring_CH1_DL.xlsx,wing,278.567,9.19999999999999
All_SocIso_GH,EH250624_SocIso_4_Scoring_CH1_DL.xlsx,wing,291.833,2.19999999999999
All_SocIso_GH,EH250624_SocIso_4_Scoring_CH1_DL.xlsx,wing,294.533,4.73399999999998
All_SocIso_GH,EH250624_SocIso_5_2025_06_24T22_33_56_425Z_CH4_GroupHoused.xlsx,class_all_grooming,61.3,7
All_SocIso_GH,EH250624_SocIso_5_2025_06_24T22_33_56_425Z_CH4_GroupHoused.xlsx,class_all_grooming,96.2,2.93299999999999
All_SocIso_GH,EH250624_SocIso_5_2025_06_24T22_33_56_425Z_CH4_GroupHoused.xlsx,class_all_grooming,101.867,2.666
All_SocIso_GH,EH250624_SocIso_5_2025_06_24T22_33_56_425Z_CH4_GroupHoused.xlsx,class_all_grooming,104.6,0.533000000000001
All_SocIso_GH,EH250624_SocIso_5_2025_06_24T22_33_56_425Z_CH4_GroupHoused.xlsx,class_all_grooming,105.233,0.0339999999999918
All_SocIso_GH,EH250624_SocIso_5_2025_06_24T22_33_56_425Z_CH4_GroupHoused.xlsx,class_all_grooming,107.533,0.0339999999999918
All_SocIso_GH,EH250624_SocIso_5_2025_06_24T22_33_56_425Z_CH4_GroupHoused.xlsx,class_all_grooming,109.1,0.13300000000001
All_SocIso_GH,EH250624_SocIso_5_2025_06_24T22_33_56_425Z_CH4_GroupHoused.xlsx,class_all_grooming,110.1,0.0330000000000013
All_SocIso_GH,EH250624_SocIso_5_2025_06_24T22_33_56_425Z_CH4_GroupHoused.xlsx,class_all_grooming,110.367,0.0330000000000013
All_SocIso_GH,EH250624_SocIso_5_2025_06_24T22_33_56_425Z_CH4_GroupHoused.xlsx,class_all_grooming,110.633,0.034000000000006
All_SocIso_GH,EH250624_SocIso_5_2025_06_24T22_33_56_425Z_CH4_GroupHoused.xlsx,class_all_grooming,111.367,0.0330000000000013
All_SocIso_GH,EH250624_SocIso_5_2025_06_24T22_33_56_425Z_CH4_GroupHoused.xlsx,class_all_grooming,111.667,0.0660000000000025
All_SocIso_GH,EH250624_SocIso_5_2025_06_24T22_33_56_425Z_CH4_GroupHoused.xlsx,class_all_grooming,112.6,0.0330000000000013
All_SocIso_GH,EH250624_SocIso_5_2025_06_24T22_33_56_425Z_CH4_GroupHoused.xlsx,class_all_grooming,114.7,0.0319999999999965
All_SocIso_GH,EH250624_SocIso_5_2025_06_24T22_33_56_425Z_CH4_GroupHoused.xlsx,class_all_grooming,114.733,0.0999999999999943
All_SocIso_GH,EH250624_SocIso_5_2025_06_24T22_33_56_425Z_CH4_GroupHoused.xlsx,class_all_grooming,114.867,0.265999999999991
All_SocIso_GH,EH250624_SocIso_5_2025_06_24T22_33_56_425Z_CH4_GroupHoused.xlsx,class_all_grooming,115.167,0.632999999999996
All_SocIso_GH,EH250624_SocIso_5_2025_06_24T22_33_56_425Z_CH4_GroupHoused.xlsx,class_all_grooming,115.833,1.767
All_SocIso_GH,EH250624_SocIso_5_2025_06_24T22_33_56_425Z_CH4_GroupHoused.xlsx,class_all_grooming,117.633,0.734000000000009
All_SocIso_GH,EH250624_SocIso_5_2025_06_24T22_33_56_425Z_CH4_GroupHoused.xlsx,class_all_grooming,118.4,1.06699999999999
All_SocIso_GH,EH250624_SocIso_5_2025_06_24T22_33_56_425Z_CH4_GroupHoused.xlsx,class_all_grooming,119.5,0.5
All_SocIso_GH,EH250624_SocIso_5_2025_06_24T22_33_56_425Z_CH4_GroupHoused.xlsx,class_all_grooming,120.033,0.634
All_SocIso_GH,EH250624_SocIso_5_2025_06_24T22_33_56_425Z_CH4_GroupHoused.xlsx,class_all_grooming,190.433,5.23400000000001
All_SocIso_GH,EH250624_SocIso_5_2025_06_24T22_33_56_425Z_CH4_GroupHoused.xlsx,class_all_grooming,195.7,2.233
All_SocIso_GH,EH250624_SocIso_5_2025_06_24T22_33_56_425Z_CH4_GroupHoused.xlsx,class_all_grooming,197.967,0.632999999999981
All_SocIso_GH,EH250624_SocIso_5_2025_06_24T22_33_56_425Z_CH4_GroupHoused.xlsx,class_all_grooming,198.7,1.46700000000001
All_SocIso_GH,EH250624_SocIso_5_2025_06_24T22_33_56_425Z_CH4_GroupHoused.xlsx,class_all_grooming,237.967,2.03299999999999
All_SocIso_GH,EH250624_SocIso_5_2025_06_24T22_33_56_425Z_CH4_GroupHoused.xlsx,class_all_grooming,261.367,3.666
All_SocIso_GH,EH250624_SocIso_5_2025_06_24T22_33_56_425Z_CH4_GroupHoused.xlsx,class_all_grooming,293.6,6.39999999999998
All_SocIso_GH,EH250624_SocIso_5_2025_06_24T22_33_56_425Z_CH4_GroupHoused.xlsx,head,114.733,0.0999999999999943
All_SocIso_GH,EH250624_SocIso_5_2025_06_24T22_33_56_425Z_CH4_GroupHoused.xlsx,head,115.167,0.632999999999996
All_SocIso_GH,EH250624_SocIso_5_2025_06_24T22_33_56_425Z_CH4_GroupHoused.xlsx,head,117.633,0.734000000000009
All_SocIso_GH,EH250624_SocIso_5_2025_06_24T22_33_56_425Z_CH4_GroupHoused.xlsx,head,119.5,0.5
All_SocIso_GH,EH250624_SocIso_5_2025_06_24T22_33_56_425Z_CH4_GroupHoused.xlsx,rubbing,61.3,7
All_SocIso_GH,EH250624_SocIso_5_2025_06_24T22_33_56_425Z_CH4_GroupHoused.xlsx,rubbing,96.2,2.93299999999999
All_SocIso_GH,EH250624_SocIso_5_2025_06_24T22_33_56_425Z_CH4_GroupHoused.xlsx,rubbing,101.867,2.666
All_SocIso_GH,EH250624_SocIso_5_2025_06_24T22_33_56_425Z_CH4_GroupHoused.xlsx,rubbing,104.6,0.533000000000001
All_SocIso_GH,EH250624_SocIso_5_2025_06_24T22_33_56_425Z_CH4_GroupHoused.xlsx,rubbing,105.233,0.0339999999999918
All_SocIso_GH,EH250624_SocIso_5_2025_06_24T22_33_56_425Z_CH4_GroupHoused.xlsx,rubbing,107.533,0.0339999999999918
All_SocIso_GH,EH250624_SocIso_5_2025_06_24T22_33_56_425Z_CH4_GroupHoused.xlsx,rubbing,109.1,0.13300000000001
All_SocIso_GH,EH250624_SocIso_5_2025_06_24T22_33_56_425Z_CH4_GroupHoused.xlsx,rubbing,110.1,0.0330000000000013
All_SocIso_GH,EH250624_SocIso_5_2025_06_24T22_33_56_425Z_CH4_GroupHoused.xlsx,rubbing,110.367,0.0330000000000013
All_SocIso_GH,EH250624_SocIso_5_2025_06_24T22_33_56_425Z_CH4_GroupHoused.xlsx,rubbing,110.633,0.034000000000006
All_SocIso_GH,EH250624_SocIso_5_2025_06_24T22_33_56_425Z_CH4_GroupHoused.xlsx,rubbing,111.367,0.0330000000000013
All_SocIso_GH,EH250624_SocIso_5_2025_06_24T22_33_56_425Z_CH4_GroupHoused.xlsx,rubbing,111.667,0.0660000000000025
All_SocIso_GH,EH250624_SocIso_5_2025_06_24T22_33_56_425Z_CH4_GroupHoused.xlsx,rubbing,112.6,0.0330000000000013
All_SocIso_GH,EH250624_SocIso_5_2025_06_24T22_33_56_425Z_CH4_GroupHoused.xlsx,rubbing,114.7,0.0319999999999965
All_SocIso_GH,EH250624_SocIso_5_2025_06_24T22_33_56_425Z_CH4_GroupHoused.xlsx,rubbing,114.867,0.265999999999991
All_SocIso_GH,EH250624_SocIso_5_2025_06_24T22_33_56_425Z_CH4_GroupHoused.xlsx,rubbing,115.833,1.767
All_SocIso_GH,EH250624_SocIso_5_2025_06_24T22_33_56_425Z_CH4_GroupHoused.xlsx,rubbing,118.4,1.06699999999999
All_SocIso_GH,EH250624_SocIso_5_2025_06_24T22_33_56_425Z_CH4_GroupHoused.xlsx,rubbing,120.033,0.634
All_SocIso_GH,EH250624_SocIso_5_2025_06_24T22_33_56_425Z_CH4_GroupHoused.xlsx,rubbing,190.433,5.23400000000001
All_SocIso_GH,EH250624_SocIso_5_2025_06_24T22_33_56_425Z_CH4_GroupHoused.xlsx,rubbing,195.7,2.233
All_SocIso_GH,EH250624_SocIso_5_2025_06_24T22_33_56_425Z_CH4_GroupHoused.xlsx,rubbing,197.967,0.632999999999981
All_SocIso_GH,EH250624_SocIso_5_2025_06_24T22_33_56_425Z_CH4_GroupHoused.xlsx,rubbing,198.7,1.46700000000001
All_SocIso_GH,EH250624_SocIso_5_2025_06_24T22_33_56_425Z_CH4_GroupHoused.xlsx,rubbing,237.967,2.03299999999999
All_SocIso_GH,EH250624_SocIso_5_2025_06_24T22_33_56_425Z_CH4_GroupHoused.xlsx,rubbing,261.367,3.666
All_SocIso_GH,EH250624_SocIso_5_2025_06_24T22_33_56_425Z_CH4_GroupHoused.xlsx,rubbing,293.6,6.39999999999998
All_SocIso_GH,EH250624_SocIso_6_Scoring_CH1_DL.xlsx,abdominal,185.833,1.53399999999999
All_SocIso_GH,EH250624_SocIso_6_Scoring_CH1_DL.xlsx,abdominal,187.767,0.966000000000008
All_SocIso_GH,EH250624_SocIso_6_Scoring_CH1_DL.xlsx,abdominal,190.567,1.233
All_SocIso_GH,EH250624_SocIso_6_Scoring_CH1_DL.xlsx,abdominal,193.733,4.09999999999999
All_SocIso_GH,EH250624_SocIso_6_Scoring_CH1_DL.xlsx,abdominal,227.667,2.19999999999999
All_SocIso_GH,EH250624_SocIso_6_Scoring_CH1_DL.xlsx,abdominal,242.067,2.19999999999999
All_SocIso_GH,EH250624_SocIso_6_Scoring_CH1_DL.xlsx,abdominal,261.533,1.69999999999999
All_SocIso_GH,EH250624_SocIso_6_Scoring_CH1_DL.xlsx,abdominal,266.333,0.433999999999969
All_SocIso_GH,EH250624_SocIso_6_Scoring_CH1_DL.xlsx,class_all_grooming,6.3,4.167
All_SocIso_GH,EH250624_SocIso_6_Scoring_CH1_DL.xlsx,class_all_grooming,10.567,0.433
All_SocIso_GH,EH250624_SocIso_6_Scoring_CH1_DL.xlsx,class_all_grooming,11.033,0.767000000000001
All_SocIso_GH,EH250624_SocIso_6_Scoring_CH1_DL.xlsx,class_all_grooming,11.833,1.767
All_SocIso_GH,EH250624_SocIso_6_Scoring_CH1_DL.xlsx,class_all_grooming,13.833,0.699999999999999
All_SocIso_GH,EH250624_SocIso_6_Scoring_CH1_DL.xlsx,class_all_grooming,28.4,1.667
All_SocIso_GH,EH250624_SocIso_6_Scoring_CH1_DL.xlsx,class_all_grooming,35.567,1.7
All_SocIso_GH,EH250624_SocIso_6_Scoring_CH1_DL.xlsx,class_all_grooming,52.733,1.867
All_SocIso_GH,EH250624_SocIso_6_Scoring_CH1_DL.xlsx,class_all_grooming,55.767,4.3
All_SocIso_GH,EH250624_SocIso_6_Scoring_CH1_DL.xlsx,class_all_grooming,60.367,2.8
All_SocIso_GH,EH250624_SocIso_6_Scoring_CH1_DL.xlsx,class_all_grooming,63.4,1.567
All_SocIso_GH,EH250624_SocIso_6_Scoring_CH1_DL.xlsx,class_all_grooming,65.167,5.8
All_SocIso_GH,EH250624_SocIso_6_Scoring_CH1_DL.xlsx,class_all_grooming,71.333,1.467
All_SocIso_GH,EH250624_SocIso_6_Scoring_CH1_DL.xlsx,class_all_grooming,73.1,1.733
All_SocIso_GH,EH250624_SocIso_6_Scoring_CH1_DL.xlsx,class_all_grooming,74.867,1.033
All_SocIso_GH,EH250624_SocIso_6_Scoring_CH1_DL.xlsx,class_all_grooming,76.033,4.634
All_SocIso_GH,EH250624_SocIso_6_Scoring_CH1_DL.xlsx,class_all_grooming,80.9,1.333
All_SocIso_GH,EH250624_SocIso_6_Scoring_CH1_DL.xlsx,class_all_grooming,82.267,2
All_SocIso_GH,EH250624_SocIso_6_Scoring_CH1_DL.xlsx,class_all_grooming,84.3,1.43300000000001
All_SocIso_GH,EH250624_SocIso_6_Scoring_CH1_DL.xlsx,class_all_grooming,85.967,1.133
All_SocIso_GH,EH250624_SocIso_6_Scoring_CH1_DL.xlsx,class_all_grooming,87.133,0.600000000000009
All_SocIso_GH,EH250624_SocIso_6_Scoring_CH1_DL.xlsx,class_all_grooming,87.767,0.466000000000008
All_SocIso_GH,EH250624_SocIso_6_Scoring_CH1_DL.xlsx,class_all_grooming,88.267,0.366
All_SocIso_GH,EH250624_SocIso_6_Scoring_CH1_DL.xlsx,class_all_grooming,104.9,3.06699999999999
All_SocIso_GH,EH250624_SocIso_6_Scoring_CH1_DL.xlsx,class_all_grooming,108.533,1.467
All_SocIso_GH,EH250624_SocIso_6_Scoring_CH1_DL.xlsx,class_all_grooming,110.033,1.53399999999999
All_SocIso_GH,EH250624_SocIso_6_Scoring_CH1_DL.xlsx,class_all_grooming,113.867,0.5
All_SocIso_GH,EH250624_SocIso_6_Scoring_CH1_DL.xlsx,class_all_grooming,114.4,1.66699999999999
All_SocIso_GH,EH250624_SocIso_6_Scoring_CH1_DL.xlsx,class_all_grooming,116.1,3.90000000000001
All_SocIso_GH,EH250624_SocIso_6_Scoring_CH1_DL.xlsx,class_all_grooming,120.1,0.466999999999999
All_SocIso_GH,EH250624_SocIso_6_Scoring_CH1_DL.xlsx,class_all_grooming,120.6,0.400000000000006
All_SocIso_GH,EH250624_SocIso_6_Scoring_CH1_DL.xlsx,class_all_grooming,121.033,0.933999999999997
All_SocIso_GH,EH250624_SocIso_6_Scoring_CH1_DL.xlsx,class_all_grooming,123.2,0.266999999999996
All_SocIso_GH,EH250624_SocIso_6_Scoring_CH1_DL.xlsx,class_all_grooming,123.5,0.733000000000004
All_SocIso_GH,EH250624_SocIso_6_Scoring_CH1_DL.xlsx,class_all_grooming,124.267,1.16600000000001
All_SocIso_GH,EH250624_SocIso_6_Scoring_CH1_DL.xlsx,class_all_grooming,125.467,0.400000000000006
All_SocIso_GH,EH250624_SocIso_6_Scoring_CH1_DL.xlsx,class_all_grooming,125.9,0.666999999999987
All_SocIso_GH,EH250624_SocIso_6_Scoring_CH1_DL.xlsx,class_all_grooming,126.6,0.76700000000001
All_SocIso_GH,EH250624_SocIso_6_Scoring_CH1_DL.xlsx,class_all_grooming,127.4,0.766999999999996
All_SocIso_GH,EH250624_SocIso_6_Scoring_CH1_DL.xlsx,class_all_grooming,128.2,0.63300000000001
All_SocIso_GH,EH250624_SocIso_6_Scoring_CH1_DL.xlsx,class_all_grooming,128.867,0.665999999999997
All_SocIso_GH,EH250624_SocIso_6_Scoring_CH1_DL.xlsx,class_all_grooming,130.9,0.36699999999999
All_SocIso_GH,EH250624_SocIso_6_Scoring_CH1_DL.xlsx,class_all_grooming,131.3,1
All_SocIso_GH,EH250624_SocIso_6_Scoring_CH1_DL.xlsx,class_all_grooming,132.333,3.46700000000001
All_SocIso_GH,EH250624_SocIso_6_Scoring_CH1_DL.xlsx,class_all_grooming,135.833,0.334000000000003
All_SocIso_GH,EH250624_SocIso_6_Scoring_CH1_DL.xlsx,class_all_grooming,136.2,0.63300000000001
All_SocIso_GH,EH250624_SocIso_6_Scoring_CH1_DL.xlsx,class_all_grooming,138.767,1.40000000000001
All_SocIso_GH,EH250624_SocIso_6_Scoring_CH1_DL.xlsx,class_all_grooming,151.667,1.19999999999999
All_SocIso_GH,EH250624_SocIso_6_Scoring_CH1_DL.xlsx,class_all_grooming,152.9,6.19999999999999
All_SocIso_GH,EH250624_SocIso_6_Scoring_CH1_DL.xlsx,class_all_grooming,166.833,0.734000000000009
All_SocIso_GH,EH250624_SocIso_6_Scoring_CH1_DL.xlsx,class_all_grooming,169.167,0.900000000000006
All_SocIso_GH,EH250624_SocIso_6_Scoring_CH1_DL.xlsx,class_all_grooming,170.1,2
All_SocIso_GH,EH250624_SocIso_6_Scoring_CH1_DL.xlsx,class_all_grooming,172.133,1.5
All_SocIso_GH,EH250624_SocIso_6_Scoring_CH1_DL.xlsx,class_all_grooming,176.1,2.90000000000001
All_SocIso_GH,EH250624_SocIso_6_Scoring_CH1_DL.xlsx,class_all_grooming,181.8,0.699999999999989
All_SocIso_GH,EH250624_SocIso_6_Scoring_CH1_DL.xlsx,class_all_grooming,182.667,1.5
All_SocIso_GH,EH250624_SocIso_6_Scoring_CH1_DL.xlsx,class_all_grooming,184.2,0.400000000000006
All_SocIso_GH,EH250624_SocIso_6_Scoring_CH1_DL.xlsx,class_all_grooming,185.833,1.53399999999999
All_SocIso_GH,EH250624_SocIso_6_Scoring_CH1_DL.xlsx,class_all_grooming,187.4,0.332999999999998
All_SocIso_GH,EH250624_SocIso_6_Scoring_CH1_DL.xlsx,class_all_grooming,187.767,0.966000000000008
All_SocIso_GH,EH250624_SocIso_6_Scoring_CH1_DL.xlsx,class_all_grooming,188.767,1.43299999999999
All_SocIso_GH,EH250624_SocIso_6_Scoring_CH1_DL.xlsx,class_all_grooming,190.567,1.233
All_SocIso_GH,EH250624_SocIso_6_Scoring_CH1_DL.xlsx,class_all_grooming,191.833,1.46700000000001
All_SocIso_GH,EH250624_SocIso_6_Scoring_CH1_DL.xlsx,class_all_grooming,193.733,4.09999999999999
All_SocIso_GH,EH250624_SocIso_6_Scoring_CH1_DL.xlsx,class_all_grooming,197.867,2.40000000000001
All_SocIso_GH,EH250624_SocIso_6_Scoring_CH1_DL.xlsx,class_all_grooming,200.467,4
All_SocIso_GH,EH250624_SocIso_6_Scoring_CH1_DL.xlsx,class_all_grooming,204.5,2.40000000000001
All_SocIso_GH,EH250624_SocIso_6_Scoring_CH1_DL.xlsx,class_all_grooming,207.233,3.46699999999998
All_SocIso_GH,EH250624_SocIso_6_Scoring_CH1_DL.xlsx,class_all_grooming,210.733,1.59999999999999
All_SocIso_GH,EH250624_SocIso_6_Scoring_CH1_DL.xlsx,class_all_grooming,212.667,4.733
All_SocIso_GH,EH250624_SocIso_6_Scoring_CH1_DL.xlsx,class_all_grooming,217.667,9.43299999999999
All_SocIso_GH,EH250624_SocIso_6_Scoring_CH1_DL.xlsx,class_all_grooming,227.667,2.19999999999999
All_SocIso_GH,EH250624_SocIso_6_Scoring_CH1_DL.xlsx,class_all_grooming,229.9,10.567
All_SocIso_GH,EH250624_SocIso_6_Scoring_CH1_DL.xlsx,class_all_grooming,240.933,1.09999999999999
All_SocIso_GH,EH250624_SocIso_6_Scoring_CH1_DL.xlsx,class_all_grooming,242.067,2.19999999999999
All_SocIso_GH,EH250624_SocIso_6_Scoring_CH1_DL.xlsx,class_all_grooming,244.3,17.2
All_SocIso_GH,EH250624_SocIso_6_Scoring_CH1_DL.xlsx,class_all_grooming,261.533,1.69999999999999
All_SocIso_GH,EH250624_SocIso_6_Scoring_CH1_DL.xlsx,class_all_grooming,263.267,3.03300000000002
All_SocIso_GH,EH250624_SocIso_6_Scoring_CH1_DL.xlsx,class_all_grooming,266.333,0.433999999999969
All_SocIso_GH,EH250624_SocIso_6_Scoring_CH1_DL.xlsx,class_all_grooming,266.8,2.36699999999996
All_SocIso_GH,EH250624_SocIso_6_Scoring_CH1_DL.xlsx,head,87.133,0.600000000000009
All_SocIso_GH,EH250624_SocIso_6_Scoring_CH1_DL.xlsx,head,88.267,0.366
All_SocIso_GH,EH250624_SocIso_6_Scoring_CH1_DL.xlsx,head,120.6,0.400000000000006
All_SocIso_GH,EH250624_SocIso_6_Scoring_CH1_DL.xlsx,head,123.2,0.266999999999996
All_SocIso_GH,EH250624_SocIso_6_Scoring_CH1_DL.xlsx,head,124.267,1.16600000000001
All_SocIso_GH,EH250624_SocIso_6_Scoring_CH1_DL.xlsx,head,125.9,0.666999999999987
All_SocIso_GH,EH250624_SocIso_6_Scoring_CH1_DL.xlsx,head,127.4,0.766999999999996
All_SocIso_GH,EH250624_SocIso_6_Scoring_CH1_DL.xlsx,head,128.867,0.665999999999997
All_SocIso_GH,EH250624_SocIso_6_Scoring_CH1_DL.xlsx,head,130.9,0.36699999999999
All_SocIso_GH,EH250624_SocIso_6_Scoring_CH1_DL.xlsx,head,132.333,3.46700000000001
All_SocIso_GH,EH250624_SocIso_6_Scoring_CH1_DL.xlsx,head,136.2,0.63300000000001
All_SocIso_GH,EH250624_SocIso_6_Scoring_CH1_DL.xlsx,head,138.767,1.40000000000001
All_SocIso_GH,EH250624_SocIso_6_Scoring_CH1_DL.xlsx,rubbing,6.3,4.167
All_SocIso_GH,EH250624_SocIso_6_Scoring_CH1_DL.xlsx,rubbing,10.567,0.433
All_SocIso_GH,EH250624_SocIso_6_Scoring_CH1_DL.xlsx,rubbing,11.033,0.767000000000001
All_SocIso_GH,EH250624_SocIso_6_Scoring_CH1_DL.xlsx,rubbing,11.833,1.767
All_SocIso_GH,EH250624_SocIso_6_Scoring_CH1_DL.xlsx,rubbing,13.833,0.699999999999999
All_SocIso_GH,EH250624_SocIso_6_Scoring_CH1_DL.xlsx,rubbing,28.4,1.667
All_SocIso_GH,EH250624_SocIso_6_Scoring_CH1_DL.xlsx,rubbing,35.567,1.7
All_SocIso_GH,EH250624_SocIso_6_Scoring_CH1_DL.xlsx,rubbing,52.733,1.867
All_SocIso_GH,EH250624_SocIso_6_Scoring_CH1_DL.xlsx,rubbing,55.767,4.3
All_SocIso_GH,EH250624_SocIso_6_Scoring_CH1_DL.xlsx,rubbing,63.4,1.567
All_SocIso_GH,EH250624_SocIso_6_Scoring_CH1_DL.xlsx,rubbing,71.333,1.467
All_SocIso_GH,EH250624_SocIso_6_Scoring_CH1_DL.xlsx,rubbing,74.867,1.033
All_SocIso_GH,EH250624_SocIso_6_Scoring_CH1_DL.xlsx,rubbing,84.3,1.43300000000001
All_SocIso_GH,EH250624_SocIso_6_Scoring_CH1_DL.xlsx,rubbing,85.967,1.133
All_SocIso_GH,EH250624_SocIso_6_Scoring_CH1_DL.xlsx,rubbing,87.767,0.466000000000008
All_SocIso_GH,EH250624_SocIso_6_Scoring_CH1_DL.xlsx,rubbing,104.9,3.06699999999999
All_SocIso_GH,EH250624_SocIso_6_Scoring_CH1_DL.xlsx,rubbing,108.533,1.467
All_SocIso_GH,EH250624_SocIso_6_Scoring_CH1_DL.xlsx,rubbing,110.033,1.53399999999999
All_SocIso_GH,EH250624_SocIso_6_Scoring_CH1_DL.xlsx,rubbing,113.867,0.5
All_SocIso_GH,EH250624_SocIso_6_Scoring_CH1_DL.xlsx,rubbing,114.4,1.66699999999999
All_SocIso_GH,EH250624_SocIso_6_Scoring_CH1_DL.xlsx,rubbing,116.1,3.90000000000001
All_SocIso_GH,EH250624_SocIso_6_Scoring_CH1_DL.xlsx,rubbing,120.1,0.466999999999999
All_SocIso_GH,EH250624_SocIso_6_Scoring_CH1_DL.xlsx,rubbing,121.033,0.933999999999997
All_SocIso_GH,EH250624_SocIso_6_Scoring_CH1_DL.xlsx,rubbing,123.5,0.733000000000004
All_SocIso_GH,EH250624_SocIso_6_Scoring_CH1_DL.xlsx,rubbing,125.467,0.400000000000006
All_SocIso_GH,EH250624_SocIso_6_Scoring_CH1_DL.xlsx,rubbing,126.6,0.76700000000001
All_SocIso_GH,EH250624_SocIso_6_Scoring_CH1_DL.xlsx,rubbing,128.2,0.63300000000001
All_SocIso_GH,EH250624_SocIso_6_Scoring_CH1_DL.xlsx,rubbing,131.3,1
All_SocIso_GH,EH250624_SocIso_6_Scoring_CH1_DL.xlsx,rubbing,135.833,0.334000000000003
All_SocIso_GH,EH250624_SocIso_6_Scoring_CH1_DL.xlsx,rubbing,151.667,1.19999999999999
All_SocIso_GH,EH250624_SocIso_6_Scoring_CH1_DL.xlsx,rubbing,152.9,6.19999999999999
All_SocIso_GH,EH250624_SocIso_6_Scoring_CH1_DL.xlsx,rubbing,166.833,0.734000000000009
All_SocIso_GH,EH250624_SocIso_6_Scoring_CH1_DL.xlsx,rubbing,169.167,0.900000000000006
All_SocIso_GH,EH250624_SocIso_6_Scoring_CH1_DL.xlsx,rubbing,170.1,2
All_SocIso_GH,EH250624_SocIso_6_Scoring_CH1_DL.xlsx,rubbing,172.133,1.5
All_SocIso_GH,EH250624_SocIso_6_Scoring_CH1_DL.xlsx,rubbing,176.1,2.90000000000001
All_SocIso_GH,EH250624_SocIso_6_Scoring_CH1_DL.xlsx,rubbing,181.8,0.699999999999989
All_SocIso_GH,EH250624_SocIso_6_Scoring_CH1_DL.xlsx,rubbing,182.667,1.5
All_SocIso_GH,EH250624_SocIso_6_Scoring_CH1_DL.xlsx,rubbing,184.2,0.400000000000006
All_SocIso_GH,EH250624_SocIso_6_Scoring_CH1_DL.xlsx,rubbing,187.4,0.332999999999998
All_SocIso_GH,EH250624_SocIso_6_Scoring_CH1_DL.xlsx,rubbing,188.767,1.43299999999999
All_SocIso_GH,EH250624_SocIso_6_Scoring_CH1_DL.xlsx,rubbing,191.833,1.46700000000001
All_SocIso_GH,EH250624_SocIso_6_Scoring_CH1_DL.xlsx,rubbing,197.867,2.40000000000001
All_SocIso_GH,EH250624_SocIso_6_Scoring_CH1_DL.xlsx,rubbing,204.5,2.40000000000001
All_SocIso_GH,EH250624_SocIso_6_Scoring_CH1_DL.xlsx,rubbing,210.733,1.59999999999999
All_SocIso_GH,EH250624_SocIso_6_Scoring_CH1_DL.xlsx,rubbing,217.667,9.43299999999999
All_SocIso_GH,EH250624_SocIso_6_Scoring_CH1_DL.xlsx,rubbing,229.9,10.567
All_SocIso_GH,EH250624_SocIso_6_Scoring_CH1_DL.xlsx,rubbing,240.933,1.09999999999999
All_SocIso_GH,EH250624_SocIso_6_Scoring_CH1_DL.xlsx,rubbing,244.3,17.2
All_SocIso_GH,EH250624_SocIso_6_Scoring_CH1_DL.xlsx,rubbing,263.267,3.03300000000002
All_SocIso_GH,EH250624_SocIso_6_Scoring_CH1_DL.xlsx,rubbing,266.8,2.36699999999996
All_SocIso_GH,EH250624_SocIso_6_Scoring_CH1_DL.xlsx,thorax,82.267,2
All_SocIso_GH,EH250624_SocIso_6_Scoring_CH1_DL.xlsx,wing,60.367,2.8
All_SocIso_GH,EH250624_SocIso_6_Scoring_CH1_DL.xlsx,wing,65.167,5.8
All_SocIso_GH,EH250624_SocIso_6_Scoring_CH1_DL.xlsx,wing,73.1,1.733
All_SocIso_GH,EH250624_SocIso_6_Scoring_CH1_DL.xlsx,wing,76.033,4.634
All_SocIso_GH,EH250624_SocIso_6_Scoring_CH1_DL.xlsx,wing,80.9,1.333
All_SocIso_GH,EH250624_SocIso_6_Scoring_CH1_DL.xlsx,wing,200.467,4
All_SocIso_GH,EH250624_SocIso_6_Scoring_CH1_DL.xlsx,wing,207.233,3.46699999999998
All_SocIso_GH,EH250624_SocIso_6_Scoring_CH1_DL.xlsx,wing,212.667,4.733
All_SocIso_GH,EH250624_SocIso_6_Scoring_CH2_DL.xlsx,abdominal,13.167,0.266
All_SocIso_GH,EH250624_SocIso_6_Scoring_CH2_DL.xlsx,abdominal,132.1,0.367000000000019
All_SocIso_GH,EH250624_SocIso_6_Scoring_CH2_DL.xlsx,abdominal,134.267,1.93299999999999
All_SocIso_GH,EH250624_SocIso_6_Scoring_CH2_DL.xlsx,class_all_grooming,0,1.433
All_SocIso_GH,EH250624_SocIso_6_Scoring_CH2_DL.xlsx,class_all_grooming,1.933,0.467
All_SocIso_GH,EH250624_SocIso_6_Scoring_CH2_DL.xlsx,class_all_grooming,13.167,0.266
All_SocIso_GH,EH250624_SocIso_6_Scoring_CH2_DL.xlsx,class_all_grooming,13.467,2.966
All_SocIso_GH,EH250624_SocIso_6_Scoring_CH2_DL.xlsx,class_all_grooming,16.6,1.467
All_SocIso_GH,EH250624_SocIso_6_Scoring_CH2_DL.xlsx,class_all_grooming,88.2,3.06699999999999
All_SocIso_GH,EH250624_SocIso_6_Scoring_CH2_DL.xlsx,class_all_grooming,97.167,4.89999999999999
All_SocIso_GH,EH250624_SocIso_6_Scoring_CH2_DL.xlsx,class_all_grooming,102.533,8.434
All_SocIso_GH,EH250624_SocIso_6_Scoring_CH2_DL.xlsx,class_all_grooming,111,0.599999999999994
All_SocIso_GH,EH250624_SocIso_6_Scoring_CH2_DL.xlsx,class_all_grooming,111.633,1.5
All_SocIso_GH,EH250624_SocIso_6_Scoring_CH2_DL.xlsx,class_all_grooming,113.167,2.633
All_SocIso_GH,EH250624_SocIso_6_Scoring_CH2_DL.xlsx,class_all_grooming,115.833,2.267
All_SocIso_GH,EH250624_SocIso_6_Scoring_CH2_DL.xlsx,class_all_grooming,120.533,0.400000000000006
All_SocIso_GH,EH250624_SocIso_6_Scoring_CH2_DL.xlsx,class_all_grooming,120.967,1.3
All_SocIso_GH,EH250624_SocIso_6_Scoring_CH2_DL.xlsx,class_all_grooming,122.3,0.567000000000007
All_SocIso_GH,EH250624_SocIso_6_Scoring_CH2_DL.xlsx,class_all_grooming,122.9,0.766999999999996
All_SocIso_GH,EH250624_SocIso_6_Scoring_CH2_DL.xlsx,class_all_grooming,123.7,0.5
All_SocIso_GH,EH250624_SocIso_6_Scoring_CH2_DL.xlsx,class_all_grooming,124.233,0.433999999999997
All_SocIso_GH,EH250624_SocIso_6_Scoring_CH2_DL.xlsx,class_all_grooming,124.833,0.233999999999995
All_SocIso_GH,EH250624_SocIso_6_Scoring_CH2_DL.xlsx,class_all_grooming,126.133,2.50000000000001
All_SocIso_GH,EH250624_SocIso_6_Scoring_CH2_DL.xlsx,class_all_grooming,130.4,1.19999999999999
All_SocIso_GH,EH250624_SocIso_6_Scoring_CH2_DL.xlsx,class_all_grooming,132.1,0.367000000000019
All_SocIso_GH,EH250624_SocIso_6_Scoring_CH2_DL.xlsx,class_all_grooming,132.5,0.733000000000004
All_SocIso_GH,EH250624_SocIso_6_Scoring_CH2_DL.xlsx,class_all_grooming,133.267,0.733000000000004
All_SocIso_GH,EH250624_SocIso_6_Scoring_CH2_DL.xlsx,class_all_grooming,134.267,1.93299999999999
All_SocIso_GH,EH250624_SocIso_6_Scoring_CH2_DL.xlsx,class_all_grooming,136.233,0.667000000000002
All_SocIso_GH,EH250624_SocIso_6_Scoring_CH2_DL.xlsx,class_all_grooming,137.267,1.733
All_SocIso_GH,EH250624_SocIso_6_Scoring_CH2_DL.xlsx,class_all_grooming,139.4,9.46699999999998
All_SocIso_GH,EH250624_SocIso_6_Scoring_CH2_DL.xlsx,class_all_grooming,148.9,0.5
All_SocIso_GH,EH250624_SocIso_6_Scoring_CH2_DL.xlsx,class_all_grooming,150,2.86699999999999
All_SocIso_GH,EH250624_SocIso_6_Scoring_CH2_DL.xlsx,class_all_grooming,153.1,2.43299999999999
All_SocIso_GH,EH250624_SocIso_6_Scoring_CH2_DL.xlsx,class_all_grooming,155.567,0.96599999999998
All_SocIso_GH,EH250624_SocIso_6_Scoring_CH2_DL.xlsx,class_all_grooming,156.633,2.09999999999999
All_SocIso_GH,EH250624_SocIso_6_Scoring_CH2_DL.xlsx,class_all_grooming,158.9,0.932999999999993
All_SocIso_GH,EH250624_SocIso_6_Scoring_CH2_DL.xlsx,class_all_grooming,160.467,11.833
All_SocIso_GH,EH250624_SocIso_6_Scoring_CH2_DL.xlsx,class_all_grooming,172.5,2.56700000000001
All_SocIso_GH,EH250624_SocIso_6_Scoring_CH2_DL.xlsx,class_all_grooming,175.1,0.867000000000019
All_SocIso_GH,EH250624_SocIso_6_Scoring_CH2_DL.xlsx,class_all_grooming,177.267,3.93299999999999
All_SocIso_GH,EH250624_SocIso_6_Scoring_CH2_DL.xlsx,class_all_grooming,181.233,0.567000000000007
All_SocIso_GH,EH250624_SocIso_6_Scoring_CH2_DL.xlsx,class_all_grooming,181.833,5.667
All_SocIso_GH,EH250624_SocIso_6_Scoring_CH2_DL.xlsx,class_all_grooming,187.633,5.03399999999999
All_SocIso_GH,EH250624_SocIso_6_Scoring_CH2_DL.xlsx,class_all_grooming,192.7,0.467000000000013
All_SocIso_GH,EH250624_SocIso_6_Scoring_CH2_DL.xlsx,class_all_grooming,193.333,2.667
All_SocIso_GH,EH250624_SocIso_6_Scoring_CH2_DL.xlsx,class_all_grooming,196.033,1.03400000000002
All_SocIso_GH,EH250624_SocIso_6_Scoring_CH2_DL.xlsx,class_all_grooming,197.1,4.267
All_SocIso_GH,EH250624_SocIso_6_Scoring_CH2_DL.xlsx,class_all_grooming,201.4,1.40000000000001
All_SocIso_GH,EH250624_SocIso_6_Scoring_CH2_DL.xlsx,class_all_grooming,206.333,6.69999999999999
All_SocIso_GH,EH250624_SocIso_6_Scoring_CH2_DL.xlsx,class_all_grooming,213.067,0.432999999999993
All_SocIso_GH,EH250624_SocIso_6_Scoring_CH2_DL.xlsx,class_all_grooming,255.667,3.70000000000002
All_SocIso_GH,EH250624_SocIso_6_Scoring_CH2_DL.xlsx,class_all_grooming,259.533,3.73399999999998
All_SocIso_GH,EH250624_SocIso_6_Scoring_CH2_DL.xlsx,class_all_grooming,263.4,1.86700000000002
All_SocIso_GH,EH250624_SocIso_6_Scoring_CH2_DL.xlsx,class_all_grooming,276.967,1.26600000000002
All_SocIso_GH,EH250624_SocIso_6_Scoring_CH2_DL.xlsx,class_all_grooming,279.067,6.39999999999998
All_SocIso_GH,EH250624_SocIso_6_Scoring_CH2_DL.xlsx,head,1.933,0.467
All_SocIso_GH,EH250624_SocIso_6_Scoring_CH2_DL.xlsx,head,111,0.599999999999994
All_SocIso_GH,EH250624_SocIso_6_Scoring_CH2_DL.xlsx,head,113.167,2.633
All_SocIso_GH,EH250624_SocIso_6_Scoring_CH2_DL.xlsx,head,122.3,0.567000000000007
All_SocIso_GH,EH250624_SocIso_6_Scoring_CH2_DL.xlsx,head,123.7,0.5
All_SocIso_GH,EH250624_SocIso_6_Scoring_CH2_DL.xlsx,head,124.233,0.433999999999997
All_SocIso_GH,EH250624_SocIso_6_Scoring_CH2_DL.xlsx,head,124.833,0.233999999999995
All_SocIso_GH,EH250624_SocIso_6_Scoring_CH2_DL.xlsx,rubbing,0,1.433
All_SocIso_GH,EH250624_SocIso_6_Scoring_CH2_DL.xlsx,rubbing,88.2,3.06699999999999
All_SocIso_GH,EH250624_SocIso_6_Scoring_CH2_DL.xlsx,rubbing,97.167,4.89999999999999
All_SocIso_GH,EH250624_SocIso_6_Scoring_CH2_DL.xlsx,rubbing,102.533,8.434
All_SocIso_GH,EH250624_SocIso_6_Scoring_CH2_DL.xlsx,rubbing,111.633,1.5
All_SocIso_GH,EH250624_SocIso_6_Scoring_CH2_DL.xlsx,rubbing,115.833,2.267
All_SocIso_GH,EH250624_SocIso_6_Scoring_CH2_DL.xlsx,rubbing,120.533,0.400000000000006
All_SocIso_GH,EH250624_SocIso_6_Scoring_CH2_DL.xlsx,rubbing,120.967,1.3
All_SocIso_GH,EH250624_SocIso_6_Scoring_CH2_DL.xlsx,rubbing,122.9,0.766999999999996
All_SocIso_GH,EH250624_SocIso_6_Scoring_CH2_DL.xlsx,rubbing,126.133,2.50000000000001
All_SocIso_GH,EH250624_SocIso_6_Scoring_CH2_DL.xlsx,rubbing,130.4,1.19999999999999
All_SocIso_GH,EH250624_SocIso_6_Scoring_CH2_DL.xlsx,rubbing,133.267,0.733000000000004
All_SocIso_GH,EH250624_SocIso_6_Scoring_CH2_DL.xlsx,rubbing,137.267,1.733
All_SocIso_GH,EH250624_SocIso_6_Scoring_CH2_DL.xlsx,rubbing,139.4,9.46699999999998
All_SocIso_GH,EH250624_SocIso_6_Scoring_CH2_DL.xlsx,rubbing,148.9,0.5
All_SocIso_GH,EH250624_SocIso_6_Scoring_CH2_DL.xlsx,rubbing,150,2.86699999999999
All_SocIso_GH,EH250624_SocIso_6_Scoring_CH2_DL.xlsx,rubbing,153.1,2.43299999999999
All_SocIso_GH,EH250624_SocIso_6_Scoring_CH2_DL.xlsx,rubbing,155.567,0.96599999999998
All_SocIso_GH,EH250624_SocIso_6_Scoring_CH2_DL.xlsx,rubbing,156.633,2.09999999999999
All_SocIso_GH,EH250624_SocIso_6_Scoring_CH2_DL.xlsx,rubbing,158.9,0.932999999999993
All_SocIso_GH,EH250624_SocIso_6_Scoring_CH2_DL.xlsx,rubbing,160.467,11.833
All_SocIso_GH,EH250624_SocIso_6_Scoring_CH2_DL.xlsx,rubbing,172.5,2.56700000000001
All_SocIso_GH,EH250624_SocIso_6_Scoring_CH2_DL.xlsx,rubbing,175.1,0.867000000000019
All_SocIso_GH,EH250624_SocIso_6_Scoring_CH2_DL.xlsx,rubbing,177.267,3.93299999999999
All_SocIso_GH,EH250624_SocIso_6_Scoring_CH2_DL.xlsx,rubbing,181.233,0.567000000000007
All_SocIso_GH,EH250624_SocIso_6_Scoring_CH2_DL.xlsx,rubbing,181.833,5.667
All_SocIso_GH,EH250624_SocIso_6_Scoring_CH2_DL.xlsx,rubbing,187.633,5.03399999999999
All_SocIso_GH,EH250624_SocIso_6_Scoring_CH2_DL.xlsx,rubbing,192.7,0.467000000000013
All_SocIso_GH,EH250624_SocIso_6_Scoring_CH2_DL.xlsx,rubbing,193.333,2.667
All_SocIso_GH,EH250624_SocIso_6_Scoring_CH2_DL.xlsx,rubbing,196.033,1.03400000000002
All_SocIso_GH,EH250624_SocIso_6_Scoring_CH2_DL.xlsx,rubbing,197.1,4.267
All_SocIso_GH,EH250624_SocIso_6_Scoring_CH2_DL.xlsx,rubbing,206.333,6.69999999999999
All_SocIso_GH,EH250624_SocIso_6_Scoring_CH2_DL.xlsx,rubbing,213.067,0.432999999999993
All_SocIso_GH,EH250624_SocIso_6_Scoring_CH2_DL.xlsx,rubbing,255.667,3.70000000000002
All_SocIso_GH,EH250624_SocIso_6_Scoring_CH2_DL.xlsx,rubbing,259.533,3.73399999999998
All_SocIso_GH,EH250624_SocIso_6_Scoring_CH2_DL.xlsx,rubbing,263.4,1.86700000000002
All_SocIso_GH,EH250624_SocIso_6_Scoring_CH2_DL.xlsx,rubbing,276.967,1.26600000000002
All_SocIso_GH,EH250624_SocIso_6_Scoring_CH2_DL.xlsx,rubbing,279.067,6.39999999999998
All_SocIso_GH,EH250624_SocIso_6_Scoring_CH2_DL.xlsx,wing,13.467,2.966
All_SocIso_GH,EH250624_SocIso_6_Scoring_CH2_DL.xlsx,wing,16.6,1.467
All_SocIso_GH,EH250624_SocIso_6_Scoring_CH2_DL.xlsx,wing,132.5,0.733000000000004
All_SocIso_GH,EH250624_SocIso_6_Scoring_CH2_DL.xlsx,wing,136.233,0.667000000000002
All_SocIso_GH,EH250624_SocIso_6_Scoring_CH2_DL.xlsx,wing,201.4,1.40000000000001